ActualTime,Ax watch,Ay watch,Az watch,Gx watch,Gy watch,Gz watch,Ax esense,Ay esense,Az esense,Gx esense,Gy esense,Gz esense,Combined_Action_Sum
2025-06-27 12:50:50.052,4.122815132141113,-12.995726585388184,8.087613105773926,-0.171042263507843,0.7757988572120667,1.0018190145492554,-7382,-2787,4310,72,8,-52,7
2025-06-27 12:50:50.352,-2.3487119674682617,-3.576937437057495,4.697423934936523,3.645643711090088,2.841745138168335,2.434908866882324,-7718,-2857,4248,284,350,308,7
2025-06-27 12:50:50.470,-2.3487119674682617,-3.576937437057495,4.697423934936523,3.645643711090088,2.841745138168335,2.434908866882324,-7718,-2857,4248,284,350,308,7
2025-06-27 12:50:50.667,0.272938996553421,1.81959331035614,8.62391471862793,0.912632703781128,-1.4758504629135132,0.2932153046131134,-7629,-2762,3826,635,600,-246,7
2025-06-27 12:50:50.852,-0.2657563984394073,5.999869346618652,9.799467086791992,1.1349875926971436,-0.221133217215538,0.2541199326515198,-7233,-3877,4686,2597,-436,-2148,7
2025-06-27 12:50:50.952,-0.4692635238170624,0.2801215946674347,9.006986618041992,-0.6255260109901428,0.1624901592731475,0.3909537494182586,-6902,-3674,4598,2006,-434,-1380,7
2025-06-27 12:50:51.160,-0.7445967197418213,2.2002713680267334,10.323798179626465,0.513126790523529,0.7318165898323059,0.8649851679801941,-6902,-3269,5045,1910,-263,-320,7
2025-06-27 12:50:51.252,-2.985569477081299,4.707000732421875,7.086836814880371,0.0965167060494422,1.0592403411865234,1.6823228597640991,-7225,-3240,4993,-98,-19,33,7
2025-06-27 12:50:51.452,-2.3487119674682617,6.019022941589356,7.405265808105469,-0.636521577835083,0.5962044596672058,1.7189748287200928,-7282,-3186,5201,-25,484,1375,7
2025-06-27 12:50:51.972,-0.1771709322929382,2.499546527862549,9.821015357971191,-0.998153805732727,0.7110471725463867,0.0696386396884918,-7652,-3351,3222,416,556,39,7
2025-06-27 12:50:52.152,-1.6974890232086182,0.8259995579719543,8.911218643188477,0.0623082555830478,0.5424483418464661,-0.280998021364212,-7685,-3211,3308,754,259,330,7
2025-06-27 12:50:52.269,-2.760514497756958,2.188300371170044,12.282255172729492,0.9065240025520324,0.5949827432632446,0.2186897546052932,-7372,-3415,3649,3089,984,743,7
2025-06-27 12:50:52.464,-2.880224704742432,6.078877925872803,3.2178070545196533,1.5149458646774292,0.0855211317539215,-1.602910399436951,-7678,-2598,3324,2713,588,252,7
2025-06-27 12:50:52.552,-2.580949544906616,-3.335123062133789,10.350133895874023,-0.4630358517169952,-1.2107349634170532,-2.1930062770843506,-8236,-2020,3606,2169,852,-294,7
2025-06-27 12:50:52.771,0.524330198764801,-2.63362193107605,13.2710599899292,-0.3323107063770294,-1.1276572942733765,-0.6218608021736145,-8238,-2009,3623,1667,628,93,7
2025-06-27 12:50:52.852,0.545877993106842,-1.2186486721038818,10.448296546936035,1.0128145217895508,-0.4715879559516907,-0.1747074574232101,-7653,-2282,3817,-162,-900,805,7
2025-06-27 12:50:53.052,-0.0646434426307678,-0.5219359993934631,9.521739959716797,-0.3787364661693573,-0.0439822971820831,0.0488692186772823,-7886,-2155,3525,73,499,-75,7
2025-06-27 12:50:53.352,-5.386953830718994,-3.7493197917938232,4.422090530395508,-4.365242958068848,-0.1942551434040069,1.8985692262649536,-7624,-2008,4115,-180,-637,29,7
2025-06-27 12:50:53.451,-5.772420406341553,-7.398083209991455,5.882553577423096,-1.0836749076843262,-0.8698720932006836,0.5656611919403076,-7635,-1749,3918,-1236,-596,-353,7
2025-06-27 12:50:53.967,-7.41484260559082,-4.134786128997803,4.857835292816162,2.3664920330047607,0.361632227897644,1.3072515726089478,-7440,-3879,4107,175,-224,-697,7
2025-06-27 12:50:54.160,-6.983886241912842,0.5099649429321289,5.305551052093506,1.8680258989334104,0.2834414839744568,0.8319984674453735,-6866,-4203,4609,1814,-1559,-3647,7
2025-06-27 12:50:54.453,-7.225700855255127,4.086902141571045,4.412513732910156,1.303586483001709,0.1331686228513717,0.3408628106117248,-5356,-5304,5282,314,-601,-4231,7
2025-06-27 12:50:54.666,-7.520187377929687,4.891354084014893,3.3231520652771,0.6230825781822205,0.1588249653577804,0.0195476878434419,-5024,-6041,5253,-457,-225,-961,7
2025-06-27 12:50:54.953,-7.647080421447754,5.382165431976318,2.5258827209472656,0.2467895597219467,0.0439822971820831,0.0268780700862407,-3933,-6749,5920,208,269,-1390,7
2025-06-27 12:50:55.264,-7.29034423828125,5.758055210113525,2.138022184371948,0.2333505302667617,0.0280998013913631,0.0549778714776039,-4165,-6389,5572,-279,332,-525,7
2025-06-27 12:50:55.573,-7.2352776527404785,4.924872875213623,2.4181437492370605,-0.098960168659687,-0.1001818999648094,-0.1087340116500854,-3233,-6939,6000,-263,-41,-348,7
2025-06-27 12:50:55.651,-7.726089000701904,4.891354084014893,2.585737943649292,-0.2235766798257827,-0.0342084541916847,-0.0867428630590438,-3610,-6638,5983,-99,174,-264,7
2025-06-27 12:50:55.768,-7.726089000701904,4.891354084014893,2.585737943649292,-0.2235766798257827,-0.0342084541916847,-0.0867428630590438,-3631,-6623,5947,49,374,-317,7
2025-06-27 12:50:55.852,-7.261613845825195,4.513070106506348,2.8874073028564453,-0.616973876953125,-0.230907067656517,-0.4728097021579742,-3661,-6998,5939,-344,342,-163,7
2025-06-27 12:50:56.352,-7.608773231506348,-4.67827033996582,5.044582843780518,-0.3860668241977691,-0.0329867228865623,-1.3829989433288574,-6096,-5457,4002,-2891,2208,5917,7
2025-06-27 12:50:56.458,-6.900089263916016,-5.966350555419922,4.477157115936279,-0.2272418737411499,-0.197920337319374,-1.0739010572433472,-6592,-4710,3682,-2476,1938,4932,7
2025-06-27 12:50:56.552,-6.215347766876221,-5.458779811859131,4.922478675842285,0.3958406746387481,-0.2797762751579284,-0.7672467231750488,-7516,-3751,3033,-2178,1573,3494,7
2025-06-27 12:50:56.957,-3.5003228187561035,-7.3238630294799805,5.4013190269470215,-0.107512280344963,0.0342084541916847,0.1343903541564941,-7634,-3440,2444,-1166,883,1713,7
2025-06-27 12:50:57.451,-3.778050184249878,-7.33583402633667,4.6734819412231445,-0.7428121566772461,-1.1936306953430176,0.0146607663482427,-7973,-2450,2686,-566,29,512,7
2025-06-27 12:50:57.552,-3.778050184249878,-7.33583402633667,4.6734819412231445,-0.7428121566772461,-1.1936306953430176,0.0146607663482427,-8016,-2527,2268,-485,65,-28,7
2025-06-27 12:50:57.652,-2.7054479122161865,-7.283161640167236,7.714118003845215,0.6866125464439392,-0.720820963382721,-0.0720821022987365,-8033,-2475,2591,-104,16,78,7
2025-06-27 12:50:57.751,-3.6559460163116455,-3.294421434402466,6.605602264404297,1.835039138793945,0.6389650702476501,-0.5497786998748779,-7673,-2493,2898,-292,-429,-65,7
2025-06-27 12:50:58.068,0.3902548849582672,-2.4205379486083984,9.126696586608888,1.016479730606079,-0.7183775305747986,-0.171042263507843,-7423,-2276,2432,-1050,87,-88,7
2025-06-27 12:50:58.352,2.959233283996582,0.1412578970193863,10.32858657836914,-0.0085521135479211,0.2541199326515198,-0.0574213340878486,-7884,-3051,2260,-170,317,-479,7
2025-06-27 12:50:58.452,-4.137180328369141,-6.66785192489624,5.494692802429199,-5.960823059082031,1.7092009782791138,1.3231340646743774,-7758,-2509,2655,-778,526,592,7
2025-06-27 12:50:58.653,-5.504269599914551,-8.695740699768066,4.642356872558594,-1.1215485334396362,-0.3371976017951965,0.180816113948822,-8124,-2248,1723,-1149,879,1904,7
2025-06-27 12:50:58.952,-4.438849925994873,-7.357381820678711,3.3734302520751958,0.0036651915870606,-0.1356120854616165,0.1600466966629028,-8225,-1304,2511,1653,-1369,495,7
2025-06-27 12:50:59.152,-4.764461517333984,-8.161833763122559,5.74129581451416,2.6474900245666504,-0.361632227897644,-0.058643065392971,-7817,-1091,3160,314,-437,513,7
2025-06-27 12:50:59.251,-4.086902141571045,-4.376600742340088,6.27280855178833,2.3127357959747314,-0.6939429044723511,0.1014036312699318,-7900,-1120,2971,-600,-35,191,7
2025-06-27 12:50:59.473,-3.0573954582214355,-2.6647465229034424,10.359710693359377,1.3426817655563354,-0.4251621961593628,0.4386012554168701,-8258,-1549,3072,886,-74,-127,7
2025-06-27 12:50:59.580,-2.8395233154296875,-1.8339585065841677,6.766014099121094,0.5791002511978149,-0.2333505302667617,0.2296853363513946,-7918,-987,2791,1369,-85,-173,7
2025-06-27 12:50:59.776,-3.021482467651367,-0.7541735172271729,9.009381294250488,-0.1026253625750541,0.0549778714776039,0.140499010682106,-8244,-1385,3079,821,-348,-680,7
2025-06-27 12:50:59.951,-3.40216064453125,-1.173158884048462,8.159439086914062,0.0708603709936142,-0.1563815027475357,0.2748893499374389,-8314,-1459,2957,-542,-216,-223,7
2025-06-27 12:51:00.152,-1.8171991109848025,2.274491548538208,7.63989782333374,0.4911356568336487,-0.3995058834552765,-0.2663372457027435,-8007,-1756,3308,-106,-552,-178,7
2025-06-27 12:51:00.257,-1.6400281190872192,3.8738183975219727,13.776236534118652,1.084896683692932,0.1331686228513717,-0.0794124826788902,-7811,-1877,3267,289,134,-221,7
2025-06-27 12:51:00.352,-1.3862427473068235,3.3494882583618164,8.992621421813965,-1.1826350688934326,-0.0647517144680023,-0.0659734457731247,-8201,-1878,3206,40,308,-220,7
2025-06-27 12:51:00.568,-3.117250680923462,-1.9249382019042969,8.908824920654297,-0.8955284357070923,0.1148426681756973,0.2089159190654754,-7854,-2080,3414,-537,-370,91,7
2025-06-27 12:51:00.658,-2.188300371170044,-1.8842366933822632,9.05487060546875,-0.0342084541916847,-0.0574213340878486,0.0048869219608604,-7676,-2176,3670,-622,-537,-335,7
2025-06-27 12:51:00.771,-1.7501614093780518,-1.647210717201233,9.552865028381348,0.351858377456665,-0.1942551434040069,-0.2223549485206604,-7968,-1983,3463,-428,-363,-302,7
2025-06-27 12:51:00.964,-1.7741034030914309,-0.3088520169258117,6.471527099609375,0.2272418737411499,0.0757472887635231,-0.7024950385093689,-7842,-2128,3648,276,-62,-33,7
2025-06-27 12:51:01.267,-3.57214903831482,-1.9823989868164065,9.301473617553713,-0.5522221922874451,0.0207694191485643,0.4178318381309509,-7815,-2111,3466,-141,32,-371,7
2025-06-27 12:51:01.352,-2.846705913543701,-2.142810583114624,12.246341705322266,-0.5070181488990784,0.4398229718208313,0.8319984674453735,-7609,-2385,3589,-648,7,-705,7
2025-06-27 12:51:01.458,-2.808398485183716,-4.07014274597168,8.056488990783691,0.5326744914054871,1.568701982498169,0.090408056974411,-8008,-2833,3664,42,402,-851,7
2025-06-27 12:51:01.571,-2.808398485183716,-4.07014274597168,8.056488990783691,0.5326744914054871,1.568701982498169,0.090408056974411,-8008,-2833,3664,42,402,-851,7
2025-06-27 12:51:01.868,-4.604049682617188,-0.7206547260284424,6.2201361656188965,1.2999212741851809,-0.4911356568336487,-0.455705463886261,-8031,-2545,3651,341,404,-858,7
2025-06-27 12:51:01.952,-4.235342979431152,0.0814028605818748,7.024587631225586,1.1215485334396362,-0.6792821288108826,-0.8796459436416626,-8013,-2464,3612,845,408,-838,7
2025-06-27 12:51:02.051,-2.82515811920166,-10.065223693847656,10.53688144683838,-1.7983872890472412,0.0842994004487991,0.0,-7970,-2457,3273,1359,122,-577,7
2025-06-27 12:51:02.452,-3.1028854846954346,-1.9369091987609863,9.124302864074709,-0.090408056974411,-0.1844813078641891,-0.1844813078641891,-7576,-3247,3289,618,1302,262,7
2025-06-27 12:51:02.553,-3.093308687210083,-1.4700398445129397,8.978256225585938,0.2565633952617645,0.2467895597219467,-0.1331686228513717,-7836,-2456,3178,1207,601,26,7
2025-06-27 12:51:02.664,-0.1412578970193863,-4.833893299102783,10.005369186401367,0.1062905490398407,0.9993755221366882,0.6829473376274109,-7620,-2911,3044,612,-275,-125,7
2025-06-27 12:51:02.756,-3.4189200401306152,-2.999934673309326,3.469198226928711,-0.8539896011352539,0.4715879559516907,0.7611380815505981,-7573,-2889,3423,133,2,-1,7
2025-06-27 12:51:02.851,-4.63517427444458,-0.8212111592292786,5.849034786224365,-0.8087855577468872,-2.1368067264556885,0.2480112910270691,-7717,-2852,3654,-103,-317,-72,7
2025-06-27 12:51:02.952,-0.4046200811862945,-0.646434485912323,8.899248123168945,0.3689626157283783,-3.743382215499878,-0.3762930035591125,-7560,-3191,3147,-552,1135,574,7
2025-06-27 12:51:03.157,6.256049156188965,-4.661510944366455,17.355567932128906,0.6059783101081848,-2.5521950721740723,-0.4935791194438934,-8095,-2586,2827,859,592,1268,7
2025-06-27 12:51:03.251,5.588066577911377,-3.892971992492676,11.884817123413086,0.6059783101081848,-2.5521950721740723,-0.4935791194438934,-8077,-2229,2858,841,452,1581,7
2025-06-27 12:51:03.362,2.161964178085327,-2.736572504043579,13.103466033935549,0.7635815739631653,3.2229249477386475,0.2174680233001709,-7811,-1884,2983,-93,-806,532,7
2025-06-27 12:51:03.452,-1.0223240852355957,-3.56017804145813,7.936778545379639,-0.5717698931694031,3.909537553787232,0.4691445231437683,-8279,-1585,3084,-1359,-836,-39,7
2025-06-27 12:51:03.662,-4.223371982574463,-2.815581083297729,4.211400985717773,-1.263269305229187,0.4605923891067505,-0.0635299831628799,-8054,-2171,3317,-1647,-1356,283,7
2025-06-27 12:51:03.851,-3.6846764087677,-4.903325080871582,4.98472785949707,-0.3897320330142975,-0.3396410644054413,-0.7550294399261475,-7413,-2170,3820,-59,-221,-824,7
2025-06-27 12:51:04.052,-4.050989151000977,-7.295132637023926,3.442862033843994,1.0604621171951294,0.1001818999648094,0.2553416788578033,-7349,-2860,3718,-866,441,-964,7
2025-06-27 12:51:04.169,-2.7892448902130127,-7.635109424591064,5.370194435119629,1.0677924156188965,-0.6695083379745483,1.2131783962249756,-7858,-2784,3647,2169,1259,-717,7
2025-06-27 12:51:04.276,-4.613626480102539,-5.760449409484863,6.349422931671143,-0.7220427393913269,-0.7452555894851685,1.1850786209106443,-7621,-2515,3310,509,-433,-806,7
2025-06-27 12:51:04.452,-4.93923807144165,-6.050147533416748,5.044582843780518,-2.185675859451294,-1.1924089193344116,0.0757472887635231,-7402,-2711,3704,-2919,-962,-271,7
2025-06-27 12:51:04.551,-4.089296340942383,-9.588777542114258,4.587290287017822,-1.1704177856445312,-0.7611380815505981,0.0195476878434419,-7652,-2985,3538,-3270,-1082,1509,7
2025-06-27 12:51:05.253,-3.536235809326172,-3.840299606323242,7.694964408874512,0.0794124826788902,0.3982841372489929,-0.3665191531181335,-7341,-2838,4659,-32,283,163,7
2025-06-27 12:51:05.355,-5.097255229949951,-4.702212333679199,8.063671112060547,-0.8503243923187256,-0.1661553531885147,0.0891863256692886,-7329,-3635,4106,-326,-233,-735,7
2025-06-27 12:51:05.561,-2.918531894683838,-1.1635819673538208,8.202534675598145,0.8796459436416626,-0.0830776765942573,0.6426302194595337,-7111,-3327,3773,108,79,-131,7
2025-06-27 12:51:05.862,-3.4524388313293457,2.48757553100586,8.561665534973145,-0.2003637999296188,-0.0146607663482427,-0.304210901260376,-7119,-3281,4181,571,-301,105,7
2025-06-27 12:51:06.051,-3.689464807510376,1.5658079385757446,7.80988597869873,-0.1246165111660957,0.1356120854616165,-0.504574716091156,-7371,-3113,4008,672,-333,191,7
2025-06-27 12:51:06.253,-3.6104562282562256,-0.2992752194404602,8.801085472106934,0.1881465017795562,0.1392772793769836,0.2797762751579284,-7760,-2930,4090,-268,-279,-119,7
2025-06-27 12:51:06.352,-3.6104562282562256,-0.2992752194404602,8.801085472106934,0.1881465017795562,0.1392772793769836,0.2797762751579284,-7725,-2747,4020,-1077,-553,2,7
2025-06-27 12:51:06.552,-4.235342979431152,-0.0454898327589035,7.307103633880615,-0.0171042270958423,0.1123992055654525,0.0610865242779254,-7333,-3012,4255,-950,-472,-541,7
2025-06-27 12:51:06.763,-4.932055473327637,-0.071826048195362,7.503427982330322,0.4153883755207062,0.1722639948129654,0.0036651915870606,-6648,-3720,5154,131,-550,-228,7
2025-06-27 12:51:06.852,-4.513070106506348,-1.0893617868423462,9.083600997924805,-0.8955284357070923,-0.442266434431076,0.5473352670669556,-6772,-3761,5216,622,-574,-622,7
2025-06-27 12:51:07.453,-4.034229755401611,0.6009446382522583,4.55616569519043,-0.9358455538749696,0.5387831330299377,-2.0757200717926025,-7517,-3379,4713,-423,1438,1018,7
2025-06-27 12:51:07.652,-0.2777273952960968,-9.10993766784668,10.074800491333008,-1.003040790557861,0.090408056974411,-1.3365731239318848,-7333,-3209,4241,-235,855,390,7
2025-06-27 12:51:07.752,-0.2777273952960968,-9.10993766784668,10.074800491333008,-1.003040790557861,0.090408056974411,-1.3365731239318848,-7750,-3096,3644,-894,427,-544,7
2025-06-27 12:51:07.851,-0.6272808313369751,-5.8657941818237305,8.334216117858887,-0.1319468915462494,0.0122173046693205,-0.6511823534965515,-7737,-2945,3217,-1105,413,-602,7
2025-06-27 12:51:07.951,0.2226607650518417,-6.528987884521484,9.818621635437012,0.5241223573684692,-0.0085521135479211,-0.0842994004487991,-7953,-3352,3063,-749,564,320,7
2025-06-27 12:51:08.052,1.139639973640442,-7.570465564727783,8.015787124633789,-2.328618288040161,0.5949827432632446,1.036027431488037,-7947,-3455,3235,-79,-77,484,7
2025-06-27 12:51:08.152,1.139639973640442,-7.570465564727783,8.015787124633789,-2.328618288040161,0.5949827432632446,1.036027431488037,-7568,-2709,3259,1320,113,414,7
2025-06-27 12:51:08.277,-3.078943490982056,-6.742072105407715,5.276820659637451,-3.489262342453003,0.3188716471195221,2.4691174030303955,-7727,-2538,3588,-853,-143,330,7
2025-06-27 12:51:08.452,-4.125209331512451,-8.360552787780762,1.9776105880737305,-1.7336355447769165,-1.1728612184524536,0.8503243923187256,-7871,-2497,3658,560,0,833,7
2025-06-27 12:51:08.662,-4.230554580688477,-5.995080947875977,6.038176536560059,0.2834414839744568,0.2394591718912124,0.3567453026771545,-7748,-2483,3714,74,-658,-1117,7
2025-06-27 12:51:08.768,-5.157110691070557,-5.817910194396973,2.7030537128448486,-0.3310889601707458,0.1319468915462494,0.3885102868080139,-7572,-2716,4133,103,-1059,-449,7
2025-06-27 12:51:08.866,-5.501875400543213,-7.592013359069824,5.755661010742188,0.4080579876899719,0.4972442984580993,0.1588249653577804,-7352,-2761,4458,809,-920,-820,7
2025-06-27 12:51:08.974,-6.957550048828125,-6.782773494720459,6.423643112182617,0.977384388446808,0.3860668241977691,0.3933972120285034,-7182,-3146,4661,424,-212,-1899,7
2025-06-27 12:51:09.068,-7.194576263427734,-6.253654956817627,4.742913722991943,1.9327776432037356,0.5839871764183044,1.018923282623291,-7145,-3040,4151,91,1238,-1794,7
2025-06-27 12:51:09.171,-7.201758861541748,-2.813186883926392,3.718195199966431,2.8063149452209477,0.5204572081565857,1.368338108062744,-7315,-4388,4151,-150,635,-1575,7
2025-06-27 12:51:09.265,-7.331045627593994,0.1005564704537391,5.592854976654053,2.428800106048584,0.6096435189247131,1.1753047704696655,-7020,-4404,4624,2578,-877,-1971,7
2025-06-27 12:51:09.472,-7.489062786102295,1.843535304069519,4.266467571258545,1.2754865884780884,0.0,0.5925393104553223,-6402,-4440,4832,2037,-485,-3428,7
2025-06-27 12:51:09.571,-7.489062786102295,1.843535304069519,4.266467571258545,1.2754865884780884,0.0,0.5925393104553223,-6402,-4440,4832,2037,-485,-3428,7
2025-06-27 12:51:09.659,-7.587224960327148,3.8091750144958496,3.60566782951355,1.0592403411865234,-0.0366519130766391,0.4227187633514404,-5652,-5529,5401,271,-171,-3708,7
2025-06-27 12:51:09.959,-7.661445617675781,4.888959884643555,3.1316158771514893,0.3127630054950714,0.1221730485558509,0.1087340116500854,-3739,-6662,5986,-256,-815,-241,7
2025-06-27 12:51:10.364,-7.649474620819092,4.948814868927002,2.875436305999756,-0.2577851414680481,-0.0488692186772823,-0.1026253625750541,-3924,-6757,5988,-140,-122,-151,7
2025-06-27 12:51:10.462,-7.508216381072998,4.999093055725098,3.397372245788574,-0.304210901260376,-0.0561996027827262,-0.147829383611679,-3736,-6747,5982,-174,-100,-1051,7
2025-06-27 12:51:10.557,-7.496245384216309,4.7405195236206055,3.287238836288452,-0.4508185386657715,-0.0733038261532783,-0.3579670190811157,-3771,-6752,5974,-140,-124,-747,7
2025-06-27 12:51:10.652,-7.496245384216309,4.7405195236206055,3.287238836288452,-0.4508185386657715,-0.0733038261532783,-0.3579670190811157,-3771,-6752,5974,-140,-124,-747,7
2025-06-27 12:51:10.754,-6.864176273345947,3.270479440689087,4.043806552886963,-1.8668042421340945,-0.2431243658065796,-1.0897835493087769,-4425,-6460,5720,-711,1155,2478,7
2025-06-27 12:51:11.552,-2.188300371170044,-6.890512466430664,6.742072105407715,0.7367035150527954,-0.5485569834709167,-0.3090978264808655,-6821,-4687,3928,-1376,1004,3583,7
2025-06-27 12:51:11.952,-3.445256233215332,-5.583278179168701,5.6670756340026855,5.843536853790283,0.3982841372489929,-2.5925121307373047,-8209,-2314,3114,-382,837,-80,7
2025-06-27 12:51:12.057,1.1204863786697388,-1.6903064250946045,8.978256225585938,1.5308283567428589,-0.8002334833145142,-0.0378736443817615,-7950,-2614,3100,-616,-74,-871,7
2025-06-27 12:51:12.159,2.1116859912872314,-0.6655880808830261,10.57040023803711,-0.1295034289360046,-0.2785545587539673,0.0024434609804302,-8205,-2864,2812,-620,-137,-403,7
2025-06-27 12:51:12.452,-3.6104562282562256,-5.719748020172119,5.978321552276611,-5.194797992706299,0.9871582388877868,2.291966438293457,-7799,-2449,3149,-966,12,654,7
2025-06-27 12:51:12.560,-4.189853191375732,-6.217741966247559,5.085284233093262,-2.49966049194336,-0.1282816976308822,1.4587461948394775,-7819,-2478,2980,-723,349,1272,7
2025-06-27 12:51:13.255,-4.343081951141357,-8.51138687133789,4.412513732910156,0.9248499870300292,-0.0329867228865623,0.0537561401724815,-7847,-1691,3090,-1109,402,6,7
2025-06-27 12:51:13.456,-4.151545524597168,-6.801927089691162,4.139574527740479,0.8991936445236206,0.280998021364212,-0.0329867228865623,-8230,-1487,2274,127,-5,-112,7
2025-06-27 12:51:13.557,-4.141968727111816,-4.991910457611084,6.476315498352051,0.0610865242779254,-0.0134390350431203,0.0073303831741213,-8234,-1432,2604,275,-52,358,7
2025-06-27 12:51:13.761,-4.5154643058776855,-4.903325080871582,6.296750545501709,-1.7250834703445437,-0.1820378452539444,0.1685988008975982,-8220,-1565,2619,-108,-117,170,7
2025-06-27 12:51:13.859,-3.9408559799194336,-8.760383605957031,4.666299343109131,-1.084896683692932,-0.0720821022987365,-0.1197295859456062,-7888,-1553,2635,-334,126,-79,7
2025-06-27 12:51:14.171,-4.7405195236206055,-7.745242595672607,1.7166426181793213,3.1801645755767822,-0.0464257597923278,-0.2382374405860901,-7931,-1657,2223,57,-9,-80,7
2025-06-27 12:51:14.371,-4.730942726135254,-3.758896589279175,6.797138690948486,1.240056395530701,0.1502728462219238,0.4349360466003418,-8225,-1543,2185,-46,323,-1,7
2025-06-27 12:51:14.470,-3.864241600036621,-4.654327869415283,8.710105895996094,-0.1295034289360046,-0.4862487316131592,0.1099557429552078,-8276,-1228,2567,330,-326,-91,7
2025-06-27 12:51:14.563,-4.074931144714356,-9.11233139038086,4.170699596405029,-1.8484781980514529,-0.2223549485206604,0.0537561401724815,-8275,-1167,2605,304,-346,-31,7
2025-06-27 12:51:14.660,-3.840299606323242,-6.92881965637207,2.964021682739258,0.0867428630590438,-0.5717698931694031,0.0427605658769607,-7883,-1358,2498,-44,6,-94,7
2025-06-27 12:51:15.163,-3.746925592422485,-7.103596210479736,8.904036521911621,0.3995058834552765,-0.1209513172507286,-0.0048869219608604,-8240,-1579,2578,273,208,-102,7
2025-06-27 12:51:15.252,-3.8163576126098633,-6.7923502922058105,6.991068840026856,1.585806131362915,-0.2162462919950485,0.1966986060142517,-7879,-1353,2609,-320,85,-26,7
2025-06-27 12:51:15.351,-3.869029998779297,-4.32871675491333,5.542576789855957,0.5326744914054871,-0.1209513172507286,-0.0794124826788902,-8267,-1358,2256,-790,-98,300,7
2025-06-27 12:51:15.558,-3.466804027557373,-3.950432777404785,6.914454460144043,1.6627751588821411,-0.0891863256692886,-0.442266434431076,-8319,-1123,2418,220,150,329,7
2025-06-27 12:51:15.852,-4.63517427444458,-2.6791117191314697,7.635109424591064,-1.1435397863388062,0.0390953756868839,0.4312708675861358,-8130,-1078,2387,178,-127,80,7
2025-06-27 12:51:16.252,-5.202600479125977,-0.9888052940368652,6.449979305267334,1.549154281616211,1.235169529914856,-0.3970624208450317,-8299,-1142,2248,538,-332,55,7
2025-06-27 12:51:16.355,-5.169081687927246,-0.5817909836769104,5.722142219543457,0.8991936445236206,0.1453859210014343,-0.8662069439888,-8270,-915,2432,443,-292,-381,7
2025-06-27 12:51:16.452,-5.245696067810059,0.3854664862155914,5.669469833374023,1.7800613641738892,-0.4825835525989532,-0.8833111524581909,-8260,-2241,2620,-415,74,-365,7
2025-06-27 12:51:16.652,-3.627215623855591,1.0247182846069336,9.14585018157959,0.5290092825889587,-0.1319468915462494,-0.6768386960029602,-7601,-2436,2919,499,30,-779,7
2025-06-27 12:51:16.752,-3.227383852005005,1.1755530834197998,11.346121788024902,1.1301007270812988,-0.1490511149168014,-0.6133087277412415,-7645,-2641,2863,504,122,-413,7
2025-06-27 12:51:16.857,-4.388571739196777,0.8810662031173706,8.224082946777344,-0.1637118905782699,-0.0342084541916847,-0.4373795092105865,-7941,-2567,2510,485,-36,-246,7
2025-06-27 12:51:16.952,-3.24414324760437,-0.1651999205350875,9.255983352661133,-0.1343903541564941,-0.1612684279680252,-0.2919935882091522,-8020,-2219,2888,692,44,344,7
2025-06-27 12:51:17.052,-3.0310592651367188,-2.0231003761291504,9.44991397857666,0.0219911485910415,0.0598647929728031,-0.0708603709936142,-7921,-2155,2851,738,30,32,7
2025-06-27 12:51:17.152,-2.286462545394897,-2.5258827209472656,8.722076416015625,0.6572909951210022,0.3787364661693573,0.1001818999648094,-7987,-2386,2745,301,-391,-546,7
2025-06-27 12:51:17.452,-2.6575639247894287,1.6065093278884888,9.29189682006836,-1.5564846992492676,-3.533244609832764,-0.2638937830924988,-7624,-2532,3271,-284,-253,104,7
2025-06-27 12:51:17.561,-2.6575639247894287,1.6065093278884888,9.29189682006836,-1.5564846992492676,-3.533244609832764,-0.2638937830924988,-7953,-2645,2702,-202,443,270,7
2025-06-27 12:51:17.678,4.764461517333984,-3.794809579849243,11.561599731445312,-0.2333505302667617,-2.2125539779663086,-1.0213667154312134,-8065,-2224,3143,505,-395,140,7
2025-06-27 12:51:17.768,2.492363929748535,4.5825018882751465,14.49210262298584,2.7562239170074463,1.4831807613372805,-1.5625933408737185,-7871,-2599,3353,701,-1636,-68,7
2025-06-27 12:51:17.976,5.60722017288208,-7.99184513092041,12.897564888000488,-1.3182471990585327,2.504547595977783,0.6304129362106323,-7318,-2356,3765,192,250,-179,7
2025-06-27 12:51:18.159,-2.161964178085327,-2.075772762298584,7.453149795532227,0.9004153609275818,3.4465017318725586,0.7843509912490845,-8002,-2396,4105,263,1143,-344,7
2025-06-27 12:51:18.371,-3.49314022064209,-4.34068775177002,2.87064790725708,-1.301142930984497,-0.3127630054950714,-0.4642575979232788,-8123,-1671,3333,1099,202,103,7
2025-06-27 12:51:18.565,-1.5490485429763794,-11.1474027633667,5.906495571136475,-0.5925393104553223,-0.2834414839744568,0.271224170923233,-7422,-2593,3567,-513,-1072,-1057,7
2025-06-27 12:51:18.675,-1.0558429956436155,-9.691728591918944,5.509057998657227,2.0195205211639404,0.1514945775270462,0.6633996367454529,-7413,-2639,3573,-230,-482,-1300,7
2025-06-27 12:51:18.855,-4.95120906829834,-4.316745758056641,4.786009311676025,-0.5913175344467163,-1.147204875946045,0.9138544201850892,-6974,-3618,4379,-1710,-2832,-1459,7
2025-06-27 12:51:18.969,-3.876212596893311,-4.553771495819092,3.615244626998901,-1.7470746040344238,-1.7788395881652832,0.2528982162475586,-6803,-3305,4061,-1851,-1173,-1031,7
2025-06-27 12:51:19.066,-3.509899616241455,-6.519411087036133,6.746860504150391,-1.2754865884780884,-1.3573426008224487,-0.1258382350206375,-7412,-3666,4156,-762,756,1034,7
2025-06-27 12:51:19.461,-5.571307182312012,-7.445967197418213,7.01979923248291,0.6243042945861816,2.844188690185547,2.4691174030303955,-7267,-3472,4301,493,-140,399,7
2025-06-27 12:51:19.572,-6.3733649253845215,-3.263296842575073,2.1787235736846924,-0.9908234477043152,1.3646728992462158,3.363424062728882,-7302,-3599,4084,719,1054,1801,7
2025-06-27 12:51:19.663,-5.219359874725342,2.2457611560821533,2.2625205516815186,0.230907067656517,-0.1905899494886398,2.172236919403076,-7978,-2872,4184,1226,172,1995,7
2025-06-27 12:51:19.770,-6.766014099121094,-1.2713210582733154,5.240907669067383,-0.979827880859375,-0.0928515195846557,1.0885618925094604,-7590,-2034,4415,1205,-367,2318,7
2025-06-27 12:51:19.859,-8.825027465820312,0.3064578175544739,5.564124584197998,-0.1356120854616165,-0.0378736443817615,1.291369080543518,-7390,-1610,4529,597,-870,645,7
2025-06-27 12:51:19.966,-8.825027465820312,0.3064578175544739,5.564124584197998,-0.1356120854616165,-0.0378736443817615,1.291369080543518,-7390,-1610,4529,597,-870,645,7
2025-06-27 12:51:20.151,-5.422866821289063,3.531447410583496,3.6296098232269287,0.9590584635734558,-0.6951646208763123,0.8491026759147644,-7745,-2374,4548,-1020,-537,-852,7
2025-06-27 12:51:20.651,-5.966350555419922,6.191405773162842,2.978386878967285,0.7965682744979858,0.2956587672233581,-1.214400053024292,-7155,-3052,5198,-1527,-241,-4007,7
2025-06-27 12:51:20.752,-2.2601263523101807,0.4189853072166443,6.433219909667969,-1.4330898523330688,-2.5314254760742188,0.2883284091949463,-6967,-5164,3986,260,1136,923,7
2025-06-27 12:51:21.065,-4.309563159942627,1.161187767982483,8.51138687133789,0.0427605658769607,-0.0097738439217209,0.0806342139840126,-6839,-3958,4709,510,153,826,7
2025-06-27 12:51:21.353,-2.767697095870972,1.4221558570861816,10.103530883789062,0.2101376503705978,-0.0708603709936142,0.2101376503705978,-7222,-3492,4698,-111,44,180,7
2025-06-27 12:51:21.551,-3.790021181106568,1.0438719987869265,8.02536392211914,-0.1783726513385772,0.2981022298336029,-0.2651155292987823,-7295,-3748,4331,218,-54,379,7
2025-06-27 12:51:21.651,-3.9600095748901367,0.5961562395095825,8.111555099487305,0.0794124826788902,0.0769690200686454,0.0464257597923278,-7189,-3557,4305,381,-100,304,7
2025-06-27 12:51:22.169,-3.189076662063598,-0.5674257874488831,9.428366661071776,0.3469714522361755,0.0342084541916847,0.0500909499824047,-7337,-3222,3996,576,741,1056,7
2025-06-27 12:51:22.262,-3.778050184249878,1.4437036514282229,8.252813339233398,1.5968017578125,0.0781907513737678,0.0684169083833694,-7761,-3175,3799,830,237,841,7
2025-06-27 12:51:22.354,-2.96162748336792,2.5330653190612797,9.004592895507812,0.9468411207199096,-0.0476474873721599,0.1392772793769836,-7765,-2904,3784,779,-67,218,7
2025-06-27 12:51:22.959,-2.9951462745666504,3.7158010005950928,6.574477672576904,-0.6597344875335693,0.7000515460968018,-0.7244861721992493,-7729,-2472,4379,-415,309,-89,7
2025-06-27 12:51:23.059,-3.5936968326568604,0.9959878921508788,6.081272125244141,-0.95783668756485,0.7012733221054077,-1.853365182876587,-7698,-2877,4202,-722,371,-117,7
2025-06-27 12:51:23.169,-2.494758129119873,-1.908178806304932,6.8809356689453125,-1.4953981637954712,-0.0476474873721599,-3.097086906433105,-7695,-2856,4185,-703,175,98,7
2025-06-27 12:51:23.251,-1.747767210006714,-8.9064302444458,8.990227699279785,-1.616349458694458,-0.375071257352829,-2.433687210083008,-7800,-2511,3776,-1595,392,125,7
2025-06-27 12:51:23.359,-0.9672574996948242,-11.200075149536133,10.520122528076172,-0.7660250067710876,-0.2003637999296188,-1.350012183189392,-7697,-3109,3562,-1623,243,70,7
2025-06-27 12:51:23.563,-0.3711012601852417,-3.584120035171509,9.682151794433594,0.5375614166259766,-0.3384193480014801,-0.3762930035591125,-7780,-3244,3419,-612,425,-289,7
2025-06-27 12:51:23.772,-0.3591302633285522,-4.508281707763672,9.385271072387695,-0.4984660446643829,-0.1014036312699318,0.0280998013913631,-7667,-2506,3398,571,60,-49,7
2025-06-27 12:51:23.863,0.0574608407914638,-5.959167957305908,9.9000244140625,-0.5314527750015259,-0.0452040284872055,0.3775147199630737,-7622,-2912,3308,573,52,-108,7
2025-06-27 12:51:24.051,-2.6240451335906982,-3.744531393051148,6.847416877746582,-2.9187140464782715,-0.2528982162475586,2.6951375007629395,-7555,-3190,3475,1271,-28,-40,7
2025-06-27 12:51:24.155,-2.7988216876983643,-2.760514497756958,8.030152320861816,-0.8588765263557434,-0.8112290501594543,1.4465289115905762,-8012,-2208,3296,1836,214,687,7
2025-06-27 12:51:24.251,-3.691859006881714,-2.583343744277954,8.418013572692871,-0.0745255574584007,0.0574213340878486,0.1612684279680252,-7928,-2091,3513,1045,81,1473,7
2025-06-27 12:51:24.652,-5.56173038482666,-6.98628044128418,6.703764915466309,0.4007275998592376,0.8210029006004333,0.371406078338623,-7943,-1849,4179,689,201,1089,7
2025-06-27 12:51:24.754,-6.8043212890625,-4.795586109161377,5.928043365478516,1.5540411472320557,1.0286970138549805,0.8148942589759827,-7817,-1309,3858,887,904,-66,7
2025-06-27 12:51:24.851,-7.180211067199707,-3.5960910320281982,5.240907669067383,2.5277602672576904,0.817337691783905,1.2009611129760742,-8222,-1610,3224,745,1011,-2490,7
2025-06-27 12:51:25.152,-7.438784599304199,2.748543500900269,3.876212596893311,0.7098253965377808,0.5485569834709167,0.799011766910553,-7802,-3443,3616,-866,-2382,-3522,7
2025-06-27 12:51:25.257,-7.400477409362793,3.993528366088867,3.5960910320281982,0.513126790523529,0.3384193480014801,0.6450737118721008,-6896,-4071,4052,-668,-2873,-3895,7
2025-06-27 12:51:25.355,-7.582436561584473,4.481945514678955,3.4165258407592773,0.3127630054950714,0.2174680233001709,0.3249803185462951,-6319,-4579,4701,-441,-3424,-4368,7
2025-06-27 12:51:25.451,-7.582436561584473,4.481945514678955,3.4165258407592773,0.3127630054950714,0.2174680233001709,0.3249803185462951,-6319,-4579,4701,-441,-3424,-4368,7
2025-06-27 12:51:25.567,-7.637503623962402,5.183446884155273,2.786850690841675,0.4972442984580993,0.0500909499824047,0.3677408695220947,-5421,-5625,5423,106,-2086,-2037,7
2025-06-27 12:51:25.654,-7.268796443939209,5.628767967224121,2.19308876991272,0.4691445231437683,0.0390953756868839,0.2028072625398636,-3972,-6312,5625,-68,-720,-1994,7
2025-06-27 12:51:25.953,-7.295132637023926,5.954379558563232,1.745373010635376,0.3152064681053161,0.1111774742603302,0.117286130785942,-3904,-6568,5925,-342,-832,-1031,7
2025-06-27 12:51:26.052,-7.139509677886963,5.74129581451416,1.580173134803772,0.0171042270958423,0.0342084541916847,-0.0171042270958423,-3598,-6943,5956,29,42,-144,7
2025-06-27 12:51:26.158,-7.146692276000977,5.963956356048584,1.3838485479354858,-0.0549778714776039,-0.0305432621389627,-0.0256563406437635,-3460,-6649,5955,-282,-314,57,7
2025-06-27 12:51:26.252,-7.448361396789551,6.507440090179443,1.3527239561080933,0.0036651915870606,-0.0134390350431203,0.0635299831628799,-3615,-6654,5949,-367,-133,-381,7
2025-06-27 12:51:26.451,-7.074865818023682,5.920860767364502,1.53707754611969,-0.0097738439217209,-0.0317649915814399,-0.0525344125926494,-3627,-6959,5973,-363,20,-240,7
2025-06-27 12:51:27.058,-7.316680431365967,5.750872611999512,1.620874524116516,0.0024434609804302,-0.0317649915814399,0.0097738439217209,-3851,-6542,5946,24,-263,-46,7
2025-06-27 12:51:27.152,-7.429207801818848,6.3063273429870605,1.5897499322891235,0.0940732508897781,-0.0158824957907199,0.0305432621389627,-3647,-6619,6009,-360,-294,-108,7
2025-06-27 12:51:27.476,-7.326257228851318,5.518634796142578,1.6687586307525637,-0.1832595765590667,-0.0427605658769607,-0.0623082555830478,-3649,-6646,5781,-337,-268,-41,7
2025-06-27 12:51:27.674,-7.184999465942383,5.236119270324707,2.2433669567108154,-0.626747727394104,-0.1783726513385772,-0.2162462919950485,-3707,-6639,5893,-308,310,-64,7
2025-06-27 12:51:27.851,-5.348646640777588,4.654327869415283,2.48757553100586,-3.0213394165039062,-0.8393288254737854,-0.8686503767967224,-3609,-6954,5627,-570,-608,450,7
2025-06-27 12:51:28.168,-6.909666061401367,-4.046200752258301,8.018181800842285,-1.6407840251922607,-0.8234463334083557,-1.3756685256958008,-5402,-5785,5182,-1158,1605,4555,7
2025-06-27 12:51:28.370,-3.799597978591919,-6.358999729156494,8.69334602355957,0.0061086523346602,-0.4789183437824249,-0.2150245606899261,-6695,-4923,4408,-1376,370,4189,7
2025-06-27 12:51:28.555,-3.454833030700684,-5.537788391113281,10.201693534851074,0.0916297882795333,-0.3579670190811157,0.2651155292987823,-7488,-3300,4181,42,957,2132,7
2025-06-27 12:51:28.657,-2.5282769203186035,-4.831499099731445,8.760383605957031,-1.0604621171951294,0.4300491213798523,-0.3274237811565399,-7337,-3371,4143,-97,964,1847,7
2025-06-27 12:51:29.051,0.646434485912323,-5.094861030578613,9.406818389892578,0.9443976879119872,-1.1435397863388062,-0.6890559792518616,-7559,-3091,3525,-355,631,165,7
2025-06-27 12:51:29.451,-4.920084476470947,-4.709394931793213,3.00711727142334,-2.057394027709961,-0.7428121566772461,1.6908750534057615,-7303,-3608,3638,-835,-279,-577,7
2025-06-27 12:51:29.552,-4.920084476470947,-4.709394931793213,3.00711727142334,-2.057394027709961,-0.7428121566772461,1.6908750534057615,-7303,-3608,3638,-835,-279,-577,7
2025-06-27 12:51:29.652,-6.904877662658691,-7.843404769897461,5.377377033233643,-2.428800106048584,-0.3677408695220947,-0.0891863256692886,-7331,-3591,3649,-633,103,-359,7
2025-06-27 12:51:29.852,-4.3622355461120605,-5.949591159820557,3.248931646347046,-0.1453859210014343,-0.4740314185619354,0.0525344125926494,-7373,-3294,3628,-555,-108,3,7
2025-06-27 12:51:30.669,-4.462791919708252,-8.415618896484375,6.947973251342773,0.394618958234787,-0.0720821022987365,-0.117286130785942,-7606,-2710,3298,34,-76,-17,7
2025-06-27 12:51:30.858,-4.800374507904053,-7.352593421936035,2.9712042808532715,0.9053022861480712,-0.1001818999648094,-0.197920337319374,-7805,-2718,3662,-616,-290,-42,7
2025-06-27 12:51:30.952,-4.606443881988525,-5.628767967224121,4.924872875213623,0.4593706727027893,-0.0183259565383195,-0.2602286040782928,-7615,-2742,3263,8,129,272,7
2025-06-27 12:51:31.458,-5.128379821777344,-5.861005783081055,4.050989151000977,1.2034045457839966,-0.2541199326515198,0.0659734457731247,-7650,-2747,3271,-312,61,46,7
2025-06-27 12:51:31.552,-4.920084476470947,-5.374982833862305,5.592854976654053,1.9608774185180664,-0.0378736443817615,-0.1319468915462494,-7585,-2760,3325,-367,-216,-295,7
2025-06-27 12:51:31.764,-4.611232280731201,-2.145204782485962,8.669404029846191,-0.1099557429552078,-0.0940732508897781,-0.058643065392971,-7805,-3166,3604,297,-4,-9,7
2025-06-27 12:51:32.060,-5.750872611999512,-6.914454460144043,3.002328872680664,-0.8148942589759827,0.0305432621389627,-0.0146607663482427,-7739,-2921,3472,-379,-81,-66,7
2025-06-27 12:51:32.355,-4.446032524108887,-5.904101371765137,5.094861030578613,1.254717230796814,0.1441642045974731,-0.3249803185462951,-7791,-2776,3613,-225,293,51,7
2025-06-27 12:51:32.551,-4.865017890930176,-1.889025092124939,9.045293807983398,1.2510520219802856,0.1905899494886398,0.0195476878434419,-7777,-3131,3635,-280,-79,0,7
2025-06-27 12:51:32.870,-5.233725070953369,-1.7405846118927002,8.022970199584961,0.7855727076530457,0.2199114859104156,0.0879645943641662,-7745,-2294,3526,-380,137,-100,7
2025-06-27 12:51:32.956,-6.564900875091553,-4.948814868927002,8.180987358093262,0.5241223573684692,0.9944885969161988,0.2797762751579284,-7772,-2289,3525,-546,185,106,7
2025-06-27 12:51:33.055,-7.050923824310303,-3.969586372375488,6.44279670715332,1.7409659624099731,1.1508700847625732,0.3445279896259308,-7955,-2542,3297,-1474,383,117,7
2025-06-27 12:51:33.168,-7.264008045196533,-0.9840168952941896,4.843470096588135,1.6945401430130005,0.7061602473258972,0.1368338167667389,-7611,-3103,3181,-1264,594,-191,7
2025-06-27 12:51:34.057,-4.616020679473877,-1.3862427473068235,7.441178798675537,0.4166100919246673,0.0293215326964855,0.1722639948129654,-7757,-3267,2755,-248,-335,-12,7
2025-06-27 12:51:34.270,-4.247313976287842,-1.7908629179000854,8.96149730682373,-0.0965167060494422,0.2858849465847015,0.1123992055654525,-7643,-2896,3176,340,-107,132,7
2025-06-27 12:51:34.356,-4.845864295959473,-3.0166940689086914,7.687781810760498,-0.2431243658065796,0.9260717034339904,0.6340781450271606,-7599,-2926,3196,-1,105,371,7
2025-06-27 12:51:34.477,-5.274426460266113,-1.7908629179000854,2.300827741622925,-2.4410176277160645,-0.5632177591323853,1.63467538356781,-7791,-2748,3126,-288,-112,-13,7
2025-06-27 12:51:34.753,2.8658595085144043,-3.442862033843994,9.955090522766112,0.0537561401724815,-1.9608774185180664,-1.9217820167541504,-7747,-2799,2802,-115,-74,171,7
2025-06-27 12:51:34.866,7.417236804962158,-5.188235282897949,5.803544998168945,-1.765400528907776,-1.0873401165008545,-1.7605136632919312,-8051,-2849,2760,721,150,493,7
2025-06-27 12:51:34.952,4.809951305389404,-7.070077419281006,6.715735912322998,0.3860668241977691,-0.1734857261180877,-0.3371976017951965,-8013,-2425,3609,-1166,-1191,381,7
2025-06-27 12:51:35.151,5.726930618286133,-8.358158111572266,5.556941986083984,-0.8881980776786804,0.0317649915814399,0.1734857261180877,-7625,-2196,3601,-1540,-1543,196,7
2025-06-27 12:51:35.675,-4.3622355461120605,-2.590526342391968,3.687070608139038,0.8820894360542297,2.2577579021453857,0.675616979598999,-7699,-2896,3877,-252,196,-131,7
2025-06-27 12:51:35.778,-4.98472785949707,-1.98958158493042,4.72376012802124,0.4483750760555267,0.2260201424360275,-0.5656611919403076,-7844,-2660,3065,2802,1205,-382,7
2025-06-27 12:51:35.875,-4.98472785949707,-1.98958158493042,4.72376012802124,0.4483750760555267,0.2260201424360275,-0.5656611919403076,-7844,-2660,3065,2802,1205,-382,7
2025-06-27 12:51:36.267,-3.2154128551483154,-6.323086738586426,9.411606788635254,1.225395679473877,0.0769690200686454,0.720820963382721,-7595,-2906,3254,3033,636,-1026,7
2025-06-27 12:51:36.476,-4.402936935424805,-1.9608511924743648,7.50582218170166,0.1734857261180877,-0.0452040284872055,1.2021827697753906,-7316,-1948,4439,78,398,411,7
2025-06-27 12:51:36.574,-3.7277719974517822,-0.6344634294509888,7.740454196929932,-0.6096435189247131,-0.3775147199630737,1.065348982810974,-8242,-2117,3969,-111,661,1017,7
2025-06-27 12:51:36.851,-3.622427225112915,-0.727837324142456,9.959878921508787,0.0048869219608604,-0.2052507251501083,0.1392772793769836,-8208,-995,3746,633,426,1683,7
2025-06-27 12:51:36.958,-3.852270603179932,-1.7118542194366455,11.013327598571776,0.2565633952617645,-0.051312681287527,-0.0855211317539215,-7897,-884,3820,876,310,1239,7
2025-06-27 12:51:37.459,-4.604049682617188,2.3487119674682617,8.04691219329834,0.0195476878434419,-0.221133217215538,0.3885102868080139,-8295,-478,3695,644,-215,-781,7
2025-06-27 12:51:37.572,-4.484339714050293,1.2976573705673218,9.026140213012695,-0.7122688889503479,-0.5448917746543884,0.2932153046131134,-7856,-881,3831,-230,-429,-374,7
2025-06-27 12:51:37.661,-3.093308687210083,1.8483237028121948,6.813898086547852,-1.009149432182312,-0.1905899494886398,0.6585127115249634,-7994,-1027,4214,-748,-221,-553,7
2025-06-27 12:51:37.762,-3.624821424484253,1.290474772453308,8.774748802185059,0.1905899494886398,-0.2541199326515198,0.180816113948822,-7979,-753,4166,-938,99,-527,7
2025-06-27 12:51:37.952,-2.6144683361053467,2.3343467712402344,8.959102630615234,0.2345722615718841,-0.3408628106117248,0.3982841372489929,-7918,-1663,3892,-2257,77,-415,7
2025-06-27 12:51:38.252,-2.5498247146606445,3.813963413238525,8.925583839416504,-0.3555235862731933,0.0354301854968071,0.107512280344963,-7831,-1805,3872,-1758,57,-496,7
2025-06-27 12:51:38.352,-2.217030763626098,3.770867586135864,9.69651699066162,-0.3701843321323395,-0.0366519130766391,0.1551597714424133,-7903,-1714,3542,-651,333,-853,7
2025-06-27 12:51:38.451,-2.2457611560821533,2.276885747909546,7.948749542236328,-0.7489207983016968,0.0085521135479211,0.0280998013913631,-8270,-1768,3254,80,-132,-43,7
2025-06-27 12:51:38.560,-2.3104045391082764,2.4588451385498047,9.32541561126709,-0.3762930035591125,0.1343903541564941,0.2162462919950485,-7623,-2172,3853,-93,-399,-133,7
2025-06-27 12:51:38.657,-1.3862427473068235,2.5785553455352783,11.192893028259276,-1.119105100631714,0.4899139404296875,-0.0293215326964855,-8009,-2073,3876,-63,14,-310,7
2025-06-27 12:51:38.771,-2.252943754196167,3.201047658920288,5.882553577423096,-0.3433062732219696,1.2889256477355957,-0.7709119319915771,-8046,-2084,3887,-439,-137,-103,7
2025-06-27 12:51:38.952,-4.041412353515625,-2.681505918502808,5.556941986083984,-1.0787880420684814,0.2357939779758453,-3.3964107036590576,-7849,-1711,3546,-1700,193,298,7
2025-06-27 12:51:39.051,-1.9057846069335935,-8.355764389038086,9.105149269104004,0.0891863256692886,-0.636521577835083,-2.6279423236846924,-8021,-2317,3693,-1464,-28,-797,7
2025-06-27 12:51:39.155,-1.3886369466781616,-7.50582218170166,10.60152530670166,0.5815436840057373,-0.4080579876899719,-1.2718214988708496,-7782,-2853,3640,-1904,-344,-964,7
2025-06-27 12:51:39.353,-0.6584054827690125,-1.9991583824157717,8.923190116882324,1.2889256477355957,-0.1563815027475357,-0.2406809031963348,-7939,-2769,3402,-1130,194,374,7
2025-06-27 12:51:39.456,-0.4285621047019958,-4.469974517822266,10.125079154968262,-0.8087855577468872,0.0488692186772823,-0.2162462919950485,-7823,-2267,3057,-63,142,850,7
2025-06-27 12:51:39.656,0.4620809257030487,-7.532158374786377,9.51695156097412,-0.6291912198066711,0.3567453026771545,1.0641272068023682,-8045,-2340,3025,-13,-64,314,7
2025-06-27 12:51:39.857,-4.548983097076416,-7.340622425079346,5.669469833374023,-5.369505405426025,-0.7012733221054077,1.339016675949097,-7666,-2898,3241,-419,-344,-86,7
2025-06-27 12:51:39.972,-3.811569213867188,-4.903325080871582,4.127603530883789,-0.384845107793808,-1.1288789510726929,1.0580185651779177,-7994,-2582,3379,-773,-304,-91,7
2025-06-27 12:51:40.152,-5.398924827575684,-8.248024940490723,4.5394062995910645,0.8026769161224365,0.3066543638706207,0.5009095072746277,-7634,-2475,3657,-954,-776,-91,7
2025-06-27 12:51:40.256,-6.028599739074707,-6.701370716094971,5.91128396987915,0.6927211880683899,0.3152064681053161,0.6047565937042236,-7558,-2874,3669,-334,-331,-747,7
2025-06-27 12:51:40.352,-6.028599739074707,-6.701370716094971,5.91128396987915,0.6927211880683899,0.3152064681053161,0.6047565937042236,-7558,-2874,3669,-334,-331,-747,7
2025-06-27 12:51:40.454,-7.503427982330322,-4.091690540313721,5.216965675354004,2.0476202964782715,0.7110471725463867,0.9957103729248048,-7692,-3375,3612,1123,141,-1637,7
2025-06-27 12:51:40.563,-7.560888767242432,-1.7142484188079834,4.900930881500244,2.477669477462769,0.7660250067710876,1.1252137422561646,-7404,-3709,3684,1800,151,-1937,7
2025-06-27 12:51:40.681,-7.462726593017578,0.2992752194404602,4.378994941711426,1.833817481994629,0.6621779203414917,0.921184778213501,-6865,-4396,4153,3053,-258,-3332,7
2025-06-27 12:51:40.867,-7.769184589385986,1.4915876388549805,3.73016619682312,1.4526375532150269,0.4605923891067505,0.7965682744979858,-6782,-4348,4436,2888,-241,-3706,7
2025-06-27 12:51:40.981,-7.728483200073242,4.141968727111816,3.071760892868042,0.8539896011352539,0.1038470938801765,0.4483750760555267,-5845,-5036,4946,1747,-790,-4270,7
2025-06-27 12:51:41.166,-7.845798969268799,4.273650169372559,2.7461493015289307,0.4960225820541382,-0.0427605658769607,0.1368338167667389,-5907,-5284,4751,1394,-306,-3932,7
2025-06-27 12:51:41.377,-7.675810813903809,5.30076265335083,2.209848165512085,0.36529740691185,0.1343903541564941,0.1869247704744339,-4054,-6397,5515,-280,-231,-823,7
2025-06-27 12:51:41.573,-7.390900611877441,5.157110691070557,1.8842366933822632,0.2015855312347412,0.0537561401724815,0.0525344125926494,-4214,-6375,5534,-319,-134,228,7
2025-06-27 12:51:41.857,-7.570465564727783,5.353435039520264,1.7357962131500244,-0.0329867228865623,-0.0073303831741213,-0.0207694191485643,-3990,-6712,5512,-103,125,-166,7
2025-06-27 12:51:41.953,-7.592013359069824,5.142745018005371,2.042253971099853,-0.2687807083129883,-0.0317649915814399,-0.0965167060494422,-4214,-6697,5759,-106,77,-321,7
2025-06-27 12:51:42.252,-7.216124057769775,4.027047157287598,2.7892448902130127,-0.4715879559516907,-0.2565633952617645,-0.3298672437667846,-4115,-6727,5531,-264,-29,-124,7
2025-06-27 12:51:43.166,-6.964732646942139,2.765302896499634,2.7748796939849854,-2.987131118774414,-0.769690215587616,-1.0409144163131714,-3824,-6722,5699,-1126,-517,710,7
2025-06-27 12:51:43.455,0.5123591423034668,-10.278307914733888,8.341399192810059,0.8344419002532959,-0.171042263507843,0.107512280344963,-6802,-3756,4914,164,272,283,7
2025-06-27 12:51:43.651,-1.213860273361206,-3.339911460876465,6.782773494720459,4.004832744598389,1.3744467496871948,-0.9957103729248048,-6804,-3775,4557,-102,156,58,7
2025-06-27 12:51:44.152,0.629675030708313,0.0143652101978659,9.90241813659668,0.2687807083129883,-0.0452040284872055,-0.0952949747443199,-6884,-4206,4722,522,183,-331,7
2025-06-27 12:51:44.258,2.1140801906585693,0.2274491637945175,10.982203483581545,0.1685988008975982,-0.0647517144680023,0.147829383611679,-6933,-4164,4882,-132,-32,309,7
2025-06-27 12:51:44.351,2.1140801906585693,0.2274491637945175,10.982203483581545,0.1685988008975982,-0.0647517144680023,0.147829383611679,-6933,-4164,4882,-132,-32,309,7
2025-06-27 12:51:44.452,1.0414776802062988,-4.745307922363281,9.478644371032717,-3.0213394165039062,0.8258898258209229,1.4758504629135132,-6824,-3818,4573,-98,35,-93,7
2025-06-27 12:51:44.552,-1.6041151285171509,-3.112462282180786,7.101202011108398,-1.2180652618408203,-0.6023131608963013,0.977384388446808,-6927,-3833,4761,26,-228,62,7
2025-06-27 12:51:44.780,-1.3311761617660522,-5.20978307723999,9.476250648498535,-0.0378736443817615,0.1563815027475357,-0.2834414839744568,-7088,-3754,4503,287,166,430,7
2025-06-27 12:51:45.078,-1.192312479019165,-4.170699596405029,8.010998725891113,-0.4789183437824249,-0.197920337319374,-0.4312708675861358,-7069,-3569,4538,-75,16,602,7
2025-06-27 12:51:45.173,-1.039083480834961,-4.948814868927002,8.413225173950195,-0.180816113948822,0.1148426681756973,0.0952949747443199,-7231,-3533,4532,-353,536,253,7
2025-06-27 12:51:45.274,-1.039083480834961,-4.948814868927002,8.413225173950195,-0.180816113948822,0.1148426681756973,0.0952949747443199,-7068,-3505,4559,-82,512,359,7
2025-06-27 12:51:45.371,-0.569819986820221,-4.618414878845215,8.98543930053711,0.058643065392971,-0.0403171069920063,-0.1270599663257599,-7283,-3537,4692,-295,304,18,7
2025-06-27 12:51:45.651,-0.7757213711738586,-5.370194435119629,9.289502143859863,-0.2431243658065796,-0.0280998013913631,0.0769690200686454,-7218,-3848,4667,-327,-69,-379,7
2025-06-27 12:51:45.752,-0.7757213711738586,-5.370194435119629,9.289502143859863,-0.2431243658065796,-0.0280998013913631,0.0769690200686454,-7218,-3848,4667,-327,-69,-379,7
2025-06-27 12:51:46.351,-0.1436520963907241,-1.9608511924743648,8.056488990783691,-0.2382374405860901,-0.2223549485206604,0.3310889601707458,-7211,-3878,4558,268,39,-112,7
2025-06-27 12:51:46.452,0.706289529800415,-1.4676456451416016,11.408370971679688,0.0879645943641662,-0.1380555480718612,0.1881465017795562,-6834,-3480,4758,117,-276,313,7
2025-06-27 12:51:46.576,-0.2250549644231796,-1.4269442558288574,9.097966194152832,0.0195476878434419,-0.0452040284872055,-0.0647517144680023,-6894,-3473,4886,-295,343,96,7
2025-06-27 12:51:46.754,0.0023942016996443,-0.871489405632019,9.947908401489258,-0.1466076523065567,-0.0635299831628799,-0.0733038261532783,-7045,-3520,4574,113,85,-37,7
2025-06-27 12:51:46.872,0.4620809257030487,-3.071760892868042,10.560823440551758,-0.4544837474822998,-0.0048869219608604,-0.2138028293848037,-6905,-3568,4604,102,107,-76,7
2025-06-27 12:51:47.353,0.071826048195362,-0.7445967197418213,9.87608242034912,-0.0073303831741213,0.1551597714424133,-0.0952949747443199,-7272,-3510,4760,368,93,76,7
2025-06-27 12:51:47.553,-0.0383072271943092,-0.1843535304069519,8.99740982055664,0.3249803185462951,-0.1747074574232101,0.3469714522361755,-6859,-3616,5007,160,-516,83,7
2025-06-27 12:51:48.370,-5.657498836517334,-1.98958158493042,6.576871871948242,1.123992085456848,0.1295034289360046,-0.485027015209198,-7315,-3871,4175,289,353,-167,7
2025-06-27 12:51:48.551,-5.355829238891602,-1.3311761617660522,7.177816867828369,1.0555751323699951,-0.1282816976308822,-0.6426302194595337,-7055,-3748,4391,13,-403,-238,7
2025-06-27 12:51:48.651,-4.460397720336914,-1.5179238319396973,8.099584579467773,0.2968805134296417,-0.3054326176643371,-0.4581489264965057,-7214,-3948,4323,546,105,123,7
2025-06-27 12:51:48.764,-4.460397720336914,-1.5179238319396973,8.099584579467773,0.2968805134296417,-0.3054326176643371,-0.4581489264965057,-7214,-3948,4323,546,105,123,7
2025-06-27 12:51:48.851,-5.102043628692627,-2.161964178085327,7.690176010131836,0.1600466966629028,-0.1466076523065567,-0.2138028293848037,-7251,-3473,4685,-295,308,104,7
2025-06-27 12:51:48.952,-2.9759926795959477,-3.066972494125366,9.677363395690918,0.1380555480718612,-0.0720821022987365,0.0097738439217209,-7261,-3841,4350,-168,-38,-82,7
2025-06-27 12:51:49.179,-2.597708940505981,-2.229001760482788,8.058882713317871,0.0940732508897781,-0.1319468915462494,0.0965167060494422,-7101,-3544,4255,-273,361,53,7
2025-06-27 12:51:49.266,-4.398148536682129,-2.782062292098999,8.774748802185059,-0.0256563406437635,-0.0696386396884918,-0.0781907513737678,-7233,-3885,4293,-368,111,67,7
2025-06-27 12:51:49.460,-2.868253707885742,-2.300827741622925,8.219294548034668,0.130725160241127,0.271224170923233,0.0708603709936142,-7251,-3852,4289,-131,104,111,7
2025-06-27 12:51:49.552,-4.953603267669678,-2.229001760482788,2.875436305999756,-2.2345449924468994,0.9089674949645996,1.712866187095642,-7700,-3014,3794,-5128,-1705,2001,7
2025-06-27 12:51:49.762,-1.3263877630233765,-0.912190854549408,11.60708999633789,0.6059783101081848,-3.736051797866821,-0.2919935882091522,-7486,-3748,3669,-4845,-1319,1271,7
2025-06-27 12:51:49.963,4.022258758544922,-2.8419175148010254,9.121908187866213,-1.2021827697753906,-1.598023533821106,-1.6187928915023804,-7598,-3203,3405,-3937,-831,1019,7
2025-06-27 12:51:50.152,3.426102638244629,-7.716512203216553,12.191274642944336,-2.364048480987549,-0.3066543638706207,-1.4294246435165403,-7168,-3302,3618,-3956,-1901,16,7
2025-06-27 12:51:50.352,4.541800498962402,-7.931990146636963,5.880159378051758,0.271224170923233,0.8552113175392151,0.8723155856132507,-7477,-4145,3059,-1884,-73,-374,7
2025-06-27 12:51:50.452,1.460463047027588,-9.552865028381348,8.305485725402832,-4.162436008453369,2.0341813564300537,1.4563027620315552,-7800,-4100,3230,316,-47,301,7
2025-06-27 12:51:50.567,1.3431471586227417,-8.374917984008789,4.455609321594238,2.941926956176758,2.4190263748168945,3.001791715621948,-7803,-3964,3636,1179,-236,179,7
2025-06-27 12:51:50.852,-4.34068775177002,-6.782773494720459,3.205836057662964,-2.0024163722991943,-0.4263839423656463,-0.7745771408081055,-7736,-3385,3787,-157,-117,81,7
2025-06-27 12:51:50.963,-3.634398221969605,-7.223306655883789,5.1116204261779785,0.4960225820541382,-0.4398229718208313,-0.6230825781822205,-7694,-3236,3815,35,-316,-292,7
2025-06-27 12:51:51.154,-3.464409828186035,-12.167332649230955,6.718130111694336,-0.4068362414836883,-0.0464257597923278,0.3567453026771545,-7438,-3267,4245,-77,-387,-287,7
2025-06-27 12:51:51.553,-3.043030261993408,-4.129997730255127,2.8874073028564453,-1.9413297176361084,-1.7727309465408323,-0.5778785347938538,-6577,-3972,4304,-1020,163,-229,7
2025-06-27 12:51:51.654,-1.922544002532959,-9.497797966003418,4.134786128997803,-0.7586946487426758,-1.3866641521453855,-1.3439035415649414,-7721,-3357,4052,1298,676,923,7
2025-06-27 12:51:51.967,0.8451532125473022,-7.359776020050049,5.468356609344482,0.9908234477043152,-0.3591887652873993,-0.4068362414836883,-7526,-3004,3877,-1557,828,335,7
2025-06-27 12:51:52.153,1.41257905960083,-8.178592681884766,5.808333396911621,0.221133217215538,-0.2675589919090271,-0.3494149148464203,-7543,-3684,3959,-387,-58,224,7
2025-06-27 12:51:52.252,2.094926595687866,-8.152256965637207,9.205705642700195,1.0103710889816284,0.1844813078641891,0.0525344125926494,-7645,-2864,3644,607,829,776,7
2025-06-27 12:51:52.559,-0.586579442024231,-6.050147533416748,5.688623428344727,2.5925121307373047,0.5791002511978149,0.0207694191485643,-7999,-2234,3615,54,-108,151,7
2025-06-27 12:51:53.152,-0.237025961279869,-0.8786720037460327,9.72285270690918,0.3017674386501312,-0.0256563406437635,0.2199114859104156,-7751,-2744,3472,165,329,-107,7
2025-06-27 12:51:53.253,0.0430956296622753,0.4572925269603729,10.220847129821776,0.5070181488990784,-0.1014036312699318,0.180816113948822,-7766,-2701,3668,74,-18,107,7
2025-06-27 12:51:53.352,-0.0837970599532127,0.5099649429321289,9.521739959716797,0.3689626157283783,-0.0623082555830478,0.1087340116500854,-7773,-2793,3653,-599,-128,68,7
2025-06-27 12:51:53.659,1.0031704902648926,0.9313444495201112,10.500968933105469,-0.0610865242779254,-0.0122173046693205,-0.1258382350206375,-7763,-2974,3234,-711,-177,-144,7
2025-06-27 12:51:53.763,0.6655880808830261,0.0981622710824012,10.587160110473633,-0.157603234052658,0.1111774742603302,-0.1331686228513717,-7400,-3035,3247,-790,-361,-135,7
2025-06-27 12:51:53.864,-0.2705447971820831,0.2609679996967315,10.589553833007812,-1.6762142181396484,1.1691961288452148,-0.3408628106117248,-7760,-3334,3061,-64,384,-227,7
2025-06-27 12:51:54.258,-1.889025092124939,-3.8355112075805664,10.196905136108398,0.2199114859104156,0.2687807083129883,-0.361632227897644,-7700,-3371,3434,1054,639,27,7
2025-06-27 12:51:54.465,-0.6392518281936646,-4.54419469833374,9.299078941345217,-0.7489207983016968,-0.1466076523065567,-0.2724458873271942,-7377,-3041,3059,-518,224,132,7
2025-06-27 12:51:54.660,-0.3495534360408783,-5.348646640777588,8.037335395812988,0.3286454975605011,0.0806342139840126,0.5839871764183044,-8008,-2758,3091,283,590,808,7
2025-06-27 12:51:55.053,1.09654438495636,-9.21288776397705,4.946420669555664,-2.503325700759888,-0.9285151958465576,-0.4715879559516907,-7837,-2906,2648,-1511,250,228,7
2025-06-27 12:51:55.175,3.227383852005005,-9.588777542114258,6.971915245056152,-0.9456194043159484,0.4789183437824249,0.4459316432476043,-7988,-2873,2624,-718,-294,382,7
2025-06-27 12:51:55.563,-3.7038300037384033,-7.048529624938965,5.063736438751221,1.9987510442733765,1.0543533563613892,1.920560359954834,-7989,-2276,2445,498,-73,-814,7
2025-06-27 12:51:55.655,-4.616020679473877,-4.299986362457275,5.738901615142822,2.252871036529541,1.1068878173828125,1.891238808631897,-8029,-3195,2932,1007,-385,-1000,7
2025-06-27 12:51:55.767,-5.47075080871582,-1.7621324062347412,4.874594688415527,1.822821855545044,0.9896016716957092,1.4306464195251465,-7716,-3454,3178,2539,-407,-1669,7
2025-06-27 12:51:56.052,-7.627926826477051,2.6862943172454834,4.517858505249023,0.7770205736160278,0.3090978264808655,0.5827654600143433,-7409,-3296,3384,3285,-173,-2821,7
2025-06-27 12:51:56.364,-7.740454196929932,3.4308910369873047,4.28322696685791,0.5974262356758118,0.117286130785942,0.1624901592731475,-6181,-5290,4877,1028,-521,-2964,7
2025-06-27 12:51:56.453,-7.740454196929932,3.4308910369873047,4.28322696685791,0.5974262356758118,0.117286130785942,0.1624901592731475,-5844,-5958,5209,1073,-1196,-3119,7
2025-06-27 12:51:56.552,-7.69735860824585,4.005499362945557,3.3423056602478027,0.2480112910270691,0.0366519130766391,0.1038470938801765,-4492,-6235,5531,71,-299,-907,7
2025-06-27 12:51:56.653,-7.60637903213501,4.280832767486572,3.4308910369873047,0.157603234052658,0.0427605658769607,0.0390953756868839,-4541,-6206,5573,-79,275,-919,7
2025-06-27 12:51:56.852,-7.649474620819092,4.687847137451172,3.44765043258667,0.1759291887283325,0.0537561401724815,0.0244346093386411,-4332,-6435,5512,-355,369,-387,7
2025-06-27 12:51:57.151,-7.936778545379639,4.338293552398682,3.397372245788574,0.090408056974411,0.0390953756868839,0.0256563406437635,-4303,-6335,5256,-133,239,-234,7
2025-06-27 12:51:57.258,-7.706935405731201,4.5609540939331055,3.093308687210083,-0.1368338167667389,0.0598647929728031,0.0293215326964855,-4275,-6669,5258,-222,310,-320,7
2025-06-27 12:51:57.363,-7.694964408874512,4.541800498962402,2.892195701599121,-0.0610865242779254,-0.0048869219608604,-0.0500909499824047,-4217,-6583,5496,-315,3,-738,7
2025-06-27 12:51:57.559,-7.857769966125488,4.165910720825195,3.3039982318878174,-0.2052507251501083,-0.0061086523346602,-0.1001818999648094,-3976,-6584,5282,25,-210,-1175,7
2025-06-27 12:51:58.072,-5.427655220031738,-2.4660277366638184,4.642356872558594,-2.266309976577759,-1.123992085456848,-2.026850938796997,-3735,-6586,5253,-1135,744,2121,7
2025-06-27 12:51:58.264,-4.036623954772949,-7.400477409362793,6.840234279632568,-1.2412781715393066,-0.9920451641082764,-1.9804251194000244,-5754,-6169,4084,-1759,912,5197,7
2025-06-27 12:51:58.452,-2.0374655723571777,-9.150638580322266,6.112396717071533,-0.6585127115249634,-0.8967501521110535,-1.4074335098266602,-6354,-5487,3565,-1997,182,5135,7
2025-06-27 12:51:58.554,-0.1149216815829277,-9.943120002746582,5.216965675354004,-0.442266434431076,-0.6414085030555725,-0.9101892113685608,-7024,-4735,3517,-1320,-490,4354,7
2025-06-27 12:51:58.679,0.071826048195362,-9.66539192199707,5.398924827575684,-0.261450320482254,-0.3530801236629486,-0.6279694437980652,-7287,-4125,3946,-455,-406,3063,7
2025-06-27 12:51:58.774,0.1604115068912506,-9.05247688293457,6.701370716094971,-0.3127630054950714,-0.2419026345014572,-0.3640756905078888,-7485,-3246,3817,82,-396,2682,7
2025-06-27 12:51:58.984,1.0031704902648926,-8.097189903259277,6.050147533416748,1.6872098445892334,0.2480112910270691,0.3249803185462951,-7389,-2467,3980,578,368,1135,7
2025-06-27 12:51:59.162,-1.4484920501708984,-4.917690277099609,7.572859764099121,1.765400528907776,0.6059783101081848,-0.8552113175392151,-7851,-2435,3057,-1584,1404,-463,7
2025-06-27 12:51:59.352,-1.1779472827911377,-3.155557870864868,8.396465301513672,0.1331686228513717,-0.2724458873271942,-0.3982841372489929,-7646,-3113,2910,-561,150,-305,7
2025-06-27 12:51:59.563,-0.9672574996948242,-2.2457611560821533,8.47786808013916,-0.3591887652873993,-0.2125810980796814,-0.1087340116500854,-7606,-2989,2943,-389,-326,-266,7
2025-06-27 12:51:59.657,-0.9145850539207458,-2.537853717803955,10.170568466186523,0.4447098970413208,-0.2357939779758453,-0.0403171069920063,-7802,-2947,2779,-354,-201,96,7
2025-06-27 12:51:59.760,0.0454898327589035,-2.0638017654418945,9.90241813659668,-0.271224170923233,-0.0171042270958423,0.2333505302667617,-7568,-2731,3224,771,-869,83,7
2025-06-27 12:51:59.955,-0.0335188247263431,-5.406107425689697,7.982268333435059,-3.3964107036590576,0.3286454975605011,0.7098253965377808,-7784,-2940,3682,647,-402,68,7
2025-06-27 12:52:00.051,-2.231395959854126,-4.9368438720703125,7.833827972412109,1.225395679473877,-0.8393288254737854,0.7305948138237,-7738,-2894,3485,698,-252,-313,7
2025-06-27 12:52:00.152,-1.922544002532959,-1.58256733417511,10.156203269958496,1.462411403656006,-0.2064724564552307,-0.2528982162475586,-7747,-2787,3762,457,-355,112,7
2025-06-27 12:52:00.251,-1.0582371950149536,-3.615244626998901,9.402029991149902,0.3726277947425842,0.0354301854968071,0.0354301854968071,-7724,-2442,4097,1077,-360,218,7
2025-06-27 12:52:00.357,-1.678335428237915,-3.6966474056243896,9.26795482635498,-0.0574213340878486,0.3176499307155609,-0.1881465017795562,-7780,-2626,3977,317,-371,369,7
2025-06-27 12:52:00.652,-1.2761094570159912,-2.7317841053009038,9.765948295593262,-0.1270599663257599,0.0610865242779254,0.0574213340878486,-7591,-2528,3768,84,185,-90,7
2025-06-27 12:52:00.872,-0.3232172429561615,-3.801992416381836,9.29429054260254,-0.1380555480718612,-0.0745255574584007,0.0378736443817615,-7795,-2458,3907,-452,129,133,7
2025-06-27 12:52:00.962,-0.9816226959228516,-4.742913722991943,7.479485988616943,0.0195476878434419,-0.0952949747443199,0.0696386396884918,-7578,-2491,3561,-902,521,572,7
2025-06-27 12:52:01.052,-0.6919242739677429,-3.078943490982056,9.60553741455078,0.2895501255989074,0.0012217304902151,0.0012217304902151,-7948,-2675,3312,-616,416,157,7
2025-06-27 12:52:01.266,-0.608127236366272,-3.335123062133789,8.990227699279785,0.1966986060142517,-0.0891863256692886,-0.157603234052658,-7978,-2601,3368,-345,138,319,7
2025-06-27 12:52:01.352,-0.1149216815829277,-3.485957622528076,8.949525833129883,-0.0317649915814399,-0.117286130785942,-0.2382374405860901,-7997,-2576,3335,-289,161,260,7
2025-06-27 12:52:01.465,-0.6344634294509888,-3.627215623855591,9.064447402954102,-0.2797762751579284,0.0403171069920063,-0.0219911485910415,-8009,-2280,3046,284,-82,96,7
2025-06-27 12:52:01.759,-0.6488286852836609,-4.666299343109131,8.439560890197754,-0.4300491213798523,0.0610865242779254,-0.0549778714776039,-7975,-2240,3359,100,-80,-11,7
2025-06-27 12:52:01.861,-0.4740519225597381,-4.039018154144287,8.152256965637207,0.0610865242779254,0.0085521135479211,-0.1380555480718612,-8014,-2185,3364,39,-108,-17,7
2025-06-27 12:52:01.953,-0.4740519225597381,-4.039018154144287,8.152256965637207,0.0610865242779254,0.0085521135479211,-0.1380555480718612,-7949,-2202,3366,-261,-94,-81,7
2025-06-27 12:52:02.053,-0.3399766385555267,-3.335123062133789,8.449137687683105,-1.8448129892349243,0.0109955742955207,0.5082398653030396,-7809,-2207,3005,72,268,-107,7
2025-06-27 12:52:02.152,-1.4724340438842771,-5.892130374908447,7.678205013275146,-1.166752576828003,0.0195476878434419,0.1087340116500854,-8050,-2247,3045,-318,2,102,7
2025-06-27 12:52:02.569,-0.768538773059845,-5.327098846435547,8.762778282165527,-0.7086036801338196,0.0195476878434419,-0.0390953756868839,-8023,-2237,3000,-367,-123,106,7
2025-06-27 12:52:02.674,-0.768538773059845,-5.327098846435547,8.762778282165527,-0.7086036801338196,0.0195476878434419,-0.0390953756868839,-8010,-2250,3006,-338,-120,87,7
2025-06-27 12:52:02.768,0.0407014302909374,-4.917690277099609,7.503427982330322,0.8429940342903137,0.0329867228865623,-0.4825835525989532,-8031,-2274,3026,127,-104,-258,7
2025-06-27 12:52:02.868,6.009446144104004,9.57201862335205,6.157886981964111,0.9566149711608888,-0.2370157092809677,-1.2131783962249756,-7677,-2285,3372,-87,37,60,7
2025-06-27 12:52:02.952,6.009446144104004,9.57201862335205,6.157886981964111,0.9566149711608888,-0.2370157092809677,-1.2131783962249756,-7989,-2295,3344,-39,-68,-307,7
2025-06-27 12:52:03.080,0.3519476354122162,-7.41484260559082,7.910442352294922,0.0403171069920063,0.2785545587539673,0.2162462919950485,-8035,-2562,3346,-87,91,-176,7
2025-06-27 12:52:03.158,-0.3567360639572143,-6.081272125244141,7.374141216278076,1.5845844745635986,0.0818559452891349,-0.0366519130766391,-7582,-2447,3205,-370,-433,-418,7
2025-06-27 12:52:03.352,-1.1779472827911377,-4.570530891418457,10.651803016662598,1.0775662660598757,0.588874101638794,0.4789183437824249,-7578,-2831,3301,-219,-78,-106,7
2025-06-27 12:52:03.564,-2.4660277366638184,-2.535459518432617,9.39245319366455,0.3995058834552765,1.860695481300354,-0.0244346093386411,-7938,-2869,3385,-657,-143,-556,7
2025-06-27 12:52:03.675,-4.795586109161377,-2.365471363067627,6.787561893463135,0.7428121566772461,1.626123309135437,-0.0610865242779254,-7416,-2794,3274,-642,-150,-138,7
2025-06-27 12:52:03.764,-5.324704647064209,-3.2297780513763428,6.196194171905518,1.017701506614685,0.8662069439888,-0.1111774742603302,-7662,-2863,3153,-458,850,161,7
2025-06-27 12:52:03.866,-5.868188381195068,-1.2306196689605713,6.129156112670898,0.7586946487426758,0.3481931984424591,-0.0378736443817615,-7990,-2879,3116,-448,651,235,7
2025-06-27 12:52:04.054,-3.969586372375488,-2.47560453414917,7.33583402633667,0.2186897546052932,-0.4007275998592376,-0.6524040699005127,-8005,-2937,2914,372,531,-235,7
2025-06-27 12:52:04.152,-3.600879430770874,-4.654327869415283,5.415684223175049,-1.1740829944610596,-0.117286130785942,-0.588874101638794,-7614,-3141,2994,119,-168,90,7
2025-06-27 12:52:04.452,-4.333505153656006,-0.3567360639572143,8.671798706054688,-0.1795943826436996,0.0183259565383195,-0.251676470041275,-7766,-3113,3028,-166,67,545,7
2025-06-27 12:52:04.561,-4.989516258239746,-2.468421936035156,8.310274124145508,-0.0525344125926494,-0.130725160241127,-0.0623082555830478,-7578,-2747,3341,257,356,806,7
2025-06-27 12:52:04.781,-4.592078685760498,-1.0678139925003052,7.979874134063721,0.1453859210014343,0.1368338167667389,0.0452040284872055,-7611,-2541,3067,-284,8,-375,7
2025-06-27 12:52:24.252,-0.0478840321302413,-1.7166426181793213,11.264719009399414,0.5791002511978149,0.1185078546404838,0.2553416788578033,-8019,-2043,3691,548,225,-164,7
2025-06-27 12:52:24.565,-0.071826048195362,-4.434061527252197,9.971850395202637,-0.4312708675861358,-0.0232128798961639,0.9175195693969728,-7665,-2682,3702,-141,-172,8,7
2025-06-27 12:52:24.651,-0.4836287498474121,-3.071760892868042,9.074024200439451,1.2608258724212646,-0.1893682330846786,0.598647952079773,-7665,-2287,3511,157,-105,280,7
2025-06-27 12:52:24.876,-0.6607996821403503,-0.3280056416988373,9.78989028930664,0.8124507665634155,-0.0549778714776039,-0.6145304441452026,-7631,-2032,3784,156,-546,367,7
2025-06-27 12:52:24.971,0.9026140570640564,-2.4660277366638184,11.159374237060549,-2.1111502647399902,-0.2162462919950485,0.1453859210014343,-7975,-2123,3789,593,103,-85,7
2025-06-27 12:52:25.152,-0.0167594123631715,-2.47560453414917,8.504204750061035,-0.1233947798609733,0.0109955742955207,0.2247984111309051,-7638,-2341,4126,-178,51,-344,7
2025-06-27 12:52:25.371,-0.0430956296622753,-0.2298433631658554,9.30386734008789,0.8833111524581909,-0.147829383611679,0.1258382350206375,-7630,-2324,4199,-118,108,-276,7
2025-06-27 12:52:25.453,-0.4812345504760742,-0.7110779285430908,9.275136947631836,0.7672467231750488,0.0158824957907199,0.0561996027827262,-7613,-2328,4176,-514,-2,256,7
2025-06-27 12:52:25.680,0.7326257228851318,1.3000515699386597,9.921571731567385,0.0916297882795333,0.1490511149168014,-0.051312681287527,-7620,-2254,4114,-165,344,271,7
2025-06-27 12:52:25.751,-0.3184288144111633,2.9233202934265137,9.593565940856934,-0.0842994004487991,1.0958921909332275,-0.4202753007411957,-7959,-2396,3933,84,220,-69,7
2025-06-27 12:52:25.974,-2.4803929328918457,-4.654327869415283,7.07726001739502,-1.0555751323699951,-0.5595525503158569,-2.1087067127227783,-8046,-1947,3869,147,808,134,7
2025-06-27 12:52:26.172,-1.81959331035614,-5.858611583709717,8.315062522888184,0.1539380401372909,-0.1319468915462494,-0.4447098970413208,-7659,-2225,3475,134,5,-254,7
2025-06-27 12:52:26.675,-0.5985504388809204,-4.867412090301514,9.277531623840332,0.0806342139840126,0.0134390350431203,0.0452040284872055,-7864,-1678,3325,275,71,-291,7
2025-06-27 12:52:26.965,-0.2202665507793426,-15.849615097045898,7.247248649597168,-7.634593963623047,-0.5070181488990784,-1.3072515726089478,-7607,-2152,3467,-181,286,109,7
2025-06-27 12:52:27.064,1.1875240802764893,-12.574347496032717,2.523488521575928,-2.967583417892456,-0.1600466966629028,-0.1233947798609733,-8301,-2058,3409,-576,252,-218,7
2025-06-27 12:52:27.170,1.7262194156646729,-5.781997203826904,4.671087741851807,3.397632598876953,-0.8955284357070923,0.2064724564552307,-7815,-2237,3588,-1045,-893,100,7
2025-06-27 12:52:27.256,0.9911994934082032,-8.65982723236084,4.347870349884033,1.23394775390625,0.0244346093386411,0.5742133259773254,-8003,-2349,3492,-614,-453,162,7
2025-06-27 12:52:27.353,1.094150185585022,-10.714052200317385,6.370970726013184,1.3072515726089478,0.2162462919950485,0.797789990901947,-7629,-2098,3462,-50,-75,-341,7
2025-06-27 12:52:27.764,-5.920860767364502,-2.3367409706115723,4.400542736053467,2.140471935272217,0.7782423496246338,1.6774359941482544,-7678,-2941,3282,-883,-43,-897,7
2025-06-27 12:52:27.863,-6.133944988250732,-0.4381389021873474,3.660734415054321,2.3738224506378174,0.50335294008255,1.1911872625350952,-7745,-3222,3475,843,-505,-2242,7
2025-06-27 12:52:27.961,-6.84981107711792,1.984793186187744,4.146757125854492,1.8008307218551636,0.5302310585975647,0.8026769161224365,-7112,-3753,3803,1455,-1136,-3422,7
2025-06-27 12:52:28.056,-7.338228225708008,3.265691041946411,4.16112232208252,1.176526427268982,0.3885102868080139,0.5204572081565857,-6331,-4561,4559,1350,-1008,-4197,7
2025-06-27 12:52:28.160,-7.608773231506348,3.689464807510376,3.876212596893311,1.0250319242477417,0.230907067656517,0.4214970171451568,-6047,-4808,4852,1063,-1297,-3297,7
2025-06-27 12:52:28.252,-7.532158374786377,4.685452938079834,3.567360639572144,0.7318165898323059,0.2919935882091522,0.3054326176643371,-5613,-5100,4998,436,-1395,-3112,7
2025-06-27 12:52:28.352,-7.38132381439209,4.474762916564941,3.07415509223938,0.432492583990097,0.1637118905782699,0.147829383611679,-4951,-6153,5702,589,-1315,-2492,7
2025-06-27 12:52:28.451,-7.393294811248779,4.81473970413208,2.806004285812378,0.197920337319374,0.1038470938801765,0.0623082555830478,-4321,-6064,5580,548,-652,-1681,7
2025-06-27 12:52:28.562,-7.393294811248779,4.81473970413208,2.806004285812378,0.197920337319374,0.1038470938801765,0.0623082555830478,-4392,-6414,5973,342,-373,-1339,7
2025-06-27 12:52:28.659,-7.513004779815674,5.585672378540039,2.33913516998291,0.2700024247169494,0.0134390350431203,-0.0232128798961639,-4004,-6514,5929,92,-361,-973,7
2025-06-27 12:52:28.757,-7.493851184844971,4.726154327392578,2.691082715988159,-0.1637118905782699,0.0,-0.0452040284872055,-4000,-6276,5933,41,-326,-939,7
2025-06-27 12:52:28.951,-7.692570209503174,4.98472785949707,2.5282769203186035,-0.384845107793808,-0.0952949747443199,-0.0769690200686454,-3952,-6544,5618,-553,106,-895,7
2025-06-27 12:52:29.051,-7.237671852111816,4.948814868927002,2.940079689025879,-0.5021312236785889,-0.2015855312347412,-0.2138028293848037,-3733,-6560,5599,-605,-268,-808,7
2025-06-27 12:52:29.151,-6.852205276489258,4.817133903503418,2.3080103397369385,-1.1753047704696655,-0.3860668241977691,-0.7110471725463867,-3700,-6968,5583,-217,121,144,7
2025-06-27 12:52:29.251,-5.781997203826904,3.1076738834381104,2.240972757339477,-3.065321683883667,-0.9138544201850892,-1.3768903017044067,-3685,-6643,5512,-157,630,1361,7
2025-06-27 12:52:29.553,-4.716577529907227,-7.881711959838867,5.245696067810059,-0.9810495972633362,-0.90408056974411,-2.101376533508301,-6220,-5049,4703,-1851,1220,5001,7
2025-06-27 12:52:29.652,-2.346317768096924,-9.23682975769043,6.074089527130127,0.1649336218833923,-1.1301007270812988,-1.2779301404953003,-6698,-4903,4409,-2061,984,4418,7
2025-06-27 12:52:29.964,0.2657563984394073,-10.915165901184082,7.477091789245605,-0.2492330223321914,0.0781907513737678,-0.1930334120988845,-7138,-2919,3968,515,536,1174,7
2025-06-27 12:52:30.067,0.9672574996948242,-10.407594680786133,8.02536392211914,1.6969836950302124,0.2577851414680481,0.6670648455619812,-7725,-2849,3952,-863,871,-45,7
2025-06-27 12:52:30.158,-0.3280056416988373,-8.075642585754395,5.34625244140625,2.367713689804077,1.6383405923843384,0.5742133259773254,-7595,-2893,3469,-1035,734,-275,7
2025-06-27 12:52:30.266,-2.250549554824829,-4.256890773773193,6.320692539215088,3.203377246856689,1.216843605041504,-0.5497786998748779,-7946,-3125,3246,-759,423,-116,7
2025-06-27 12:52:30.464,0.4094084799289703,-2.628833532333374,9.550470352172852,0.7232644557952881,-0.7183775305747986,-0.5338962078094482,-7622,-2802,3026,-625,254,114,7
2025-06-27 12:52:30.559,0.395043283700943,-1.455674648284912,9.153033256530762,0.8063421249389648,-0.3604104816913605,-0.0097738439217209,-7789,-3183,3400,-299,-633,-32,7
2025-06-27 12:52:30.961,-2.6192567348480225,-3.83072280883789,8.066065788269043,0.6499606370925903,-0.2871066629886627,1.047023057937622,-7740,-3127,3227,-412,-842,601,7
2025-06-27 12:52:31.463,-0.7206547260284424,-2.1787235736846924,9.718064308166504,0.1649336218833923,-0.0598647929728031,0.2480112910270691,-7599,-2614,4132,-863,-361,-169,7
2025-06-27 12:52:31.555,-0.3184288144111633,-2.322375535964966,9.998186111450195,0.2822197377681732,0.0342084541916847,0.051312681287527,-7622,-2687,4172,-425,-166,36,7
2025-06-27 12:52:31.752,-0.6248866319656372,-0.1101332753896713,9.454702377319336,-0.1319468915462494,0.0012217304902151,0.0378736443817615,-7729,-2483,4371,-515,-554,-301,7
2025-06-27 12:52:31.854,-0.667982280254364,-1.3958195447921753,9.53849983215332,0.4105014503002167,-0.0036651915870606,-0.180816113948822,-7414,-2528,4404,-338,-294,-346,7
2025-06-27 12:52:31.953,-0.667982280254364,-1.3958195447921753,9.53849983215332,0.4105014503002167,-0.0036651915870606,-0.180816113948822,-7731,-2520,4369,3,-50,-271,7
2025-06-27 12:52:32.351,-0.7015010714530945,-2.207453966140747,9.17936897277832,0.0,-0.0097738439217209,0.1930334120988845,-7751,-2930,4417,-267,-318,52,7
2025-06-27 12:52:32.452,-0.4213795065879822,-1.601720929145813,8.633491516113281,0.442266434431076,-0.171042263507843,0.0305432621389627,-7488,-2899,4262,-261,65,-109,7
2025-06-27 12:52:32.551,0.3136404156684875,-1.235408067703247,9.794678688049316,-0.1368338167667389,-0.3103195428848266,0.0036651915870606,-7707,-2822,4382,-138,532,308,7
2025-06-27 12:52:32.651,-0.1053448766469955,-1.7956513166427612,8.520963668823242,0.0781907513737678,-0.2333505302667617,-0.3274237811565399,-7596,-2528,3987,-133,356,-7,7
2025-06-27 12:52:32.753,1.915361404418945,0.6105214357376099,11.034875869750977,0.6023131608963013,-0.0794124826788902,-0.4007275998592376,-7805,-2539,4219,-309,-123,115,7
2025-06-27 12:52:33.152,0.454898327589035,-4.309563159942627,10.687716484069824,-0.7586946487426758,0.3824016451835632,0.4508185386657715,-7487,-2721,4284,-132,-310,-50,7
2025-06-27 12:52:33.271,-0.507570743560791,-2.387019157409668,10.843339920043944,0.271224170923233,0.8515461683273315,0.4960225820541382,-7512,-2697,4241,-235,616,391,7
2025-06-27 12:52:33.371,-1.9584569931030276,-2.7509377002716064,9.895236015319824,0.2431243658065796,1.6212363243103027,0.2907718420028686,-7955,-2273,3725,-283,475,186,7
2025-06-27 12:52:33.451,-3.648763418197632,-2.7700912952423096,9.282320022583008,0.251676470041275,1.7006487846374512,0.3347541689872741,-8019,-2387,3890,-405,289,876,7
2025-06-27 12:52:33.651,-5.714959621429443,-1.4101848602294922,5.729324817657471,-0.0073303831741213,0.7953465580940247,-0.1380555480718612,-7981,-2377,3667,62,238,77,7
2025-06-27 12:52:33.860,-5.228936672210693,-0.8834604024887085,6.737283706665039,0.6780604124069214,-0.2235766798257827,-0.5974262356758118,-7770,-2459,3570,769,326,-365,7
2025-06-27 12:52:34.065,-4.6255974769592285,-0.9648633003234864,8.130708694458008,0.6976081132888794,-0.4434881806373596,-0.5803219676017761,-8242,-2168,3016,2086,1865,-779,7
2025-06-27 12:52:34.167,-4.55616569519043,1.9991583824157717,13.441048622131348,1.4257594347000122,0.2272418737411499,-0.8833111524581909,-8270,-2147,2954,1860,1448,-477,7
2025-06-27 12:52:34.261,-4.489128112792969,-2.846705913543701,8.552088737487793,0.7489207983016968,-0.2419026345014572,-0.1417207419872284,-8013,-2181,3007,440,107,290,7
2025-06-27 12:52:34.353,-4.194641590118408,1.168370485305786,8.942343711853027,-0.1246165111660957,-0.0745255574584007,-0.1612684279680252,-7996,-2381,2967,629,302,83,7
2025-06-27 12:52:34.481,-4.213795185089111,-0.969651699066162,8.461109161376953,0.0390953756868839,0.0366519130766391,-0.2602286040782928,-7879,-2019,3177,159,162,266,7
2025-06-27 12:52:34.571,-4.383783340454102,-1.9560627937316892,8.17380428314209,-0.4068362414836883,-0.0488692186772823,-0.0659734457731247,-7935,-1957,2969,223,104,170,7
2025-06-27 12:52:35.064,-3.7636849880218506,-1.7741034030914309,4.788403511047363,0.3274237811565399,-3.0469958782196045,-1.0384708642959597,-7989,-2467,3705,-594,548,560,7
2025-06-27 12:52:35.264,6.090848922729492,-6.840234279632568,12.05959415435791,-1.047023057937622,-2.2064452171325684,-1.7910568714141846,-7881,-2161,3599,-34,-555,-354,7
2025-06-27 12:52:35.463,3.993528366088867,-5.856217384338379,4.608838081359863,-0.4984660446643829,0.2186897546052932,-0.1099557429552078,-7780,-2667,3728,-1111,-974,-159,7
2025-06-27 12:52:35.574,5.260061264038086,-8.439560890197754,5.262455463409424,-0.1160643994808197,-0.2565633952617645,-0.1637118905782699,-7777,-2624,3748,-990,-887,-306,7
2025-06-27 12:52:35.864,0.9720458984375,-7.003039836883545,11.116278648376465,1.3060299158096311,2.780658483505249,1.4587461948394775,-7949,-2591,4054,45,-621,-215,7
2025-06-27 12:52:35.959,0.9720458984375,-7.003039836883545,11.116278648376465,1.3060299158096311,2.780658483505249,1.4587461948394775,-7669,-2588,4065,80,-403,-173,7
2025-06-27 12:52:36.060,-3.615244626998901,-2.0661959648132324,3.555389642715454,-0.0207694191485643,2.3347270488739014,0.7843509912490845,-7323,-2715,4226,2227,917,107,7
2025-06-27 12:52:36.253,-4.2760443687438965,-1.4484920501708984,2.671929121017456,0.0952949747443199,0.2748893499374389,-0.8820894360542297,-7995,-2398,3781,766,893,-417,7
2025-06-27 12:52:36.352,-3.6367924213409424,-5.537788391113281,4.268861770629883,-0.7745771408081055,-0.9370672702789308,-1.2192870378494265,-7589,-2580,3817,91,356,-428,7
2025-06-27 12:52:36.460,-3.825934410095215,-7.642292022705078,6.670246124267578,-0.4056145250797272,-0.2932153046131134,-0.432492583990097,-7337,-3021,4163,-453,60,-691,7
2025-06-27 12:52:36.765,-2.0231003761291504,-7.726089000701904,5.702988624572754,1.5173892974853516,0.1942551434040069,0.4691445231437683,-7711,-3420,3906,-882,-67,151,7
2025-06-27 12:52:36.859,-3.912125587463379,-3.5170822143554688,9.311050415039062,0.6377432942390442,0.2199114859104156,1.1533136367797852,-7335,-3339,3780,-735,-204,844,7
2025-06-27 12:52:37.061,-4.206612586975098,-0.8403648138046265,4.654327869415283,-1.3939944505691528,-1.370781660079956,0.1551597714424133,-7742,-3021,3486,-511,239,681,7
2025-06-27 12:52:37.159,-2.075772762298584,-7.06528902053833,6.275202751159668,-1.9999728202819824,-1.3231340646743774,-0.940732479095459,-8059,-2760,3458,35,-263,665,7
2025-06-27 12:52:37.270,-1.9704279899597168,-7.879317760467529,8.422801971435547,0.5400048494338989,-1.1068878173828125,-0.8442157506942749,-7674,-2598,3552,295,-628,815,7
2025-06-27 12:52:37.653,1.417367458343506,-7.718906402587891,9.545681953430176,-0.9541715383529664,-0.067195177078247,-0.0366519130766391,-7763,-2265,4181,-37,260,379,7
2025-06-27 12:52:37.851,0.3064578175544739,-6.0621185302734375,6.294356346130371,0.6389650702476501,0.7550294399261475,0.167377084493637,-7653,-2194,4102,-455,-354,322,7
2025-06-27 12:52:38.052,-0.5530605912208557,-2.078166961669922,8.628703117370605,0.157603234052658,-0.2455678284168243,0.2431243658065796,-7623,-2304,4110,-533,282,31,7
2025-06-27 12:52:38.251,-0.0622492432594299,-3.818751811981201,9.296685218811035,0.2138028293848037,-0.0342084541916847,-0.0207694191485643,-7618,-2668,4177,22,93,-151,7
2025-06-27 12:52:38.452,-0.3806780576705932,-1.8339585065841677,9.095572471618652,0.7550294399261475,-0.1954768747091293,0.3029891550540924,-7629,-2525,4114,183,292,584,7
2025-06-27 12:52:38.564,-0.3615244626998901,-0.7996633648872375,9.440337181091309,0.4899139404296875,-0.2687807083129883,0.3371976017951965,-7619,-2032,4185,1286,272,646,7
2025-06-27 12:52:38.663,0.0191536135971546,-0.1149216815829277,9.75637149810791,0.4178318381309509,-0.1148426681756973,0.2480112910270691,-7664,-2092,4170,1393,144,439,7
2025-06-27 12:52:38.868,0.5554547905921936,2.1140801906585693,10.323798179626465,1.047023057937622,0.1123992055654525,0.1221730485558509,-7995,-2090,4199,-13,66,77,7
2025-06-27 12:52:38.956,-0.2705447971820831,-0.2226607650518417,8.978256225585938,0.1062905490398407,-0.1368338167667389,0.4178318381309509,-7944,-2124,4022,420,-22,105,7
2025-06-27 12:52:39.172,0.5602431893348694,0.849941611289978,8.774748802185059,0.3555235862731933,0.0525344125926494,0.3811798989772796,-8001,-1774,4003,617,-127,59,7
2025-06-27 12:52:39.479,-3.904942989349365,-0.1221042871475219,4.920084476470947,-2.1429152488708496,2.537534236907959,-2.14902400970459,-8046,-1843,3930,-175,1110,-36,7
2025-06-27 12:52:39.666,1.33357036113739,-7.254431247711182,9.59596061706543,2.0109684467315674,-1.3903292417526243,-1.4758504629135132,-8251,-1777,3250,-94,1028,-376,7
2025-06-27 12:52:39.752,-0.395043283700943,-4.230554580688477,10.096348762512209,0.5522221922874451,-0.3481931984424591,-0.342084527015686,-8261,-1772,3252,291,729,-355,7
2025-06-27 12:52:39.860,-1.0079588890075684,-2.540247917175293,10.594342231750488,0.3799581825733185,-0.1221730485558509,-0.1197295859456062,-7568,-2016,3638,226,-65,-779,7
2025-06-27 12:52:39.960,-0.5315127968788147,-2.291250944137573,10.029311180114746,-0.107512280344963,-0.0488692186772823,-0.0464257597923278,-7799,-2338,3216,-335,363,-814,7
2025-06-27 12:52:40.070,-0.0023942016996443,-2.985569477081299,9.57201862335205,0.2260201424360275,0.1685988008975982,0.0073303831741213,-7879,-2046,3187,185,449,771,7
2025-06-27 12:52:40.177,0.3399766385555267,-5.16429328918457,8.975862503051758,0.3286454975605011,0.4349360466003418,0.5290092825889587,-8299,-1743,3170,953,619,504,7
2025-06-27 12:52:40.251,-1.0414776802062988,-1.968033790588379,9.315838813781738,0.1527163088321685,0.3066543638706207,1.7592918872833252,-7919,-1916,2975,1339,-2,-137,7
2025-06-27 12:52:40.461,-1.4077905416488647,0.0574608407914638,6.701370716094971,-1.3720033168792725,-0.7709119319915771,0.5558874011039734,-8249,-1876,3157,-22,58,516,7
2025-06-27 12:52:40.572,-0.4525041282176971,-3.725377798080444,8.774748802185059,-2.2394320964813232,-1.1288789510726929,-0.4630358517169952,-8199,-1566,3414,168,-372,1028,7
2025-06-27 12:52:40.968,1.3838485479354858,-10.927136421203612,6.160281181335449,0.7550294399261475,0.4092797040939331,0.4190535545349121,-7860,-1156,3260,55,60,968,7
2025-06-27 12:52:41.165,-0.2561795711517334,-8.702922821044922,7.635109424591064,0.3787364661693573,0.90408056974411,0.9150761365890504,-8095,-554,2768,-257,288,49,7
2025-06-27 12:52:41.460,-4.774038314819336,-5.226542472839356,6.208165168762207,1.1826350688934326,0.8649851679801941,1.4880677461624146,-8297,-939,3391,-4210,-2595,-2385,7
2025-06-27 12:52:41.555,-5.736507415771484,-2.868253707885742,5.937620162963867,1.5601497888565063,0.7648032903671265,1.3903292417526243,-8039,-1763,3572,-3636,-2204,-1923,7
2025-06-27 12:52:41.671,-6.296750545501709,-1.2066776752471924,5.738901615142822,1.3573426008224487,0.7183775305747986,1.1068878173828125,-7739,-2459,4219,-1947,-1857,-2000,7
2025-06-27 12:52:41.773,-6.710947513580322,0.4357447028160095,5.537788391113281,1.197295904159546,0.5974262356758118,0.8918632864952087,-7312,-3123,4396,-697,-942,-2601,7
2025-06-27 12:52:41.951,-7.390900611877441,2.410961151123047,4.637568473815918,0.7086036801338196,0.3640756905078888,0.5302310585975647,-6651,-4380,4544,882,-849,-3097,7
2025-06-27 12:52:42.052,-7.29034423828125,2.9520506858825684,4.448426723480225,0.4923573732376098,0.2076941877603531,0.3677408695220947,-6348,-4694,4935,793,-428,-2617,7
2025-06-27 12:52:42.160,-7.29034423828125,2.9520506858825684,4.448426723480225,0.4923573732376098,0.2076941877603531,0.3677408695220947,-6348,-4694,4935,793,-428,-2617,7
2025-06-27 12:52:42.373,-7.706935405731201,4.022258758544922,3.969586372375488,0.261450320482254,0.0708603709936142,0.117286130785942,-6012,-5237,5020,256,-403,-1636,7
2025-06-27 12:52:42.665,-7.467514991760254,4.838681697845459,3.531447410583496,0.3567453026771545,0.0293215326964855,0.0781907513737678,-5348,-5662,5312,136,99,-253,7
2025-06-27 12:52:42.752,-7.393294811248779,4.467580318450928,3.679888010025024,0.2296853363513946,0.0097738439217209,0.0537561401724815,-5373,-5338,5319,-111,30,-300,7
2025-06-27 12:52:42.851,-7.393294811248779,4.467580318450928,3.679888010025024,0.2296853363513946,0.0097738439217209,0.0537561401724815,-5350,-5354,5315,76,-268,15,7
2025-06-27 12:52:43.161,-7.496245384216309,5.025429248809815,2.913743495941162,0.197920337319374,0.0891863256692886,0.0317649915814399,-5253,-5507,5325,105,320,-257,7
2025-06-27 12:52:43.266,-7.496245384216309,5.025429248809815,2.913743495941162,0.197920337319374,0.0891863256692886,0.0317649915814399,-5282,-5753,5294,62,-80,-121,7
2025-06-27 12:52:43.466,-7.479485988616943,4.999093055725098,2.96162748336792,0.0305432621389627,-0.0036651915870606,-0.0403171069920063,-5318,-5757,5297,98,-23,108,7
2025-06-27 12:52:43.753,-7.709329605102539,4.819528102874756,3.3662476539611816,-0.1453859210014343,-0.0794124826788902,0.0036651915870606,-5258,-5747,5298,-134,111,-543,7
2025-06-27 12:52:43.971,-7.47230339050293,4.896142482757568,3.7421371936798096,-0.2736676335334778,-0.1123992055654525,-0.0733038261532783,-5118,-5938,5290,-186,-317,-347,7
2025-06-27 12:52:44.655,-3.598485231399536,-5.094861030578613,6.787561893463135,-1.3756685256958008,-0.9639453291893004,-2.1282544136047363,-6500,-4929,4489,-1098,-60,2086,7
2025-06-27 12:52:44.760,-2.813186883926392,-8.056488990783691,7.261613845825195,-0.740368664264679,-1.1508700847625732,-1.9511035680770876,-6783,-4709,4692,-457,-38,1431,7
2025-06-27 12:52:44.855,-0.6823474764823914,-8.951920509338379,8.365341186523438,0.2871066629886627,-1.1020009517669678,-1.0971139669418335,-6996,-4225,4608,-432,-79,1291,7
2025-06-27 12:52:45.174,0.7158663272857666,-7.673416614532471,7.005434036254883,-0.0329867228865623,-0.3139847218990326,-0.0134390350431203,-7024,-4071,4719,-361,-151,1037,7
2025-06-27 12:52:45.273,1.4197616577148438,-8.2312650680542,9.30386734008789,-0.294437050819397,-0.1832595765590667,-0.0146607663482427,-6984,-4215,4695,6,-377,1033,7
2025-06-27 12:52:45.371,2.473210334777832,-9.27034854888916,8.087613105773926,0.901637077331543,0.180816113948822,0.394618958234787,-7251,-3712,4544,320,298,479,7
2025-06-27 12:52:45.451,2.473210334777832,-9.27034854888916,8.087613105773926,0.901637077331543,0.180816113948822,0.394618958234787,-7011,-3926,4918,1240,896,840,7
2025-06-27 12:52:45.858,0.5650315880775452,-1.4700398445129397,8.185775756835938,1.0482447147369385,-0.598647952079773,-0.5839871764183044,-7821,-2522,3669,288,961,373,7
2025-06-27 12:52:45.954,0.5650315880775452,-1.4700398445129397,8.185775756835938,1.0482447147369385,-0.598647952079773,-0.5839871764183044,-7821,-2522,3669,288,961,373,7
2025-06-27 12:52:46.068,0.4740519225597381,-1.6065093278884888,10.991780281066896,-0.0036651915870606,0.5180137157440186,0.8625417351722717,-7121,-3239,4090,-2598,-1671,188,7
2025-06-27 12:52:46.166,-1.8124107122421265,-0.586579442024231,9.801861763000488,0.6328563690185547,0.7367035150527954,1.442863702774048,-7425,-3244,4234,-138,-162,130,7
2025-06-27 12:52:46.352,-1.5131354331970217,2.942473888397217,8.552088737487793,0.7806857824325562,0.4373795092105865,1.4795156717300415,-7440,-3446,4230,-89,22,148,7
2025-06-27 12:52:46.452,-1.134851574897766,3.272873640060425,7.393294811248779,-0.261450320482254,-0.2357939779758453,0.8820894360542297,-7966,-2222,3955,3589,2895,1131,7
2025-06-27 12:52:46.552,-1.134851574897766,3.272873640060425,7.393294811248779,-0.261450320482254,-0.2357939779758453,0.8820894360542297,-7966,-2222,3955,3589,2895,1131,7
2025-06-27 12:52:47.170,0.730231523513794,0.727837324142456,9.241618156433104,-0.5192354321479797,0.0293215326964855,0.271224170923233,-7838,-1877,3302,-892,-29,604,7
2025-06-27 12:52:47.264,0.2130839526653289,-2.0829553604125977,9.761159896850586,0.0684169083833694,-0.2724458873271942,0.0500909499824047,-8260,-1425,2990,-763,234,366,7
2025-06-27 12:52:47.482,0.6272808313369751,1.915361404418945,10.053253173828123,0.0219911485910415,-0.0488692186772823,0.0,-7630,-2038,4021,-1663,-1831,-980,7
2025-06-27 12:52:47.681,0.5889736413955688,-0.7637503147125244,9.730035781860352,-0.1441642045974731,-0.0280998013913631,-0.2174680233001709,-7403,-2278,4555,-1349,-1623,307,7
2025-06-27 12:52:47.779,0.4453215301036834,-1.946485996246338,10.06043529510498,-0.8918632864952087,0.0488692186772823,-0.2162462919950485,-7136,-2483,4766,-1,-106,-552,7
2025-06-27 12:52:48.261,1.259350061416626,-0.8667010068893433,10.414777755737305,-0.0158824957907199,-0.3213151097297668,0.1869247704744339,-7337,-2460,4746,-486,-603,-45,7
2025-06-27 12:52:48.369,1.0606313943862915,-6.222530364990234,9.586383819580078,-1.302364706993103,0.0891863256692886,0.6145304441452026,-7458,-2550,5210,-1055,-596,535,7
2025-06-27 12:52:48.477,0.2178723514080047,-3.780444383621216,12.07156467437744,-0.4972442984580993,1.0824532508850098,0.2846632003784179,-7468,-2437,5181,-608,25,52,7
2025-06-27 12:52:48.561,-4.426878929138184,-3.021482467651367,6.995857238769531,0.7562511563301086,2.018298864364624,0.2467895597219467,-7375,-2633,4945,-893,-25,503,7
2025-06-27 12:52:48.752,-4.613626480102539,-3.1483752727508545,5.260061264038086,0.7867944240570068,0.2345722615718841,-0.3323107063770294,-7320,-2687,4882,-491,603,720,7
2025-06-27 12:52:49.158,-4.321534156799316,-2.008735179901123,8.185775756835938,0.3384193480014801,-0.2626720666885376,-0.5400048494338989,-7333,-2689,4896,47,-294,338,7
2025-06-27 12:52:49.259,-4.120420932769775,-3.93367338180542,5.6910176277160645,-0.7330383062362671,-0.2199114859104156,-0.2260201424360275,-7304,-2900,4913,79,-259,268,7
2025-06-27 12:52:49.451,-4.007893562316895,-2.343923568725586,7.69735860824585,0.090408056974411,-0.0684169083833694,-0.0561996027827262,-7326,-2557,4892,97,-118,162,7
2025-06-27 12:52:49.571,-3.9264907836914062,-1.8555063009262085,8.71489429473877,0.0598647929728031,-0.0232128798961639,-0.0403171069920063,-7390,-2488,4909,51,-105,193,7
2025-06-27 12:52:49.651,-4.307168960571289,-1.821987509727478,8.348581314086914,0.2394591718912124,0.0733038261532783,-0.0122173046693205,-7324,-2474,4742,-314,73,110,7
2025-06-27 12:52:49.864,-4.367023944854736,-0.569819986820221,7.936778545379639,0.3090978264808655,0.4227187633514404,0.2394591718912124,-7552,-2866,4947,71,-106,84,7
2025-06-27 12:52:50.052,-5.099649429321289,-0.2873041927814483,6.71334171295166,-0.3494149148464203,0.0952949747443199,1.2571606636047363,-7365,-2530,4913,19,-60,262,7
2025-06-27 12:52:50.156,-5.099649429321289,-0.2873041927814483,6.71334171295166,-0.3494149148464203,0.0952949747443199,1.2571606636047363,-7365,-2530,4913,19,-60,262,7
2025-06-27 12:52:50.554,-0.0646434426307678,1.7286136150360107,9.739612579345703,-0.8649851679801941,-1.2424999475479126,-0.5326744914054871,-7383,-2599,4980,323,-107,-42,7
2025-06-27 12:52:50.655,1.3000515699386597,-4.584896087646484,8.78432559967041,-2.353052854537964,-0.636521577835083,-1.1630873680114746,-7364,-2917,4575,-345,335,120,7
2025-06-27 12:52:50.752,1.9704279899597168,-10.283096313476562,7.635109424591064,-3.4403929710388184,-0.8649851679801941,-0.0635299831628799,-7718,-2862,4735,-316,-4,-11,7
2025-06-27 12:52:50.959,1.0199298858642578,-7.137115478515625,10.055646896362305,0.0733038261532783,0.1258382350206375,0.0390953756868839,-7456,-3167,4880,1051,219,29,7
2025-06-27 12:52:51.051,1.1420341730117798,-6.493074893951416,6.97430944442749,1.4440854787826538,0.0390953756868839,-0.0708603709936142,-7642,-2361,3813,5257,4267,1889,7
2025-06-27 12:52:51.273,1.869871497154236,-1.2401964664459229,8.619126319885254,0.6548475623130798,-0.1795943826436996,0.2443460971117019,-8079,-1064,3050,3878,2546,2050,7
2025-06-27 12:52:51.352,1.948880195617676,-0.849941611289978,8.183381080627441,-0.261450320482254,-0.1795943826436996,-0.1551597714424133,-8458,-525,2908,1742,1371,999,7
2025-06-27 12:52:51.461,2.1954829692840576,-0.7876923680305481,7.175422668457031,-1.1985175609588623,-0.1991420686244964,-0.5546656250953674,-8169,-335,2722,869,175,935,7
2025-06-27 12:52:51.852,5.489904403686523,-7.603984832763672,10.6925048828125,1.1447614431381226,1.6420058012008667,1.4892895221710205,-8126,-593,3010,-3309,-2398,-1439,7
2025-06-27 12:52:51.975,5.489904403686523,-7.603984832763672,10.6925048828125,1.1447614431381226,1.6420058012008667,1.4892895221710205,-8026,-1231,3931,-3030,-2093,-1306,7
2025-06-27 12:52:52.077,0.9528923034667968,-6.155492782592773,9.751583099365234,1.216843605041504,2.9052751064300537,1.52105450630188,-7622,-1809,4216,-2015,-1319,-924,7
2025-06-27 12:52:52.479,-3.263296842575073,-7.893682956695557,3.950432777404785,-1.7861700057983398,-0.598647952079773,-0.9297369122505188,-7572,-2646,3838,-970,-233,-878,7
2025-06-27 12:52:52.967,-3.739742994308472,-3.3518824577331543,4.527435302734375,-0.759916365146637,-1.1056660413742063,0.7012733221054077,-7107,-3243,4029,-388,45,46,7
2025-06-27 12:52:53.163,-3.0550012588500977,-4.541800498962402,4.752490520477295,-1.187522053718567,-1.5418238639831543,-0.2028072625398636,-7391,-3342,3902,-362,824,165,7
2025-06-27 12:52:53.273,-1.436521053314209,-9.205705642700195,6.706159114837647,-0.4337143301963806,-1.1264355182647705,-0.5632177591323853,-7990,-2762,3892,193,209,188,7
2025-06-27 12:52:53.459,0.3734954595565796,-6.107608318328857,8.841787338256836,-0.1795943826436996,-0.4862487316131592,-0.4043927788734436,-7324,-3051,3753,-567,61,-154,7
2025-06-27 12:52:53.551,0.2154781520366668,-9.083600997924805,8.966285705566406,-0.3029891550540924,0.1282816976308822,-0.3433062732219696,-7301,-3429,3743,-561,124,-156,7
2025-06-27 12:52:53.664,-0.7158663272857666,-6.165069580078125,5.7772088050842285,1.4575244188308716,0.8026769161224365,0.221133217215538,-7325,-2972,3776,387,347,322,7
2025-06-27 12:52:53.957,-0.2011129409074783,-2.681505918502808,6.402095317840576,-0.3982841372489929,-0.1563815027475357,-0.0097738439217209,-7697,-3108,3497,-336,202,383,7
2025-06-27 12:52:54.156,-2.121262788772583,-2.3271639347076416,8.604761123657227,0.50335294008255,-0.1001818999648094,0.4593706727027893,-7703,-3114,3470,-325,246,337,7
2025-06-27 12:52:54.357,-2.011129379272461,-1.5275006294250488,9.481039047241213,0.4288274049758911,-0.0855211317539215,0.2357939779758453,-7373,-2769,3722,304,-51,6,7
2025-06-27 12:52:54.470,-2.011129379272461,-1.5275006294250488,9.481039047241213,0.4288274049758911,-0.0855211317539215,0.2357939779758453,-7373,-2769,3722,304,-51,6,7
2025-06-27 12:52:54.770,-0.6392518281936646,0.5817909836769104,9.071630477905272,0.3225368559360504,-0.2406809031963348,0.0488692186772823,-7739,-3164,3549,-336,152,121,7
