Timestamp,Gyro_x_x,Gyro_y_x,Gyro_z_x,Acc_x_x,Acc_y_x,Acc_z_x,Gyro_x_y,Gyro_y_y,Gyro_z_y,Acc_x_y,Acc_y_y,Acc_z_y,combined_action_num
2025-06-27 16:33:39.836,-7.534552574157715,-3.531447410583496,1.1659762859344482,0.7929030656814575,0.5949827432632446,-1.3255776166915894,-4828,6090,1145,747,297,-380,0
2025-06-27 16:33:40.020,-3.995922565460205,-8.540117263793945,2.779668092727661,5.462357044219971,-0.9749409556388856,-2.5973989963531494,-5165,6264,354,1230,51,-400,0
2025-06-27 16:33:40.720,0.5650315880775452,-6.5050458908081055,13.115436553955078,0.2822197377681732,-0.4251621961593628,-0.3628539443016052,-5751,5206,722,-328,-407,-184,0
2025-06-27 16:33:41.041,-1.580173134803772,-7.137115478515625,6.466738700866699,-0.342084527015686,0.1893682330846786,-0.0244346093386411,-5955,4861,1059,-7,-525,-204,0
2025-06-27 16:33:41.141,-1.5298948287963867,-6.186617374420166,7.46033239364624,0.0928515195846557,0.0317649915814399,0.1087340116500854,-6203,5232,1122,341,-196,46,0
2025-06-27 16:33:41.246,-1.922544002532959,-6.478709697723389,7.0126166343688965,-0.1771509200334549,0.1954768747091293,0.0158824957907199,-5506,5516,661,346,155,509,0
2025-06-27 16:33:41.835,-2.33913516998291,-6.361393928527832,6.955155849456787,0.607200026512146,-0.5204572081565857,0.588874101638794,-5422,5752,460,-186,298,-253,0
2025-06-27 16:33:41.935,-0.9648633003234864,-4.817133903503418,11.207258224487305,0.7244861721992493,-0.461814135313034,0.2284636050462722,-5526,5685,485,-580,172,-399,0
2025-06-27 16:33:42.123,-0.0478840321302413,-7.441178798675537,8.559270858764648,-1.0897835493087769,0.3591887652873993,-0.4373795092105865,-5905,5726,497,-396,-40,-172,0
2025-06-27 16:33:42.237,-3.1483752727508545,-6.339846134185791,6.739677906036377,-0.2480112910270691,0.4398229718208313,-0.2834414839744568,-5647,5309,994,-75,-577,-39,0
2025-06-27 16:33:42.328,-1.3646949529647827,-5.197812080383301,8.008605003356934,-0.4728097021579742,0.0256563406437635,-0.107512280344963,-5698,5608,446,1070,-348,10,0
2025-06-27 16:33:42.533,-3.25611424446106,-6.01423454284668,6.777985095977783,0.3054326176643371,-0.2089159190654754,0.0427605658769607,-5635,5663,496,330,-327,-84,0
2025-06-27 16:33:42.628,-1.7980455160140991,-7.489062786102295,7.7883381843566895,-0.1722639948129654,0.067195177078247,-0.0427605658769607,-5369,5635,496,-6,85,-46,0
2025-06-27 16:33:42.720,-1.3024457693099976,-5.925649166107178,7.503427982330322,0.2419026345014572,0.1087340116500854,0.2687807083129883,-5280,5311,427,108,-43,109,0
2025-06-27 16:33:42.928,-1.3766659498214722,-7.194576263427734,6.653486728668213,-0.789237916469574,-0.0085521135479211,-0.0024434609804302,-5532,5749,406,-565,370,125,0
2025-06-27 16:33:43.027,-2.008735179901123,-6.416460514068604,7.319074630737305,0.4105014503002167,-0.1820378452539444,0.2199114859104156,-5307,5327,893,-186,376,-114,0
2025-06-27 16:33:43.127,-1.3120225667953491,-5.374982833862305,6.8162922859191895,-0.7684684991836548,0.1795943826436996,0.0061086523346602,-5694,5553,621,-35,364,91,0
2025-06-27 16:33:43.230,-3.1938650608062744,-5.738901615142822,7.115567684173584,-0.2138028293848037,0.167377084493637,-0.1832595765590667,-5716,5522,394,66,-48,-183,0
2025-06-27 16:33:43.320,-0.8834604024887085,-4.73573112487793,6.900089263916016,-0.2345722615718841,0.1832595765590667,0.0720821022987365,-5340,5719,613,-154,-122,-590,0
2025-06-27 16:33:43.644,-1.800439715385437,-6.44279670715332,6.97430944442749,-0.0452040284872055,-0.0500909499824047,0.0329867228865623,-5657,5730,474,71,-136,-50,0
2025-06-27 16:33:43.726,-1.9584569931030276,-6.598419666290283,6.842628479003906,0.0488692186772823,-0.0366519130766391,0.0574213340878486,-5642,5688,769,-393,-65,-67,0
2025-06-27 16:33:43.924,0.0790086537599563,-5.552153587341309,6.133944988250732,0.1343903541564941,-0.0305432621389627,0.1441642045974731,-5651,5545,484,-34,-180,-5,0
2025-06-27 16:33:44.133,-4.661510944366455,-5.39174222946167,7.936778545379639,0.5583308339118958,-0.1258382350206375,-0.0830776765942573,-5659,5512,804,-33,-192,-60,0
2025-06-27 16:33:44.620,-3.363853454589844,-6.531382083892822,6.785167694091797,0.1441642045974731,0.1514945775270462,-0.0867428630590438,-5321,5742,472,-330,283,-70,0
2025-06-27 16:33:44.843,-2.3127987384796143,-6.208165168762207,7.929595947265625,0.475253164768219,0.0073303831741213,0.1185078546404838,-5257,5646,682,14,-49,-257,0
2025-06-27 16:33:45.023,-2.138022184371948,-5.612008571624756,7.3023152351379395,0.1026253625750541,-0.0867428630590438,-0.0537561401724815,-5262,5983,844,309,42,-88,0
2025-06-27 16:33:45.530,-1.6639702320098877,-6.038176536560059,7.407660007476807,-0.0476474873721599,-0.0036651915870606,-0.0183259565383195,-5301,5569,892,-76,-77,316,0
2025-06-27 16:33:45.626,-1.723825216293335,-6.028599739074707,7.477091789245605,0.0684169083833694,-0.0293215326964855,-0.0048869219608604,-5300,5570,866,-87,-73,-14,0
2025-06-27 16:33:45.721,-1.8148049116134644,-5.556941986083984,7.805097579956055,0.0794124826788902,0.0610865242779254,-0.0097738439217209,-5328,5565,887,-57,-69,-62,0
2025-06-27 16:33:45.823,-1.7046716213226318,-5.951985359191895,7.51779317855835,-0.058643065392971,0.0146607663482427,-0.0244346093386411,-5335,5566,889,-32,-88,-71,0
2025-06-27 16:33:46.020,-1.766920804977417,-5.70777702331543,7.529764175415039,0.0122173046693205,-0.0012217304902151,0.0158824957907199,-5301,5561,861,273,-107,-124,0
2025-06-27 16:33:46.229,-1.968033790588379,-5.95677375793457,7.400477409362793,0.0342084541916847,-0.0134390350431203,0.0024434609804302,-5277,5601,685,-271,-23,299,0
2025-06-27 16:33:46.329,-1.747767210006714,-5.815515995025635,7.486668586730957,-0.0122173046693205,0.0,0.0085521135479211,-5261,5613,677,-277,-60,114,0
2025-06-27 16:33:46.434,-1.8722656965255735,-5.999869346618652,7.378929615020752,0.0232128798961639,-0.0036651915870606,0.0097738439217209,-5498,5956,882,607,90,-279,0
2025-06-27 16:33:46.531,-1.9800047874450684,-6.119579315185547,7.2352776527404785,0.0647517144680023,-0.0280998013913631,0.0085521135479211,-5456,5957,822,372,115,14,0
2025-06-27 16:33:46.825,-2.042253971099853,-5.432443618774414,7.402871608734131,0.0684169083833694,-0.0207694191485643,-0.0232128798961639,-5303,5932,203,285,279,95,0
2025-06-27 16:33:47.046,-1.7094600200653076,-5.389348030090332,7.508216381072998,0.0415388382971286,-0.0561996027827262,0.0329867228865623,-5570,5449,797,-40,69,-429,0
2025-06-27 16:33:47.125,-1.7094600200653076,-5.389348030090332,7.508216381072998,0.0415388382971286,-0.0561996027827262,0.0329867228865623,-5374,5679,753,337,-47,-95,0
2025-06-27 16:33:47.332,-1.678335428237915,-6.196194171905518,7.16584587097168,-0.0598647929728031,-0.0097738439217209,-0.0280998013913631,-5350,5518,509,64,660,164,0
2025-06-27 16:33:47.432,-2.006340980529785,-5.626373767852783,7.702147006988525,0.2113593816757202,-0.0195476878434419,0.1368338167667389,-5296,5375,144,113,160,125,0
2025-06-27 16:33:47.621,-0.9552865028381348,-6.63433313369751,6.859387874603272,-0.2040289938449859,0.1747074574232101,-0.0378736443817615,-5653,5664,323,-334,-53,84,0
2025-06-27 16:33:47.721,-2.7748796939849854,-5.805939197540283,7.86734676361084,0.7415903806686401,-0.0891863256692886,-0.0781907513737678,-5757,5362,530,-211,89,277,0
2025-06-27 16:33:47.920,-0.7134721279144287,-5.159504890441895,7.726089000701904,0.1918116807937622,-0.1099557429552078,0.0745255574584007,-5320,5511,591,-31,-270,210,0
2025-06-27 16:33:48.032,-1.5203180313110352,-5.590460777282715,8.008605003356934,-0.1881465017795562,0.0354301854968071,-0.0109955742955207,-5296,5539,603,-266,-289,-46,0
2025-06-27 16:33:48.225,-1.6855180263519287,-5.808333396911621,7.534552574157715,-0.1392772793769836,0.0415388382971286,-0.0488692186772823,-5488,5560,406,122,-274,-65,0
2025-06-27 16:33:48.331,-1.644816517829895,-5.702988624572754,7.532158374786377,-0.0024434609804302,0.0647517144680023,-0.0073303831741213,-5259,5532,395,68,95,-15,0
2025-06-27 16:33:48.438,-1.9273324012756348,-5.477933406829834,7.694964408874512,-0.0403171069920063,-0.0122173046693205,-0.0012217304902151,-5480,5565,423,95,11,287,0
2025-06-27 16:33:48.636,-1.7070658206939695,-5.580883979797363,7.671022415161133,0.0733038261532783,-0.0183259565383195,0.0207694191485643,-5290,5607,427,-118,61,289,0
2025-06-27 16:33:49.123,-1.807622313499451,-5.863399982452393,7.544129371643066,-0.0378736443817615,0.0390953756868839,-0.051312681287527,-5460,5631,583,-302,-47,109,0
2025-06-27 16:33:49.321,-1.558625340461731,-5.679046630859375,7.599195957183838,-0.1038470938801765,-0.051312681287527,0.0036651915870606,-5429,5888,623,-182,-48,104,0
2025-06-27 16:33:49.720,-1.8339585065841677,-6.457161903381348,7.041347026824951,-0.2247984111309051,-0.0244346093386411,-0.0171042270958423,-5466,5629,505,-27,-115,-99,0
2025-06-27 16:33:49.825,-1.8339585065841677,-6.457161903381348,7.041347026824951,-0.2247984111309051,-0.0244346093386411,-0.0171042270958423,-5394,5946,609,-73,131,-6,0
2025-06-27 16:33:49.927,-1.2665326595306396,-6.416460514068604,7.599195957183838,-0.3152064681053161,0.0024434609804302,-0.0427605658769607,-5439,5601,637,-306,286,-36,0
2025-06-27 16:33:50.025,-2.032677173614502,-5.643133640289307,7.714118003845215,-0.0378736443817615,0.0647517144680023,-0.1050688251852989,-5421,5559,638,99,-26,256,0
2025-06-27 16:33:50.221,-1.5107412338256836,-6.835445880889893,7.074865818023682,0.0171042270958423,0.0818559452891349,-0.0305432621389627,-5387,5567,626,-105,-36,264,0
2025-06-27 16:33:50.320,-1.869871497154236,-5.5976433753967285,8.020575523376465,0.4092797040939331,-0.051312681287527,0.0598647929728031,-5042,6012,177,342,213,-360,0
2025-06-27 16:33:50.420,-1.7166426181793213,-6.121973514556885,7.613561630249023,-0.3298672437667846,-0.0097738439217209,0.0036651915870606,-5443,5627,209,20,-30,-83,0
2025-06-27 16:33:50.743,-0.849941611289978,-7.618350028991699,6.265625953674316,-0.1942551434040069,-0.0720821022987365,-0.0403171069920063,-5056,5968,188,-54,7,77,0
2025-06-27 16:33:50.930,-2.011129379272461,-6.023811340332031,7.469909191131592,0.2553416788578033,-0.0537561401724815,-0.0244346093386411,-5071,5610,592,-288,-264,-200,0
2025-06-27 16:33:51.024,-2.0661959648132324,-5.758055210113525,7.702147006988525,-0.0635299831628799,-0.0867428630590438,0.0647517144680023,-5388,5619,529,-348,-93,-216,0
2025-06-27 16:33:51.125,-1.3982137441635132,-5.880159378051758,7.738059997558594,0.0488692186772823,0.0024434609804302,-0.0048869219608604,-5489,5609,458,-476,-189,-312,0
2025-06-27 16:33:51.320,-2.583343744277954,-5.6191911697387695,7.050923824310303,-0.0500909499824047,-0.0525344125926494,0.0061086523346602,-5468,5593,787,1,9,335,0
2025-06-27 16:33:51.420,-1.5442601442337036,-6.354211330413818,7.393294811248779,-0.3103195428848266,0.0183259565383195,-0.0109955742955207,-5452,5933,879,92,-133,181,0
2025-06-27 16:33:51.531,-1.4053963422775269,-6.081272125244141,7.383718013763428,0.1820378452539444,0.0769690200686454,0.0561996027827262,-5402,5932,893,-95,-308,194,0
2025-06-27 16:33:52.020,-2.073378562927246,-5.657498836517334,7.99184513092041,-0.090408056974411,0.0500909499824047,-0.098960168659687,-4997,5805,847,-267,-111,305,0
2025-06-27 16:33:52.123,-1.5610195398330688,-6.739677906036377,7.070077419281006,0.2602286040782928,0.0244346093386411,0.0769690200686454,-4833,6020,850,-58,27,310,0
2025-06-27 16:33:52.525,-1.7286136150360107,-6.112396717071533,7.568071365356445,-0.2663372457027435,0.1417207419872284,-0.0500909499824047,-4998,5812,858,-9,72,-79,0
2025-06-27 16:33:52.629,-2.6431987285614014,-3.797203779220581,7.661445617675781,0.2577851414680481,-0.1111774742603302,0.0280998013913631,-5232,5815,508,-81,-55,-360,0
2025-06-27 16:33:52.722,-0.7852981686592102,-6.050147533416748,7.105990409851074,0.2101376503705978,-0.0439822971820831,0.0329867228865623,-5197,5864,415,266,269,-305,0
2025-06-27 16:33:52.942,-0.8810662031173706,-5.355829238891602,7.122750282287598,-0.3640756905078888,-0.0867428630590438,0.2076941877603531,-5048,5790,612,30,319,24,0
2025-06-27 16:33:53.640,-2.0470423698425293,-5.444414615631104,7.608773231506348,0.1221730485558509,0.0134390350431203,0.0207694191485643,-5239,5784,509,-127,45,-18,0
2025-06-27 16:33:54.622,-1.7310078144073486,-6.090848922729492,7.240066051483154,0.0488692186772823,-0.0097738439217209,0.0024434609804302,-5238,5791,469,36,-117,84,0
2025-06-27 16:33:55.120,-1.6376339197158811,-6.050147533416748,7.3693528175354,0.0366519130766391,-0.0048869219608604,0.0232128798961639,-5078,5767,390,60,-83,-323,0
2025-06-27 16:33:55.229,-1.721431016921997,-5.966350555419922,7.448361396789551,-0.0024434609804302,-0.0146607663482427,0.0085521135479211,-5084,5976,425,53,84,38,0
2025-06-27 16:33:55.320,-1.6041151285171509,-6.294356346130371,7.745242595672607,-0.0647517144680023,0.0342084541916847,0.0073303831741213,-5062,6005,427,-266,121,40,0
2025-06-27 16:33:55.434,-2.0039467811584477,-5.118803024291992,7.599195957183838,0.0610865242779254,0.0378736443817615,0.0720821022987365,-5423,5928,492,32,-79,-597,0
2025-06-27 16:33:55.526,-1.6352397203445437,-5.48272180557251,7.122750282287598,0.0635299831628799,0.0,0.0085521135479211,-5117,5950,433,-84,-21,-315,0
2025-06-27 16:33:55.637,-2.432508945465088,-5.449203014373779,7.477091789245605,0.0745255574584007,-0.107512280344963,0.0427605658769607,-5397,5938,387,-119,261,39,0
2025-06-27 16:33:55.828,-0.9361328482627868,-6.236895561218262,7.534552574157715,-0.1148426681756973,0.0085521135479211,-0.0342084541916847,-5278,5933,441,9,-80,-122,0
2025-06-27 16:33:56.120,-2.8443117141723637,-5.657498836517334,7.484274387359619,0.2199114859104156,-0.0867428630590438,-0.0256563406437635,-5110,5977,413,-101,63,268,0
2025-06-27 16:33:56.848,-1.5131354331970217,-5.552153587341309,7.611167430877685,-0.0745255574584007,0.0916297882795333,-0.0525344125926494,-5044,5807,455,32,-29,-108,0
2025-06-27 16:33:57.227,-2.0685901641845703,-5.65031623840332,7.608773231506348,-0.2577851414680481,-0.0610865242779254,-0.0500909499824047,-5003,6000,466,125,-106,90,0
2025-06-27 16:33:57.434,-1.455674648284912,-7.182605266571045,6.165069580078125,-0.4935791194438934,0.051312681287527,-0.0073303831741213,-5024,5806,390,-85,126,-122,0
2025-06-27 16:33:57.537,-2.427720546722412,-6.119579315185547,6.854599475860596,1.1117748022079468,-0.0842994004487991,0.0733038261532783,-5023,5790,448,56,-121,77,0
2025-06-27 16:33:58.122,-1.1827356815338137,-5.621585369110107,7.050923824310303,-0.475253164768219,0.0085521135479211,-0.0122173046693205,-5111,5799,613,342,111,289,0
2025-06-27 16:33:58.240,-2.250549554824829,-5.571307182312012,7.876923561096191,-0.0855211317539215,0.0219911485910415,-0.0415388382971286,-5015,5770,606,-73,54,29,0
2025-06-27 16:33:58.430,-1.6328455209732056,-5.832275390625,7.316680431365967,-0.1087340116500854,0.0024434609804302,0.0769690200686454,-5247,5959,413,15,-104,-126,0
2025-06-27 16:33:58.739,-2.568978309631348,-6.672640323638916,7.070077419281006,0.5314527750015259,-0.0268780700862407,0.0109955742955207,-5070,5951,623,-328,137,-290,0
2025-06-27 16:33:58.925,-1.0797849893569946,-5.305551052093506,7.862558364868164,-0.0415388382971286,0.0158824957907199,0.0610865242779254,-5107,5828,518,-250,42,80,0
2025-06-27 16:33:59.025,-1.0797849893569946,-5.305551052093506,7.862558364868164,-0.0415388382971286,0.0158824957907199,0.0610865242779254,-5107,5828,518,-250,42,80,0
2025-06-27 16:33:59.220,-1.0247182846069336,-5.48272180557251,6.907271862030029,-1.3768903017044067,0.0146607663482427,-0.0085521135479211,-5032,5798,389,-301,-230,94,0
2025-06-27 16:33:59.427,-1.7908629179000854,-4.972756862640381,7.690176010131836,0.0830776765942573,0.0561996027827262,0.0415388382971286,-5412,5799,651,195,54,-77,0
2025-06-27 16:33:59.541,-1.908178806304932,-5.91128396987915,7.611167430877685,-0.0219911485910415,-0.0561996027827262,0.0146607663482427,-5056,5851,810,47,-21,-19,0
2025-06-27 16:33:59.730,-1.115697979927063,-5.439626216888428,6.916848659515381,-0.0769690200686454,0.0390953756868839,-0.0207694191485643,-5415,5952,611,294,168,-83,0
2025-06-27 16:33:59.840,-1.2258312702178955,-7.003039836883545,7.283161640167236,-0.0794124826788902,0.1246165111660957,-0.1099557429552078,-5415,5963,558,9,160,-54,0
2025-06-27 16:33:59.928,-2.8658595085144043,-4.972756862640381,7.795520782470703,0.4080579876899719,0.1148426681756973,-0.0757472887635231,-5460,5941,580,-328,153,-43,0
2025-06-27 16:34:00.023,-1.807622313499451,-5.700594425201416,7.654263019561768,0.2443460971117019,-0.1136209368705749,0.1160643994808197,-5464,5906,636,-130,293,267,0
2025-06-27 16:34:00.321,-1.9776105880737305,-6.0405707359313965,7.687781810760498,-0.1148426681756973,-0.0354301854968071,-0.0268780700862407,-5043,5797,618,-345,-107,114,0
2025-06-27 16:34:00.620,-1.7286136150360107,-5.951985359191895,7.362170219421387,-0.1771509200334549,0.0317649915814399,-0.0452040284872055,-5467,5573,490,-332,63,-154,0
2025-06-27 16:34:00.920,-2.1811177730560303,-5.827486991882324,7.532158374786377,-0.1612684279680252,-0.0794124826788902,0.0403171069920063,-5257,5962,724,287,-147,269,0
2025-06-27 16:34:01.520,-1.81959331035614,-5.693411827087402,7.275979042053223,-0.1771509200334549,-0.0842994004487991,-0.0158824957907199,-5403,5929,886,17,312,-293,0
2025-06-27 16:34:01.848,-1.580173134803772,-6.011840343475342,7.412448406219482,-0.098960168659687,0.0024434609804302,-0.0061086523346602,-5038,5799,834,25,-110,20,0
2025-06-27 16:34:01.923,-1.9369091987609863,-6.19379997253418,7.168240070343018,0.0855211317539215,-0.0048869219608604,0.0158824957907199,-5231,5854,771,80,-11,-259,0
2025-06-27 16:34:02.034,-1.558625340461731,-6.3973069190979,7.177816867828369,-0.3274237811565399,0.0097738439217209,-0.0219911485910415,-5231,5855,494,3,267,-289,0
2025-06-27 16:34:02.233,-1.6735470294952393,-5.872976779937744,6.892906665802002,-0.2272418737411499,0.0720821022987365,-0.0146607663482427,-5113,5954,775,-329,-7,-273,0
2025-06-27 16:34:02.342,-3.189076662063598,-5.884947776794434,7.383718013763428,-0.1453859210014343,-0.1649336218833923,-0.0134390350431203,-5085,5761,781,109,-43,58,0
2025-06-27 16:34:02.421,-2.0254945755004883,-6.550535678863525,5.990292549133301,0.0195476878434419,-0.0354301854968071,-0.0733038261532783,-5098,5781,775,27,-114,42,0
2025-06-27 16:34:02.820,-0.8930372595787048,-6.66785192489624,6.069301128387451,-0.3005456924438476,-0.0305432621389627,-0.0097738439217209,-5104,5769,857,293,-303,54,0
2025-06-27 16:34:03.634,-1.889025092124939,-7.184999465942383,6.004657745361328,0.2333505302667617,-0.0280998013913631,0.0085521135479211,-5051,5998,500,-103,11,-42,0
2025-06-27 16:34:04.224,-1.7693150043487549,-5.880159378051758,7.802703380584717,-0.3213151097297668,-0.1331686228513717,0.0635299831628799,-5403,5934,499,-118,-24,-5,0
2025-06-27 16:34:04.327,-2.2601263523101807,-6.215347766876221,7.422025203704834,0.5277875661849976,-0.1246165111660957,-0.0427605658769607,-5108,5959,415,5,-24,-74,0
2025-06-27 16:34:04.436,-2.1811177730560303,-5.805939197540283,7.38132381439209,0.2235766798257827,-0.0500909499824047,0.0183259565383195,-5116,5903,481,-331,-61,-261,0
2025-06-27 16:34:04.526,-1.460463047027588,-6.210559368133545,7.1921820640563965,-0.2626720666885376,-0.0500909499824047,0.0061086523346602,-5083,5627,468,9,-52,-71,0
2025-06-27 16:34:04.720,-1.9800047874450684,-6.27280855178833,7.24485445022583,0.197920337319374,0.0598647929728031,0.0036651915870606,-5377,5942,405,-356,362,71,0
2025-06-27 16:34:04.920,-1.9991583824157717,-5.74129581451416,7.42681360244751,-0.2186897546052932,0.0171042270958423,0.0329867228865623,-5398,5915,435,33,-109,85,0
2025-06-27 16:34:05.020,-1.802833914756775,-5.9088897705078125,7.424419403076172,-0.2467895597219467,-0.0317649915814399,0.0684169083833694,-5086,5809,598,-162,-92,83,0
2025-06-27 16:34:05.120,-1.8722656965255735,-6.186617374420166,7.845798969268799,0.2394591718912124,-0.0720821022987365,-0.0158824957907199,-5068,5898,428,2,87,95,0
2025-06-27 16:34:05.420,-1.7166426181793213,-5.8442463874816895,7.752425193786621,-0.090408056974411,0.058643065392971,-0.0366519130766391,-5379,6007,798,-318,40,-78,0
2025-06-27 16:34:05.720,-1.4844050407409668,-6.732495307922363,6.801927089691162,-0.3762930035591125,0.1062905490398407,-0.0952949747443199,-5109,5930,657,-53,-314,258,0
2025-06-27 16:34:05.820,-2.410961151123047,-6.694188117980957,7.163451671600342,-0.2394591718912124,0.0684169083833694,-0.1270599663257599,-5072,5959,394,113,-3,15,0
2025-06-27 16:34:06.120,-1.455674648284912,-6.7708024978637695,6.876147270202637,-0.0525344125926494,-0.0684169083833694,0.0244346093386411,-5083,5809,598,9,-23,-280,0
2025-06-27 16:34:06.220,-1.900996208190918,-6.370970726013184,7.232883453369141,-0.1087340116500854,0.0244346093386411,-0.0183259565383195,-5006,5995,620,-22,25,89,0
2025-06-27 16:34:06.324,-2.1284453868865967,-6.22731876373291,6.703764915466309,0.2565633952617645,-0.0378736443817615,0.1148426681756973,-5086,6010,402,75,73,31,0
2025-06-27 16:34:06.523,-0.9576807022094728,-6.624756336212158,5.870582580566406,0.0647517144680023,0.0317649915814399,-0.1014036312699318,-5442,5951,438,-95,71,42,0
2025-06-27 16:34:07.548,-2.250549554824829,-5.389348030090332,7.785943984985352,-0.0085521135479211,0.0623082555830478,-0.0623082555830478,-5031,5946,411,79,275,76,0
2025-06-27 16:34:07.621,-1.436521053314209,-5.710171222686768,7.60637903213501,-0.1429424732923507,-0.0061086523346602,-0.0378736443817615,-5368,5999,462,-264,-307,53,0
2025-06-27 16:34:08.340,-1.1851298809051514,-6.543353080749512,7.541735172271728,0.1588249653577804,-0.0048869219608604,0.0598647929728031,-5083,5950,648,4,77,122,0
2025-06-27 16:34:08.421,-1.1851298809051514,-6.543353080749512,7.541735172271728,0.1588249653577804,-0.0048869219608604,0.0598647929728031,-5083,5950,648,4,77,122,0
2025-06-27 16:34:09.120,-0.912190854549408,-6.411672115325928,6.5912370681762695,-0.0305432621389627,-0.0403171069920063,0.0329867228865623,-5422,6004,853,114,-10,77,0
2025-06-27 16:34:09.520,-1.9776105880737305,-6.734889507293701,6.519411087036133,0.2321287989616394,-0.1062905490398407,0.0574213340878486,-5106,5897,240,109,-384,27,0
2025-06-27 16:34:09.939,-3.1914708614349365,-7.929595947265625,6.646304130554199,0.5717698931694031,0.0293215326964855,0.0867428630590438,-5458,5599,717,-609,-106,-88,0
2025-06-27 16:34:10.122,-2.008735179901123,-6.117185115814209,7.000645637512207,-0.1123992055654525,-0.0378736443817615,-0.0891863256692886,-5088,5804,804,-80,-125,-8,0
2025-06-27 16:34:10.220,-2.008735179901123,-6.117185115814209,7.000645637512207,-0.1123992055654525,-0.0378736443817615,-0.0891863256692886,-5088,5804,804,-80,-125,-8,0
2025-06-27 16:34:11.220,-1.6831238269805908,-5.554547786712647,7.486668586730957,0.230907067656517,0.067195177078247,0.0403171069920063,-5078,6013,501,64,283,104,0
2025-06-27 16:34:11.320,-2.7006595134735107,-2.6455929279327397,7.898471355438232,1.428202986717224,-0.1795943826436996,0.0830776765942573,-5217,5762,506,17,-80,17,0
2025-06-27 16:34:11.520,-2.403778553009033,-7.333439826965332,6.8043212890625,0.2822197377681732,0.0696386396884918,0.0500909499824047,-5198,5876,447,-352,-109,-184,0
2025-06-27 16:34:11.633,-1.8052281141281128,-6.555324077606201,7.496245384216309,-0.4667010605335235,-0.0891863256692886,0.0134390350431203,-5094,5993,775,-506,-21,-604,0
2025-06-27 16:34:11.736,-2.0374655723571777,-5.583278179168701,7.433996200561523,0.2968805134296417,-0.1685988008975982,-0.0244346093386411,-5389,5975,856,121,-56,267,0
2025-06-27 16:34:11.830,-1.498770236968994,-6.610390663146973,6.866570472717285,0.2883284091949463,-0.0891863256692886,0.0390953756868839,-5201,5858,834,277,120,280,0
2025-06-27 16:34:12.023,-2.03507137298584,-6.038176536560059,7.438784599304199,-0.0806342139840126,0.0415388382971286,-0.0561996027827262,-5385,5800,804,-308,277,-345,0
2025-06-27 16:34:12.249,-1.745373010635376,-5.963956356048584,7.594407558441162,-0.0806342139840126,0.0439822971820831,-0.0158824957907199,-5055,6003,638,117,99,67,0
2025-06-27 16:34:12.320,-1.745373010635376,-5.963956356048584,7.594407558441162,-0.0806342139840126,0.0439822971820831,-0.0158824957907199,-5055,6003,638,117,99,67,0
2025-06-27 16:34:12.740,-1.5705963373184204,-6.141127586364746,7.42681360244751,-0.1062905490398407,-0.0195476878434419,0.0427605658769607,-5099,5966,821,12,64,-285,0
2025-06-27 16:34:13.437,-2.1811177730560303,-6.564900875091553,7.362170219421387,0.2125810980796814,0.0549778714776039,0.0659734457731247,-5073,5982,828,-264,112,17,0
2025-06-27 16:34:13.631,-2.145204782485962,-5.011064052581787,7.410054206848144,0.3738495409488678,0.0183259565383195,-0.0769690200686454,-5106,5764,482,72,367,-64,0
2025-06-27 16:34:13.820,-1.6519991159439087,-5.837063789367676,7.805097579956055,-0.0525344125926494,-0.0244346093386411,0.0268780700862407,-5454,5939,811,-292,188,20,0
2025-06-27 16:34:13.920,-1.8531121015548704,-5.5329999923706055,7.51779317855835,0.1270599663257599,-0.1612684279680252,0.0415388382971286,-5445,5968,772,24,145,-108,0
2025-06-27 16:34:14.220,-2.6791117191314697,-6.366182327270508,7.917624950408935,0.1722639948129654,-0.0916297882795333,0.0439822971820831,-5396,5977,510,42,136,-59,0
2025-06-27 16:34:14.820,-1.1851298809051514,-6.052541732788086,6.921637058258057,0.0244346093386411,-0.058643065392971,-0.0207694191485643,-5011,5532,551,308,512,367,0
2025-06-27 16:34:14.930,-2.051830768585205,-6.4595561027526855,7.386112213134766,-0.3408628106117248,0.0745255574584007,-0.1429424732923507,-5425,5935,1057,-71,-155,64,0
2025-06-27 16:34:15.423,-1.58256733417511,-5.626373767852783,7.647080421447754,-0.4349360466003418,-0.0036651915870606,-0.0097738439217209,-5391,5629,720,-45,64,16,0
2025-06-27 16:34:15.620,-2.0254945755004883,-5.521028995513916,7.350199222564697,0.1600466966629028,0.0354301854968071,0.0708603709936142,-5461,5949,662,266,-72,-118,0
2025-06-27 16:34:15.727,-2.3127987384796143,-5.2672438621521,7.354987621307373,0.157603234052658,0.0256563406437635,-0.0415388382971286,-5493,5975,653,-1,-99,-80,0
2025-06-27 16:34:16.150,-1.623268723487854,-5.475539207458496,7.333439826965332,-0.0390953756868839,0.0342084541916847,-0.0109955742955207,-5054,5812,661,59,72,127,0
2025-06-27 16:34:16.220,-1.6112977266311646,-5.6455278396606445,7.663839817047119,0.0097738439217209,0.1136209368705749,-0.0525344125926494,-5028,5795,657,65,71,115,0
2025-06-27 16:34:16.320,-1.5729905366897583,-5.559336185455322,7.630321025848389,0.1233947798609733,-0.0219911485910415,0.0439822971820831,-5090,5806,660,-123,-125,53,0
2025-06-27 16:34:16.422,-1.8411411046981807,-5.626373767852783,7.4555439949035645,0.0427605658769607,-0.0195476878434419,0.0427605658769607,-5076,5805,885,62,-103,16,0
2025-06-27 16:34:16.720,-1.8387469053268437,-6.555324077606201,6.780379295349121,-0.1918116807937622,0.0207694191485643,-0.0183259565383195,-5110,5766,881,8,-28,-121,0
2025-06-27 16:34:16.833,-1.3551181554794312,-6.847416877746582,7.0341644287109375,-0.1185078546404838,-0.0146607663482427,-0.0109955742955207,-5045,5760,860,-289,336,69,0
2025-06-27 16:34:17.038,-1.4963760375976562,-6.246472358703613,7.0988078117370605,0.0280998013913631,0.0109955742955207,0.0048869219608604,-5039,5827,466,103,283,-102,0
2025-06-27 16:34:17.421,-1.8579005002975464,-5.784391403198242,7.515398979187012,0.2956587672233581,-0.0268780700862407,-0.0036651915870606,-5060,5808,487,31,257,101,0
2025-06-27 16:34:17.641,-1.8555063009262085,-6.236895561218262,7.242460250854492,0.0769690200686454,0.0146607663482427,0.0061086523346602,-5078,5784,496,18,-33,69,0
2025-06-27 16:34:18.127,-3.0190882682800293,-5.837063789367676,7.005434036254883,0.342084527015686,0.0525344125926494,0.0439822971820831,-5084,5769,507,-124,-119,53,0
2025-06-27 16:34:18.320,-1.000776290893555,-6.660669326782227,7.304709434509277,-0.4948008358478546,0.0280998013913631,-0.0122173046693205,-5074,5803,506,102,96,84,0
2025-06-27 16:34:19.220,-1.656787633895874,-5.628767967224121,7.90086555480957,-0.0891863256692886,0.2602286040782928,-0.1966986060142517,-5218,5784,437,-367,-52,12,0
2025-06-27 16:34:19.330,-1.2066776752471924,-5.377377033233643,7.467514991760254,0.6878342628479004,-0.1062905490398407,0.1417207419872284,-5016,5783,414,-104,-126,-38,0
2025-06-27 16:34:19.534,-3.028665065765381,-5.832275390625,7.275979042053223,1.253495454788208,-0.3237585723400116,0.1417207419872284,-5035,6005,506,9,259,109,0
2025-06-27 16:34:19.837,-1.3311761617660522,-5.87776517868042,7.137115478515625,0.0806342139840126,0.0696386396884918,0.0,-5201,5886,406,-113,-14,-118,0
2025-06-27 16:34:19.920,-1.874659895896912,-5.152322292327881,7.7213006019592285,0.1966986060142517,-0.0024434609804302,0.0342084541916847,-5191,6173,638,-110,-23,-101,0
2025-06-27 16:34:20.020,-1.874659895896912,-5.152322292327881,7.7213006019592285,0.1966986060142517,-0.0024434609804302,0.0342084541916847,-5191,6173,638,-110,-23,-101,0
2025-06-27 16:34:20.133,-0.5602431893348694,-6.964732646942139,6.892906665802002,-0.1881465017795562,0.0537561401724815,-0.1233947798609733,-5021,5980,437,68,76,80,0
2025-06-27 16:34:20.520,-1.280897855758667,-6.086060523986816,7.0557122230529785,-0.1685988008975982,0.0207694191485643,-0.0500909499824047,-5058,5814,816,2,-110,-77,0
2025-06-27 16:34:20.620,-2.1308395862579346,-5.705382823944092,7.55131196975708,0.4447098970413208,0.1905899494886398,-0.0842994004487991,-5028,5829,842,11,87,-38,0
2025-06-27 16:34:20.921,-2.365471363067627,-5.91128396987915,7.457938194274902,0.1136209368705749,0.0940732508897781,0.0464257597923278,-5150,6022,781,108,-308,48,0
2025-06-27 16:34:21.429,-2.3127987384796143,-7.232883453369141,7.247248649597168,0.3530801236629486,0.0268780700862407,0.0916297882795333,-4853,5819,507,-129,-40,-210,0
2025-06-27 16:34:21.540,-2.3056161403656006,-5.659893035888672,7.675810813903809,0.2382374405860901,0.0012217304902151,-0.0219911485910415,-5040,5994,483,-291,347,-376,0
2025-06-27 16:34:21.723,-1.4077905416488647,-6.033388137817383,7.345410823822021,-0.3689626157283783,0.0708603709936142,-0.0158824957907199,-5100,5761,510,39,-15,43,0
2025-06-27 16:34:21.822,-2.166752576828003,-6.076483726501465,7.163451671600342,-0.1233947798609733,0.0965167060494422,-0.0342084541916847,-5023,6002,613,-346,282,2,0
2025-06-27 16:34:22.044,-2.0015525817871094,-5.621585369110107,7.766790390014648,0.0794124826788902,-0.0097738439217209,0.0280998013913631,-5053,5966,419,-124,8,-96,0
2025-06-27 16:34:22.148,-1.5298948287963867,-6.086060523986816,7.489062786102295,-0.0146607663482427,-0.0439822971820831,-0.0048869219608604,-4997,6009,416,121,50,-65,0
2025-06-27 16:34:22.532,-1.8914192914962769,-5.8442463874816895,7.577648162841797,-0.0855211317539215,0.1050688251852989,0.0305432621389627,-5082,6194,521,-166,156,346,0
2025-06-27 16:34:22.638,-2.427720546722412,-3.797203779220581,7.773972988128662,0.5937610268592834,-0.1295034289360046,0.0806342139840126,-5023,5801,234,75,59,-324,0
2025-06-27 16:34:22.721,-1.3407529592514038,-6.10521411895752,7.565677165985107,0.1417207419872284,-0.0806342139840126,0.0647517144680023,-5021,5918,547,-128,-334,-232,0
2025-06-27 16:34:22.829,-1.7980455160140991,-5.925649166107178,7.704541206359863,0.067195177078247,-0.0293215326964855,0.0745255574584007,-5210,5589,583,-69,-362,-523,0
2025-06-27 16:34:23.129,-2.4205379486083984,-5.595249176025391,7.405265808105469,-0.1123992055654525,-0.1588249653577804,0.0439822971820831,-4832,5772,835,119,103,328,0
2025-06-27 16:34:23.235,-1.6519991159439087,-5.140350818634033,7.5632829666137695,-0.0293215326964855,0.0794124826788902,-0.0830776765942573,-5164,5848,507,-69,283,305,0
2025-06-27 16:34:23.322,-1.8100165128707888,-6.189011573791504,7.201758861541748,-0.3127630054950714,0.1734857261180877,-0.0097738439217209,-5201,6184,444,-43,290,322,0
2025-06-27 16:34:23.420,-2.207453966140747,-4.242525577545166,7.711723804473877,-0.2858849465847015,-0.1050688251852989,-0.0354301854968071,-5033,6254,429,-38,-61,309,0
2025-06-27 16:34:23.634,-2.23857855796814,-5.291185855865479,7.141903877258301,0.1123992055654525,-0.0684169083833694,-0.0549778714776039,-5211,6256,462,-107,21,-20,0
2025-06-27 16:34:23.734,-1.1994950771331787,-5.861005783081055,7.80988597869873,-0.3982841372489929,0.067195177078247,-0.0390953756868839,-5154,6167,503,127,-268,85,0
2025-06-27 16:34:23.820,-1.1994950771331787,-5.861005783081055,7.80988597869873,-0.3982841372489929,0.067195177078247,-0.0390953756868839,-5154,6167,503,127,-268,85,0
2025-06-27 16:34:24.321,-1.944091796875,-5.676652431488037,7.824251174926758,0.1160643994808197,0.0452040284872055,0.0073303831741213,-5188,5867,495,55,55,10,0
2025-06-27 16:34:24.420,-2.432508945465088,-4.623203277587891,7.879317760467529,0.271224170923233,-0.1319468915462494,0.0305432621389627,-5215,5826,510,-264,86,-261,0
2025-06-27 16:34:24.520,-1.9608511924743648,-5.959167957305908,7.477091789245605,-0.2956587672233581,-0.0305432621389627,-0.0464257597923278,-5017,5850,416,-52,-100,-116,0
2025-06-27 16:34:24.720,-1.53707754611969,-5.916072368621826,7.158663272857666,0.0794124826788902,-0.0342084541916847,0.0598647929728031,-5030,5872,418,-65,-128,-93,0
2025-06-27 16:34:24.820,-1.972822189331055,-6.270414352416992,7.230489253997803,-0.1343903541564941,0.0500909499824047,-0.0317649915814399,-5182,5837,473,31,127,112,0
2025-06-27 16:34:24.921,-1.843535304069519,-6.1315507888793945,7.319074630737305,0.0061086523346602,0.0036651915870606,-0.0134390350431203,-5205,6189,418,-11,56,-44,0
2025-06-27 16:34:25.037,-1.8100165128707888,-6.368576526641846,7.201758861541748,0.0561996027827262,0.0024434609804302,0.0305432621389627,-5192,5824,445,-63,86,22,0
2025-06-27 16:34:25.141,-0.6105214357376099,-5.600037574768066,7.249642848968506,-0.1233947798609733,0.058643065392971,0.0855211317539215,-5176,6014,472,308,90,96,0
2025-06-27 16:34:25.326,-1.702277421951294,-7.496245384216309,6.722918510437012,-0.2199114859104156,0.1539380401372909,0.0256563406437635,-5222,5821,436,-302,259,90,0
2025-06-27 16:34:25.427,-1.9823989868164065,-5.152322292327881,7.352593421936035,0.6059783101081848,-0.0525344125926494,0.1368338167667389,-5233,5840,631,-322,329,64,0
2025-06-27 16:34:25.525,-2.846705913543701,-6.44279670715332,6.859387874603272,0.8906415104866028,0.0280998013913631,0.0452040284872055,-5228,5852,408,-108,127,-87,0
2025-06-27 16:34:25.720,-1.3407529592514038,-6.129156112670898,6.754043102264404,-0.2736676335334778,-0.0781907513737678,-0.0122173046693205,-5159,6177,407,67,-76,77,0
2025-06-27 16:34:25.820,-1.9800047874450684,-6.14831018447876,7.146692276000977,0.1038470938801765,0.0,-0.0476474873721599,-4998,5767,402,-295,-22,46,0
2025-06-27 16:34:26.420,-2.3511061668396,-5.896918773651123,7.364564418792725,0.1429424732923507,-0.0317649915814399,0.0183259565383195,-5203,5819,416,60,-334,305,0
2025-06-27 16:34:26.937,-1.292868971824646,-5.705382823944092,7.457938194274902,-0.051312681287527,0.0219911485910415,0.0195476878434419,-5020,5843,410,-81,-35,-105,0
2025-06-27 16:34:27.054,-1.292868971824646,-5.705382823944092,7.457938194274902,-0.051312681287527,0.0219911485910415,0.0195476878434419,-5020,5843,410,-81,-35,-105,0
2025-06-27 16:34:27.123,-2.3127987384796143,-7.062894821166992,7.362170219421387,0.5302310585975647,0.0855211317539215,0.1527163088321685,-5030,5844,421,-108,-69,-97,0
2025-06-27 16:34:27.321,-1.7525556087493896,-5.499481201171875,7.474697589874268,-1.1606439352035522,-0.1600466966629028,0.0329867228865623,-5014,5834,425,-106,-90,-86,0
2025-06-27 16:34:27.438,-1.5729905366897583,-6.157886981964111,7.094019412994385,0.0794124826788902,0.0293215326964855,0.0073303831741213,-5248,5871,456,29,-43,127,0
2025-06-27 16:34:27.545,-1.7693150043487549,-6.186617374420166,7.175422668457031,0.0525344125926494,-0.0403171069920063,0.0207694191485643,-5236,5978,453,-327,90,-300,0
2025-06-27 16:34:27.623,-1.7693150043487549,-6.186617374420166,7.175422668457031,0.0525344125926494,-0.0403171069920063,0.0207694191485643,-5240,5983,442,7,-126,47,0
2025-06-27 16:34:28.020,-1.874659895896912,-6.028599739074707,7.405265808105469,-0.0097738439217209,0.0061086523346602,-0.0134390350431203,-5222,5850,633,87,-119,-124,0
2025-06-27 16:34:28.127,-1.869871497154236,-6.026205539703369,7.354987621307373,0.0891863256692886,-0.0024434609804302,0.0061086523346602,-5248,5765,419,115,-111,-74,0
2025-06-27 16:34:28.232,-1.8267759084701536,-6.200982570648193,7.331045627593994,-0.0659734457731247,0.0024434609804302,-0.0073303831741213,-5226,5827,401,18,-90,-48,0
2025-06-27 16:34:28.420,-1.7381904125213623,-6.121973514556885,7.240066051483154,-0.0378736443817615,0.0219911485910415,-0.0183259565383195,-5196,6152,456,-637,565,-167,0
2025-06-27 16:34:28.635,-1.7860745191574097,-6.088454723358154,7.326257228851318,-0.0256563406437635,-0.0073303831741213,0.0036651915870606,-5207,6155,595,16,-65,37,0
2025-06-27 16:34:28.730,-1.7860745191574097,-6.088454723358154,7.326257228851318,-0.0256563406437635,-0.0073303831741213,0.0036651915870606,-5207,6155,595,16,-65,37,0
2025-06-27 16:34:28.822,-1.5873557329177856,-6.315904140472412,7.316680431365967,-0.5962044596672058,0.0048869219608604,-0.0427605658769607,-5248,5838,610,9,-77,-278,0
2025-06-27 16:34:28.929,-1.900996208190918,-6.210559368133545,6.914454460144043,0.0183259565383195,-0.0403171069920063,0.0244346093386411,-5142,5804,616,-37,2,-2,0
2025-06-27 16:34:29.132,-1.455674648284912,-6.380547523498535,7.15387487411499,-0.0879645943641662,0.0024434609804302,-0.0305432621389627,-5205,5801,634,51,-128,114,0
2025-06-27 16:34:29.428,-2.229001760482788,-6.675034523010254,7.65186882019043,-0.0635299831628799,-0.0219911485910415,0.1001818999648094,-5237,5862,515,-181,383,-292,0
2025-06-27 16:34:29.639,-2.1116859912872314,-6.167463779449463,7.445967197418213,0.0574213340878486,0.1820378452539444,-0.0476474873721599,-5198,6171,494,-40,79,78,0
2025-06-27 16:34:29.938,-1.5873557329177856,-6.01423454284668,7.3669586181640625,-0.3396410644054413,-0.0097738439217209,0.0012217304902151,-5118,5956,251,-523,363,-351,0
2025-06-27 16:34:30.032,-2.2625205516815186,-7.082048416137695,6.27280855178833,-1.1936306953430176,-0.0452040284872055,-0.0305432621389627,-5068,5971,502,108,83,57,0
2025-06-27 16:34:30.220,-2.051830768585205,-6.742072105407715,6.988674640655518,0.3286454975605011,-0.0317649915814399,-0.1356120854616165,-5044,5837,576,334,-47,-322,0
2025-06-27 16:34:30.333,-1.534683346748352,-6.809109687805176,7.007828235626221,0.1417207419872284,0.0207694191485643,0.0171042270958423,-5448,5971,408,271,-37,-98,0
2025-06-27 16:34:30.447,-1.534683346748352,-6.809109687805176,7.007828235626221,0.1417207419872284,0.0207694191485643,0.0171042270958423,-5404,5837,575,104,-78,-36,0
2025-06-27 16:34:30.634,-1.922544002532959,-6.53377628326416,6.5912370681762695,-0.2357939779758453,0.0659734457731247,-0.0171042270958423,-5499,5757,598,80,-64,-375,0
2025-06-27 16:34:30.722,-0.2585737705230713,-7.433996200561523,6.818686485290527,-0.7086036801338196,0.0647517144680023,-0.0855211317539215,-5441,5555,612,90,65,-259,0
2025-06-27 16:34:30.921,-2.185906171798706,-6.129156112670898,6.536170482635498,0.0549778714776039,0.1722639948129654,0.058643065392971,-5118,5565,624,70,28,73,0
2025-06-27 16:34:31.021,-1.3718775510787964,-6.387730121612549,7.481880187988281,0.1722639948129654,-0.0219911485910415,-0.0794124826788902,-5096,5770,426,314,-595,380,0
2025-06-27 16:34:31.320,-1.8818424940109253,-6.282385349273682,7.410054206848144,0.0757472887635231,-0.0623082555830478,0.0207694191485643,-5377,5955,390,9,-47,-116,0
2025-06-27 16:34:31.430,-2.0685901641845703,-6.066906929016113,6.777985095977783,0.0427605658769607,-0.0293215326964855,0.0598647929728031,-5092,5970,559,47,276,266,0
2025-06-27 16:34:31.633,-1.403002142906189,-6.27280855178833,7.314286231994629,-0.2260201424360275,0.0171042270958423,-0.0366519130766391,-5380,5988,586,96,-40,283,0
2025-06-27 16:34:31.737,-1.6136919260025024,-6.88332986831665,6.308721542358398,-0.2040289938449859,0.0403171069920063,0.0684169083833694,-5115,6002,583,114,-83,294,0
2025-06-27 16:34:31.844,-1.3263877630233765,-6.957550048828125,7.115567684173584,-0.0916297882795333,0.0561996027827262,-0.0476474873721599,-5183,5842,535,-112,26,-21,0
2025-06-27 16:34:31.949,-1.3263877630233765,-6.957550048828125,7.115567684173584,-0.0916297882795333,0.0561996027827262,-0.0476474873721599,-5183,5842,535,-112,26,-21,0
2025-06-27 16:34:32.231,-2.33913516998291,-6.279991149902344,7.024587631225586,-0.1282816976308822,0.0171042270958423,-0.0549778714776039,-5018,5839,462,-546,-146,-81,0
2025-06-27 16:34:32.320,-1.8339585065841677,-5.793968200683594,7.524975776672363,-0.1539380401372909,0.0061086523346602,-0.0036651915870606,-5233,5776,853,-75,-318,-128,0
2025-06-27 16:34:32.538,-1.824381709098816,-6.117185115814209,7.240066051483154,0.0268780700862407,-0.0048869219608604,-0.0146607663482427,-5026,5787,864,-81,69,105,0
2025-06-27 16:34:32.621,-2.1284453868865967,-6.287173748016357,6.852205276489258,0.1417207419872284,-0.058643065392971,-0.0207694191485643,-4999,5869,817,-104,-126,-50,0
2025-06-27 16:34:32.725,-1.6927006244659424,-5.966350555419922,7.407660007476807,0.0366519130766391,0.0097738439217209,0.0048869219608604,-5065,5896,668,125,-393,-795,0
2025-06-27 16:34:32.939,-1.81959331035614,-6.495469093322754,7.196970462799072,0.0708603709936142,0.0329867228865623,-0.0097738439217209,-5481,5613,671,16,295,133,0
2025-06-27 16:34:33.142,-1.886630892753601,-6.038176536560059,7.151480674743652,0.0842994004487991,0.0048869219608604,0.0256563406437635,-5405,5612,688,37,-86,-14,0
2025-06-27 16:34:33.634,-1.7836803197860718,-6.016628742218018,7.299921035766602,-0.0048869219608604,-0.0109955742955207,0.0,-5200,6166,511,85,302,273,0
2025-06-27 16:34:33.720,-1.7836803197860718,-6.016628742218018,7.299921035766602,-0.0048869219608604,-0.0109955742955207,0.0,-5200,6166,511,85,302,273,0
2025-06-27 16:34:33.939,-1.944091796875,-6.325480937957764,7.15387487411499,-0.2455678284168243,-0.0134390350431203,0.0122173046693205,-5218,5828,510,70,-60,53,0
2025-06-27 16:34:34.137,-1.338358759880066,-5.284003257751465,6.967126846313477,-0.3139847218990326,0.0439822971820831,0.0036651915870606,-5164,6151,452,-271,349,72,0
2025-06-27 16:34:34.429,-3.3734302520751958,-4.685452938079834,7.687781810760498,0.0757472887635231,-0.0439822971820831,0.0195476878434419,-5217,5839,468,-277,286,41,0
2025-06-27 16:34:34.538,-2.3271639347076416,-5.559336185455322,7.8314337730407715,0.607200026512146,0.1050688251852989,-0.0036651915870606,-5121,6185,457,-299,50,14,0
2025-06-27 16:34:34.630,-1.1899182796478271,-5.731719017028809,7.12035608291626,-0.1857030391693115,-0.0867428630590438,0.0549778714776039,-4997,6161,408,-121,108,-108,0
2025-06-27 16:34:34.829,-1.821987509727478,-6.205770969390869,6.993463039398193,-0.8808676600456238,-0.1331686228513717,0.0647517144680023,-5241,6192,419,125,65,-63,0
2025-06-27 16:34:35.033,-1.8986018896102903,-6.052541732788086,7.524975776672363,-0.0390953756868839,0.0879645943641662,-0.058643065392971,-5032,5802,393,-110,-48,-98,0
2025-06-27 16:34:35.136,-2.2242133617401123,-5.7772088050842285,7.527369976043701,-0.0073303831741213,-0.0097738439217209,-0.0488692186772823,-5209,5812,451,-107,57,103,0
2025-06-27 16:34:35.429,-1.6089035272598269,-5.719748020172119,7.55131196975708,-0.3005456924438476,0.0024434609804302,-0.0256563406437635,-5200,5827,637,373,53,34,0
2025-06-27 16:34:35.560,-1.824381709098816,-5.274426460266113,7.671022415161133,0.0965167060494422,0.0366519130766391,0.0635299831628799,-5211,6006,616,-369,280,118,0
2025-06-27 16:34:35.643,-1.8363527059555051,-5.657498836517334,7.556100368499756,-0.058643065392971,-0.0036651915870606,-0.0122173046693205,-5195,6150,559,-122,-62,304,0
2025-06-27 16:34:35.741,-1.8363527059555051,-5.657498836517334,7.556100368499756,-0.058643065392971,-0.0036651915870606,-0.0122173046693205,-5163,6173,576,49,52,-44,0
2025-06-27 16:34:35.920,-1.6089035272598269,-7.393294811248779,6.878541469573975,-0.616973876953125,-0.117286130785942,0.1123992055654525,-4813,5851,401,22,-342,-13,0
2025-06-27 16:34:36.221,-1.091755986213684,-5.9088897705078125,7.541735172271728,-0.2345722615718841,0.0537561401724815,-0.0085521135479211,-5190,5812,434,-371,-80,-363,0
2025-06-27 16:34:36.331,-2.324769735336304,-4.716577529907227,7.357381820678711,-0.1295034289360046,0.1612684279680252,-0.0305432621389627,-5171,5826,487,121,2,81,0
2025-06-27 16:34:36.453,-2.324769735336304,-4.716577529907227,7.357381820678711,-0.1295034289360046,0.1612684279680252,-0.0305432621389627,-5171,5826,487,121,2,81,0
2025-06-27 16:34:36.744,-1.9632453918457031,-7.024587631225586,6.799532890319824,-1.2095131874084473,-0.1062905490398407,0.051312681287527,-5193,6191,625,64,-51,-96,0
2025-06-27 16:34:36.858,-2.1045033931732178,-6.813898086547852,6.823474884033203,0.0207694191485643,0.0623082555830478,-0.0684169083833694,-5190,5794,415,-299,307,118,0
2025-06-27 16:34:37.022,-1.8507179021835327,-5.963956356048584,7.443572998046875,0.0598647929728031,0.0195476878434419,-0.0781907513737678,-5169,5872,398,-31,91,-123,0
2025-06-27 16:34:37.333,-1.7884687185287476,-5.880159378051758,7.80988597869873,0.0158824957907199,0.0769690200686454,0.0403171069920063,-4819,5867,394,-18,375,-57,0
2025-06-27 16:34:37.727,-1.9704279899597168,-6.4834980964660645,7.266402244567871,-0.0757472887635231,-0.0452040284872055,-0.0122173046693205,-5159,5840,612,-558,100,41,0
2025-06-27 16:34:37.848,-1.7908629179000854,-6.028599739074707,7.354987621307373,0.0830776765942573,-0.0061086523346602,0.0134390350431203,-5133,6179,419,-257,-68,-262,0
2025-06-27 16:34:37.922,-2.161964178085327,-5.8657941818237305,7.412448406219482,0.0122173046693205,-0.0342084541916847,-0.0146607663482427,-5171,5839,474,62,100,-17,0
2025-06-27 16:34:38.120,-1.8579005002975464,-6.081272125244141,7.448361396789551,0.0415388382971286,0.0,-0.0073303831741213,-5204,5846,486,115,112,-12,0
2025-06-27 16:34:38.233,-1.8579005002975464,-6.081272125244141,7.448361396789551,0.0415388382971286,0.0,-0.0073303831741213,-5204,5846,486,115,112,-12,0
2025-06-27 16:34:38.321,-2.3726539611816406,-6.13633918762207,6.950367450714111,-0.0464257597923278,-0.1062905490398407,0.0268780700862407,-5126,6200,438,-268,101,-82,0
2025-06-27 16:34:38.459,-1.2880805730819702,-6.09324312210083,7.2113356590271,-0.0916297882795333,-0.0268780700862407,0.0012217304902151,-5212,5836,443,-320,156,-187,0
2025-06-27 16:34:38.720,-1.843535304069519,-6.016628742218018,7.438784599304199,0.2993239760398865,0.0183259565383195,0.0525344125926494,-5241,5977,619,35,381,74,0
2025-06-27 16:34:38.820,-1.953668594360352,-6.478709697723389,7.264008045196533,0.2590068578720093,-0.0280998013913631,0.090408056974411,-4995,5797,600,60,-52,-86,0
2025-06-27 16:34:38.924,-2.0374655723571777,-6.189011573791504,7.608773231506348,0.0415388382971286,0.0048869219608604,0.0280998013913631,-5197,5970,562,24,-82,-52,0
2025-06-27 16:34:39.431,-1.680729627609253,-6.251260757446289,7.58483076095581,0.3469714522361755,-0.0219911485910415,0.1062905490398407,-5188,5883,570,98,-121,78,0
2025-06-27 16:34:39.525,-2.485181331634521,-6.5696892738342285,6.311115741729736,0.1258382350206375,0.0171042270958423,-0.0207694191485643,-4820,5857,577,-344,289,242,0
2025-06-27 16:34:39.620,-0.8954314589500427,-4.326322555541992,6.897695064544678,-0.3090978264808655,0.0842994004487991,0.0561996027827262,-5169,5858,224,-3,-110,-1,0
2025-06-27 16:34:39.720,-2.0231003761291504,-6.342240333557129,7.271190643310547,0.1233947798609733,0.1319468915462494,0.0183259565383195,-4793,6163,239,82,77,-101,0
2025-06-27 16:34:39.820,-1.4389152526855469,-6.588842868804932,6.88332986831665,-0.0598647929728031,0.0012217304902151,-0.0354301854968071,-4841,6177,237,32,107,110,0
2025-06-27 16:34:39.921,-2.23857855796814,-6.543353080749512,7.225700855255127,0.0842994004487991,0.0867428630590438,0.0403171069920063,-4847,6193,184,-37,8,-54,0
2025-06-27 16:34:40.120,-2.1595699787139893,-5.8657941818237305,7.5632829666137695,0.0427605658769607,-0.0268780700862407,-0.0855211317539215,-5126,5853,406,-287,-315,311,0
2025-06-27 16:34:40.320,-1.290474772453308,-5.75326681137085,7.541735172271728,0.0965167060494422,0.0061086523346602,-0.0549778714776039,-4850,6159,540,45,306,-90,0
2025-06-27 16:34:40.525,-1.6974890232086182,-5.408501625061035,7.390900611877441,0.0342084541916847,-0.0232128798961639,0.0806342139840126,-5132,6150,243,-260,335,-99,0
2025-06-27 16:34:40.726,-1.37906014919281,-5.966350555419922,7.548917770385742,-0.2467895597219467,0.0219911485910415,-0.0659734457731247,-5153,5869,539,27,-50,-99,0
2025-06-27 16:34:40.856,-1.944091796875,-7.24485445022583,7.050923824310303,0.0940732508897781,0.0830776765942573,0.0354301854968071,-4845,5837,520,-122,76,-104,0
2025-06-27 16:34:41.220,-2.3798365592956543,-6.531382083892822,6.907271862030029,-0.4227187633514404,-0.1026253625750541,0.0329867228865623,-5073,5979,584,-259,293,38,0
2025-06-27 16:34:41.434,-2.0638017654418945,-5.822698593139648,7.503427982330322,0.0305432621389627,0.140499010682106,-0.0916297882795333,-5051,5994,612,-110,109,-91,0
2025-06-27 16:34:41.638,-1.8579005002975464,-5.011064052581787,7.898471355438232,-0.0696386396884918,0.0195476878434419,-0.0134390350431203,-4739,5828,249,-31,-267,-127,0
2025-06-27 16:34:41.743,-1.8842366933822632,-5.96874475479126,7.663839817047119,-0.0354301854968071,-0.0134390350431203,0.0012217304902151,-4845,5865,519,-28,6,99,0
2025-06-27 16:34:41.821,-1.8842366933822632,-5.96874475479126,7.663839817047119,-0.0354301854968071,-0.0134390350431203,0.0012217304902151,-4845,5865,519,-28,6,99,0
2025-06-27 16:34:42.022,-1.7357962131500244,-5.767632007598877,7.4316020011901855,-0.0171042270958423,-0.0183259565383195,0.0354301854968071,-4997,5836,241,-91,36,256,0
2025-06-27 16:34:42.150,-2.5115175247192383,-5.6910176277160645,6.672640323638916,0.1551597714424133,-0.0452040284872055,0.0757472887635231,-4829,5829,528,-96,-122,57,0
2025-06-27 16:34:42.220,-2.269703149795532,-6.210559368133545,7.110779285430908,-0.4825835525989532,-0.0158824957907199,0.0366519130766391,-5220,5803,222,22,268,122,0
2025-06-27 16:34:42.334,-2.0183119773864746,-6.521805286407471,7.407660007476807,0.3811798989772796,0.0244346093386411,-0.0916297882795333,-5145,5840,231,22,127,91,0
2025-06-27 16:34:42.634,-1.829170107841492,-5.971138954162598,7.345410823822021,0.0415388382971286,-0.0598647929728031,-0.0500909499824047,-5183,5819,539,118,59,-95,0
2025-06-27 16:34:42.736,-1.7262194156646729,-6.727706909179688,7.175422668457031,0.0415388382971286,0.0097738439217209,0.0097738439217209,-4864,5854,565,-99,-273,-81,0
2025-06-27 16:34:42.846,-2.138022184371948,-6.40927791595459,7.139509677886963,-0.1246165111660957,0.0268780700862407,-0.0427605658769607,-4853,5839,562,-116,24,-113,0
2025-06-27 16:34:42.950,-1.7764976024627686,-5.863399982452393,7.3669586181640625,0.1062905490398407,0.1685988008975982,-0.0403171069920063,-5134,5794,246,95,-53,-36,0
2025-06-27 16:34:43.020,-2.032677173614502,-5.746084213256836,7.347805023193359,0.0122173046693205,-0.0403171069920063,0.0439822971820831,-5144,6155,233,14,-112,-51,0
2025-06-27 16:34:43.120,-1.6280571222305298,-5.492298603057861,7.225700855255127,0.1233947798609733,0.1356120854616165,-0.0940732508897781,-4793,6148,223,-105,113,273,0
2025-06-27 16:34:43.328,-1.8986018896102903,-6.550535678863525,6.979097843170166,-0.2235766798257827,-0.0647517144680023,0.0842994004487991,-4845,5835,237,-313,-70,99,0
2025-06-27 16:34:43.533,-2.360682964324951,-4.891354084014893,7.412448406219482,0.6768386960029602,-0.2162462919950485,0.0891863256692886,-5177,6159,254,89,27,85,0
2025-06-27 16:34:43.821,-2.169146776199341,-5.796362400054932,7.285555839538574,0.0061086523346602,-0.0085521135479211,0.0073303831741213,-5053,5803,573,-16,-300,106,0
2025-06-27 16:34:44.031,-1.7094600200653076,-6.840234279632568,7.304709434509277,0.0280998013913631,0.0195476878434419,0.0476474873721599,-5157,5776,634,50,2,103,0
2025-06-27 16:34:44.120,-2.734178304672241,-4.6950297355651855,7.989450931549072,0.911410927772522,-0.0659734457731247,0.230907067656517,-5213,5972,612,34,-44,23,0
2025-06-27 16:34:44.220,-2.760514497756958,-6.088454723358154,6.861782073974609,0.0659734457731247,0.0378736443817615,-0.0708603709936142,-5055,6002,565,-103,78,114,0
2025-06-27 16:34:44.521,-1.9800047874450684,-6.6846113204956055,7.259219646453857,-0.0268780700862407,0.0012217304902151,0.0354301854968071,-5038,5811,440,-567,-213,330,0
2025-06-27 16:34:44.633,-1.745373010635376,-6.354211330413818,6.933608055114746,-0.0280998013913631,0.0146607663482427,0.0122173046693205,-4760,6068,503,57,-132,196,0
2025-06-27 16:34:44.738,-1.944091796875,-6.57926607131958,7.086836814880371,0.0036651915870606,0.0134390350431203,0.0195476878434419,-4751,6227,806,54,-8,-296,0
2025-06-27 16:34:44.820,-1.9177556037902832,-6.375759124755859,7.053318023681641,0.0427605658769607,0.0171042270958423,0.0048869219608604,-4847,6045,798,-354,-29,-117,0
2025-06-27 16:34:44.934,-1.8411411046981807,-6.433219909667969,7.058106422424316,0.0342084541916847,-0.0134390350431203,0.0256563406437635,-4802,6024,805,-292,-124,-269,0
2025-06-27 16:34:45.037,-1.8148049116134644,-6.299144744873047,6.976703643798828,0.0195476878434419,-0.0366519130766391,0.0134390350431203,-4864,6023,800,-268,126,-144,0
2025-06-27 16:34:45.246,-2.0183119773864746,-6.165069580078125,7.082048416137695,0.0329867228865623,0.0268780700862407,0.0085521135479211,-5143,6185,647,-266,-280,87,0
2025-06-27 16:34:45.654,-1.8315643072128296,-6.050147533416748,7.287950038909912,0.0048869219608604,0.0,0.0012217304902151,-5140,6196,811,120,201,-127,0
2025-06-27 16:34:45.724,-1.824381709098816,-6.256049156188965,7.230489253997803,0.2040289938449859,-0.0317649915814399,0.0354301854968071,-5133,6184,786,74,201,79,0
2025-06-27 16:34:45.920,-1.8770540952682493,-7.524975776672363,6.004657745361328,-0.4605923891067505,0.1698205322027206,-0.0525344125926494,-5157,5872,392,85,265,122,0
2025-06-27 16:34:46.041,-1.9512743949890137,-5.592854976654053,7.548917770385742,-0.0232128798961639,0.1624901592731475,-0.0610865242779254,-5084,6198,255,455,623,-505,0
2025-06-27 16:34:46.139,-1.9512743949890137,-5.592854976654053,7.548917770385742,-0.0232128798961639,0.1624901592731475,-0.0610865242779254,-5084,6198,255,455,623,-505,0
2025-06-27 16:34:46.246,-1.9512743949890137,-5.592854976654053,7.548917770385742,-0.0232128798961639,0.1624901592731475,-0.0610865242779254,-5084,6198,255,455,623,-505,0
2025-06-27 16:34:46.527,-2.7892448902130127,-5.456385612487793,7.256825447082519,-0.0488692186772823,-0.0061086523346602,0.0378736443817615,-5114,6267,205,623,130,-330,0
2025-06-27 16:34:46.734,-1.920149803161621,-5.595249176025391,7.501033782958984,0.0525344125926494,-0.0916297882795333,0.051312681287527,-5226,6213,159,335,126,-260,0
2025-06-27 16:34:47.335,-2.669534921646118,-6.117185115814209,7.374141216278076,-0.2541199326515198,-0.1014036312699318,0.0427605658769607,-5023,5520,179,111,571,25,0
2025-06-27 16:34:47.825,-0.9145850539207458,-2.980781078338623,5.468356609344482,-0.4056145250797272,-0.0207694191485643,-0.117286130785942,-5131,5871,632,-194,38,381,0
2025-06-27 16:34:47.920,-2.3726539611816406,-6.13633918762207,8.552088737487793,-0.6792821288108826,0.5192354321479797,-0.2235766798257827,-4823,5853,623,-584,-108,381,0
2025-06-27 16:34:48.025,-3.3303346633911133,-6.31829833984375,6.754043102264404,0.0232128798961639,0.4202753007411957,-0.46547931432724,-5239,5848,430,-542,323,311,0
2025-06-27 16:34:48.222,-2.729389905929565,-9.107542991638184,6.497863292694092,0.2419026345014572,-0.2565633952617645,0.1038470938801765,-5131,6176,215,263,52,-2,0
2025-06-27 16:34:48.445,-2.0877439975738525,-6.833051681518555,7.24485445022583,-0.1966986060142517,0.1014036312699318,0.0940732508897781,-4862,5844,213,120,-160,44,0
2025-06-27 16:34:48.535,-2.0877439975738525,-6.833051681518555,7.24485445022583,-0.1966986060142517,0.1014036312699318,0.0940732508897781,-4862,5844,213,120,-160,44,0
2025-06-27 16:34:49.120,-2.0207061767578125,-5.434837818145752,7.742848396301269,0.3103195428848266,0.1185078546404838,-0.0452040284872055,-5175,5796,236,-356,-292,-297,0
2025-06-27 16:34:49.326,-1.3958195447921753,-6.22731876373291,7.474697589874268,-0.3836233615875244,0.0684169083833694,-0.0659734457731247,-5154,6200,633,25,335,52,0
2025-06-27 16:34:49.520,-2.274491548538208,-6.133944988250732,7.709329605102539,0.3701843321323395,-0.3335324227809906,0.452040284872055,-5180,5845,425,-318,-9,-261,0
2025-06-27 16:34:49.720,-1.036689281463623,-3.773261785507202,6.31829833984375,-0.5009095072746277,0.2602286040782928,-0.1795943826436996,-5163,5819,443,-294,-42,-304,0
2025-06-27 16:34:49.820,-2.9496564865112305,-6.586448669433594,6.648698329925537,-0.2272418737411499,-0.0500909499824047,-0.0122173046693205,-5227,5615,464,23,333,-370,0
2025-06-27 16:34:50.131,-2.583343744277954,-5.633556365966797,7.647080421447754,0.2822197377681732,-0.058643065392971,0.0232128798961639,-5398,5862,271,1258,-887,543,0
2025-06-27 16:34:50.220,-1.479616641998291,-6.519411087036133,7.2113356590271,-0.1991420686244964,0.0879645943641662,-0.107512280344963,-4967,6047,500,-340,80,-41,0
2025-06-27 16:34:50.320,-1.944091796875,-5.6191911697387695,7.345410823822021,0.3396410644054413,-0.0952949747443199,0.0085521135479211,-4800,6260,482,-309,-27,57,0
2025-06-27 16:34:50.420,-2.1284453868865967,-6.919242858886719,6.809109687805176,-0.3995058834552765,0.2174680233001709,-0.2394591718912124,-4855,6182,841,-120,104,123,0
2025-06-27 16:34:50.533,-1.625662922859192,-5.849034786224365,7.702147006988525,0.8613200187683105,0.0012217304902151,0.0696386396884918,-4798,6199,472,-302,325,16,0
2025-06-27 16:34:50.631,-1.984793186187744,-5.037400245666504,7.529764175415039,-0.4410447180271148,-0.0500909499824047,0.0122173046693205,-4822,6169,457,-329,368,-268,0
2025-06-27 16:34:50.732,-1.984793186187744,-5.037400245666504,7.529764175415039,-0.4410447180271148,-0.0500909499824047,0.0122173046693205,-4822,6169,457,-329,368,-268,0
2025-06-27 16:34:50.833,-2.784456491470337,-3.562572240829468,7.841010570526123,0.3604104816913605,-0.2846632003784179,0.0024434609804302,-4788,6267,411,45,328,-55,0
2025-06-27 16:34:51.043,-1.0223240852355957,-6.900089263916016,6.658275127410889,0.1490511149168014,-0.0342084541916847,0.0109955742955207,-4798,5885,392,-333,526,51,0
2025-06-27 16:34:51.339,-2.736572504043579,-5.940014362335205,7.793126583099365,0.9724974632263184,-0.4288274049758911,0.2846632003784179,-4778,6181,474,-287,-127,75,0
2025-06-27 16:34:51.530,-2.853888511657715,-6.864176273345947,7.635109424591064,0.2064724564552307,0.2223549485206604,0.1038470938801765,-4989,6054,457,-104,69,74,0
2025-06-27 16:34:51.630,-1.486799240112305,-6.327875137329102,7.06528902053833,-0.271224170923233,-0.1233947798609733,-0.0610865242779254,-4749,5809,584,-270,332,-285,0
2025-06-27 16:34:51.724,-2.3080103397369385,-6.631938934326172,7.089231014251709,-0.0452040284872055,0.2626720666885376,-0.1148426681756973,-5228,6261,447,-1,-218,257,0
2025-06-27 16:34:52.039,-0.811634361743927,-5.949591159820557,7.161057472229004,-0.9224064946174622,0.130725160241127,-0.0085521135479211,-5247,5787,422,261,-594,-405,0
2025-06-27 16:34:52.120,-3.569754838943481,-8.032546997070312,5.109226226806641,0.3897320330142975,-0.0855211317539215,0.2235766798257827,-5651,5594,484,-6,-172,-160,0
2025-06-27 16:34:52.226,-1.7262194156646729,-7.096413612365723,6.586448669433594,-0.8478809595108032,0.0537561401724815,-0.1233947798609733,-5224,5941,158,953,-1606,-41,0
2025-06-27 16:34:52.338,-2.729389905929565,-5.621585369110107,7.27837324142456,-0.0818559452891349,0.1490511149168014,-0.1624901592731475,-5231,5828,616,585,-450,89,0
2025-06-27 16:34:52.529,-1.7860745191574097,-6.4595561027526855,7.520187377929687,0.2651155292987823,-0.0879645943641662,-0.130725160241127,-5105,5900,454,-309,-258,-270,0
2025-06-27 16:34:52.634,-1.8626888990402224,-5.444414615631104,7.955932140350342,-0.5448917746543884,-0.0024434609804302,0.0232128798961639,-5485,5946,768,-244,-37,-76,0
2025-06-27 16:34:52.820,-1.4844050407409668,-6.646304130554199,6.885724067687988,-0.342084527015686,0.1612684279680252,-0.0146607663482427,-5241,5872,462,68,-1,148,0
2025-06-27 16:34:52.920,-1.4844050407409668,-6.646304130554199,6.885724067687988,-0.342084527015686,0.1612684279680252,-0.0146607663482427,-5241,5872,462,68,-1,148,0
2025-06-27 16:34:53.123,-2.054224967956543,-6.337451934814453,6.936002254486084,-0.0549778714776039,0.0329867228865623,0.0232128798961639,-5173,6162,626,-315,328,24,0
2025-06-27 16:34:53.330,-2.3127987384796143,-7.501033782958984,6.706159114837647,-0.2101376503705978,-0.0036651915870606,-0.0171042270958423,-5231,5783,462,-294,-58,24,0
2025-06-27 16:34:53.420,-1.766920804977417,-6.234501361846924,6.962338447570801,0.058643065392971,-0.0232128798961639,0.0195476878434419,-5228,5816,485,-273,-74,72,0
2025-06-27 16:34:53.820,-1.7693150043487549,-5.008669853210449,7.754819393157959,0.5766568183898926,-0.2382374405860901,0.0952949747443199,-5014,5814,552,-18,-105,-71,0
2025-06-27 16:34:54.024,-1.400607943534851,-7.386112213134766,7.129932880401611,-0.4031710624694824,0.0940732508897781,-0.0342084541916847,-5160,5800,427,11,105,120,0
2025-06-27 16:34:54.220,-2.5761611461639404,-7.728483200073242,6.277596950531006,0.2150245606899261,0.1062905490398407,0.1099557429552078,-5044,6162,568,-113,335,-38,0
2025-06-27 16:34:54.331,-2.123656988143921,-6.344634532928467,6.890512466430664,-0.5180137157440186,-0.1356120854616165,-0.0745255574584007,-5183,5812,589,-286,-56,65,0
2025-06-27 16:34:54.446,-2.190694570541382,-6.153098583221436,7.177816867828369,0.0891863256692886,-0.0452040284872055,-0.0488692186772823,-5243,5823,594,-319,-127,72,0
2025-06-27 16:34:54.824,-2.056619167327881,-6.138733386993408,7.24485445022583,-0.0525344125926494,0.0085521135479211,-0.0097738439217209,-5004,5766,564,-340,-42,95,0
2025-06-27 16:34:54.920,-2.056619167327881,-6.138733386993408,7.24485445022583,-0.0525344125926494,0.0085521135479211,-0.0097738439217209,-5004,5766,564,-340,-42,95,0
2025-06-27 16:34:55.333,-1.9273324012756348,-5.916072368621826,7.443572998046875,-0.0122173046693205,0.0891863256692886,-0.0476474873721599,-5241,5844,223,48,-72,-117,0
2025-06-27 16:34:55.434,-1.8986018896102903,-5.985504150390625,7.587224960327148,0.0183259565383195,-0.0024434609804302,0.0256563406437635,-5195,6006,384,-84,-331,290,0
2025-06-27 16:34:55.521,-1.8986018896102903,-5.985504150390625,7.587224960327148,0.0183259565383195,-0.0024434609804302,0.0256563406437635,-5155,5763,388,-117,-270,327,0
2025-06-27 16:34:55.932,-3.203441858291626,-7.594407558441162,6.612784862518311,0.6291912198066711,0.1014036312699318,0.1539380401372909,-5197,5813,437,17,-28,-7,0
2025-06-27 16:34:56.020,-1.7334020137786863,-6.643909931182861,7.074865818023682,-0.1600466966629028,0.0280998013913631,-0.0952949747443199,-5199,5986,569,29,355,297,0
2025-06-27 16:34:56.145,-2.408566951751709,-6.222530364990234,7.271190643310547,-0.130725160241127,0.280998021364212,-0.1722639948129654,-5185,6181,625,-33,-320,359,0
2025-06-27 16:34:56.245,-1.9177556037902832,-5.588066577911377,7.50582218170166,-0.067195177078247,-0.0073303831741213,-0.0684169083833694,-5127,6144,633,-299,-75,49,0
2025-06-27 16:34:56.446,-1.3479355573654177,-5.161899089813232,7.223306655883789,0.6487388610839844,-0.4300491213798523,0.3237585723400116,-4853,5863,203,69,226,-314,0
2025-06-27 16:34:56.625,-1.9560627937316892,-5.60722017288208,7.46033239364624,-0.1551597714424133,0.0452040284872055,-0.0574213340878486,-5126,5869,204,-115,166,-302,0
2025-06-27 16:34:56.736,-1.6855180263519287,-5.631162166595459,7.876923561096191,0.0195476878434419,0.0928515195846557,-0.0549778714776039,-5157,5865,214,-86,140,-295,0
2025-06-27 16:34:56.936,-2.382230758666992,-5.422866821289063,7.405265808105469,0.2431243658065796,-0.1258382350206375,0.0403171069920063,-4752,5874,373,-61,69,308,0
2025-06-27 16:34:57.145,-1.5083470344543457,-5.686229228973389,8.04691219329834,0.2541199326515198,0.1722639948129654,-0.1331686228513717,-4992,6204,270,-76,33,-69,0
2025-06-27 16:34:57.625,-2.8419175148010254,-6.414066314697266,6.828263282775879,0.0537561401724815,0.1099557429552078,0.0158824957907199,-4967,5823,235,-114,-358,260,0
2025-06-27 16:34:57.720,-1.5083470344543457,-5.705382823944092,7.41484260559082,-0.4532620012760162,0.1417207419872284,-0.0293215326964855,-4840,5845,276,-319,-65,-121,0
2025-06-27 16:34:58.243,-2.3511061668396,-6.198588371276856,7.802703380584717,-0.0818559452891349,0.2186897546052932,-0.1270599663257599,-4747,6021,-33,337,-30,138,0
2025-06-27 16:34:58.320,-2.7437551021575928,-6.466738700866699,6.5050458908081055,-0.0183259565383195,0.2174680233001709,-0.1661553531885147,-4977,6166,336,-78,-138,-51,0
2025-06-27 16:34:58.431,-3.450044631958008,-6.730101108551025,6.665457725524902,-0.0610865242779254,-0.1551597714424133,0.1209513172507286,-4814,5790,252,-403,-272,12,0
2025-06-27 16:34:58.730,-2.054224967956543,-5.123591423034668,7.582436561584473,-0.0488692186772823,-0.2260201424360275,0.1551597714424133,-5173,5861,219,-105,66,-322,0
2025-06-27 16:34:59.120,-2.0159177780151367,-4.446032524108887,7.55131196975708,-0.0635299831628799,0.2919935882091522,-0.1832595765590667,-4838,5843,146,-11,-207,-21,0
2025-06-27 16:34:59.246,-1.53707754611969,-7.63989782333374,6.540958881378174,-0.4190535545349121,0.4801400899887085,-0.3738495409488678,-5153,5907,576,787,-780,-27,0
2025-06-27 16:34:59.328,-2.3942017555236816,-5.700594425201416,8.04691219329834,0.4862487316131592,0.0537561401724815,-0.0317649915814399,-5005,6100,-10,525,-316,56,0
2025-06-27 16:34:59.541,-2.1595699787139893,-7.110779285430908,6.50025749206543,-0.0769690200686454,-0.0476474873721599,0.0525344125926494,-5134,6175,378,-195,-173,-56,0
2025-06-27 16:34:59.621,-2.585737943649292,-6.641515731811523,6.9024834632873535,-0.167377084493637,-0.1014036312699318,0.0342084541916847,-5040,5853,537,-918,79,-552,0
2025-06-27 16:34:59.820,-2.3295583724975586,-6.069301128387451,7.41484260559082,-0.3933972120285034,0.4031710624694824,-0.2321287989616394,-5219,5885,422,-30,36,266,0
2025-06-27 16:35:00.136,-2.291250944137573,-6.538564682006836,6.552929878234863,0.0061086523346602,-0.0293215326964855,0.0293215326964855,-4802,6153,404,64,-81,-33,0
2025-06-27 16:35:00.220,-1.6927006244659424,-7.180211067199707,6.13633918762207,-0.4361577928066253,-0.0036651915870606,0.2125810980796814,-5126,6215,605,104,322,262,0
2025-06-27 16:35:00.337,-1.9752163887023928,-6.562506675720215,6.153098583221436,-0.8026769161224365,-0.0574213340878486,0.0,-4824,6185,524,-296,-14,-116,0
2025-06-27 16:35:00.520,-2.2433669567108154,-6.3973069190979,7.299921035766602,-0.2846632003784179,0.1795943826436996,-0.1551597714424133,-4737,6046,516,270,76,124,0
2025-06-27 16:35:00.635,-2.2649147510528564,-6.064512729644775,6.830657482147217,0.3164281845092773,-0.0464257597923278,-0.0183259565383195,-4755,6161,559,-159,-83,-527,0
2025-06-27 16:35:00.837,-2.293645143508911,-6.021417140960693,7.058106422424316,0.3995058834552765,-0.0439822971820831,0.1343903541564941,-4782,5849,552,-187,-28,-556,0
2025-06-27 16:35:01.029,-2.693476915359497,-4.9799394607543945,6.909666061401367,-0.0244346093386411,-0.0293215326964855,-0.0061086523346602,-5200,5811,404,-8,121,-26,0
2025-06-27 16:35:01.133,-2.834734916687012,-6.756437301635742,6.485892295837402,-0.1038470938801765,-0.0122173046693205,-0.0427605658769607,-5143,5879,576,74,111,-63,0
2025-06-27 16:35:01.338,-1.9608511924743648,-6.761225700378418,6.653486728668213,-0.0806342139840126,-0.0219911485910415,-0.0244346093386411,-5135,5875,595,-78,-324,31,0
2025-06-27 16:35:01.539,-2.3271639347076416,-6.224924564361572,6.979097843170166,0.1343903541564941,-0.0329867228865623,0.0183259565383195,-5213,5942,477,-281,-82,-354,0
2025-06-27 16:35:01.642,-2.2816741466522217,-6.6391215324401855,6.799532890319824,-0.0659734457731247,-0.0500909499824047,0.0171042270958423,-5060,5934,482,-269,267,-97,0
2025-06-27 16:35:01.725,-2.324769735336304,-6.643909931182861,6.682217121124268,0.0733038261532783,-0.0134390350431203,0.0329867228865623,-5014,5834,427,95,299,184,0
2025-06-27 16:35:01.937,-2.513911724090576,-6.155492782592773,6.809109687805176,0.1185078546404838,-0.0952949747443199,0.0415388382971286,-5164,5826,423,72,52,-11,0
2025-06-27 16:35:02.132,-2.056619167327881,-5.7987565994262695,6.892906665802002,0.051312681287527,0.0073303831741213,-0.058643065392971,-5140,6215,409,120,-85,-82,0
2025-06-27 16:35:02.223,-2.1284453868865967,-6.150704383850098,7.058106422424316,0.0708603709936142,-0.0598647929728031,-0.0317649915814399,-4861,6147,419,-311,257,75,0
2025-06-27 16:35:02.322,-2.1284453868865967,-6.150704383850098,7.058106422424316,0.0708603709936142,-0.0598647929728031,-0.0317649915814399,-4861,6147,419,-311,257,75,0
2025-06-27 16:35:02.421,-2.296039342880249,-6.184223175048828,6.876147270202637,0.3408628106117248,-0.2626720666885376,0.0745255574584007,-5127,5834,432,-352,277,31,0
2025-06-27 16:35:02.521,-1.601720929145813,-6.129156112670898,7.220912456512451,0.2394591718912124,-0.1209513172507286,0.0855211317539215,-5153,6162,408,-33,-51,40,0
2025-06-27 16:35:02.624,-2.715024709701538,-5.758055210113525,7.548917770385742,-0.0696386396884918,0.3396410644054413,-0.304210901260376,-5001,5781,520,133,-293,103,0
2025-06-27 16:35:02.822,-2.2457611560821533,-6.885724067687988,7.158663272857666,-0.4263839423656463,0.1954768747091293,-0.1857030391693115,-5238,5987,528,-174,304,-364,0
2025-06-27 16:35:03.020,-1.908178806304932,-6.40927791595459,6.763619899749756,0.0109955742955207,0.1038470938801765,-0.0024434609804302,-5025,5828,512,-102,51,281,0
2025-06-27 16:35:03.129,-2.4444799423217773,-5.78678560256958,7.412448406219482,-0.1368338167667389,-0.0781907513737678,0.0146607663482427,-5186,5955,186,19,-20,74,0
2025-06-27 16:35:03.231,-1.4628572463989258,-5.293580055236816,7.462726593017578,-0.2150245606899261,0.0537561401724815,-0.0061086523346602,-5190,5933,137,44,293,-99,0
2025-06-27 16:35:03.524,-2.4899697303771973,-6.251260757446289,6.600813865661621,0.2419026345014572,0.1246165111660957,-0.0488692186772823,-5028,5930,239,366,-363,596,0
2025-06-27 16:35:03.736,-3.287238836288452,-7.532158374786377,5.870582580566406,0.1343903541564941,0.1331686228513717,0.0684169083833694,-5228,5789,227,-272,13,-29,0
2025-06-27 16:35:04.034,-1.5275006294250488,-5.360617637634277,7.328651428222656,0.1637118905782699,-0.0048869219608604,0.051312681287527,-5161,5812,231,-35,-59,-1,0
2025-06-27 16:35:04.126,-1.5969325304031372,-6.665457725524902,6.811503887176514,0.0867428630590438,0.1539380401372909,0.1380555480718612,-5172,5790,367,63,-118,-20,0
2025-06-27 16:35:04.222,-2.5665841102600098,-3.093308687210083,8.236053466796875,0.4227187633514404,-0.1160643994808197,0.1038470938801765,-4833,5997,163,-310,78,96,0
2025-06-27 16:35:04.645,-2.5929205417633057,-5.595249176025391,7.398083209991455,-0.1087340116500854,-0.0366519130766391,-0.0342084541916847,-4968,6166,473,-117,-577,307,0
2025-06-27 16:35:04.750,-1.8602946996688845,-6.959944248199463,6.57926607131958,0.2247984111309051,-0.0879645943641662,0.0610865242779254,-4796,6184,628,-261,-44,105,0
2025-06-27 16:35:04.827,-2.1595699787139893,-6.962338447570801,6.612784862518311,-0.2687807083129883,0.0488692186772823,-0.0733038261532783,-5131,6170,415,28,-302,-78,0
2025-06-27 16:35:04.923,-2.451662540435791,-5.937620162963867,6.117185115814209,0.1062905490398407,0.1759291887283325,-0.1197295859456062,-4985,5879,400,89,116,120,0
2025-06-27 16:35:05.032,-1.1635819673538208,-5.925649166107178,7.642292022705078,-0.2370157092809677,-0.0268780700862407,0.0073303831741213,-4806,6201,594,-146,339,-46,0
2025-06-27 16:35:05.127,-2.2673089504241943,-8.248024940490723,6.629544734954834,0.5778785347938538,-0.1771509200334549,0.2138028293848037,-4831,6218,594,-277,127,-13,0
2025-06-27 16:35:05.220,-2.3558945655822754,-6.251260757446289,6.687005519866943,-0.8588765263557434,0.0219911485910415,-0.0598647929728031,-4739,6237,427,-33,3,-35,0
2025-06-27 16:35:05.320,-1.6352397203445437,-6.390124320983887,7.307103633880615,-0.1185078546404838,0.0867428630590438,-0.0317649915814399,-4753,6083,464,119,104,84,0
2025-06-27 16:35:05.525,-1.81959331035614,-6.655880928039551,7.024587631225586,-0.1343903541564941,-0.0708603709936142,-0.0305432621389627,-5145,6149,405,-96,119,74,0
2025-06-27 16:35:05.631,-2.3726539611816406,-6.4834980964660645,6.7492547035217285,0.0867428630590438,-0.0940732508897781,0.0,-4826,6242,411,261,-128,44,0
2025-06-27 16:35:05.729,-1.8914192914962769,-6.308721542358398,6.912060260772705,-0.0733038261532783,0.0097738439217209,-0.0757472887635231,-4837,5861,444,-346,332,-275,0
2025-06-27 16:35:05.835,-2.0446481704711914,-6.208165168762207,7.129932880401611,-0.0598647929728031,0.1197295859456062,-0.0818559452891349,-5175,5854,389,-274,328,56,0
2025-06-27 16:35:05.943,-1.9512743949890137,-6.670246124267578,6.600813865661621,-0.0244346093386411,-0.0256563406437635,-0.0012217304902151,-5153,5840,432,-264,287,-71,0
2025-06-27 16:35:06.034,-2.248155355453491,-7.091625213623047,6.7492547035217285,0.3078760802745819,-0.0879645943641662,0.090408056974411,-4835,6248,550,-28,48,108,0
2025-06-27 16:35:06.320,-2.5258827209472656,-5.947196960449219,6.955155849456787,0.2651155292987823,0.0012217304902151,-0.058643065392971,-5183,5812,520,-257,259,89,0
2025-06-27 16:35:06.526,-2.580949544906616,-5.4013190269470215,7.424419403076172,0.3787364661693573,0.1539380401372909,0.1221730485558509,-4834,6171,598,-109,3,-41,0
2025-06-27 16:35:06.738,-1.5442601442337036,-6.481103897094727,6.660669326782227,-0.5119050741195679,-0.0403171069920063,-0.0158824957907199,-5124,5886,541,-41,-67,-18,0
2025-06-27 16:35:06.846,-2.58813214302063,-5.95677375793457,6.904877662658691,-0.3604104816913605,0.1441642045974731,-0.1282816976308822,-4862,6253,620,-64,-293,-101,0
2025-06-27 16:35:07.025,-1.7693150043487549,-5.513846397399902,7.436390399932861,0.0818559452891349,-0.0403171069920063,0.0354301854968071,-4858,5821,540,636,92,-858,0
2025-06-27 16:35:07.132,-2.846705913543701,-5.48272180557251,6.993463039398193,0.2174680233001709,-0.0256563406437635,0.1123992055654525,-5207,5793,130,328,171,-798,0
2025-06-27 16:35:07.445,-3.9001545906066895,-7.182605266571045,6.361393928527832,0.8894197940826416,0.0733038261532783,0.2064724564552307,-5070,5604,286,-528,580,348,0
2025-06-27 16:35:07.520,-1.6855180263519287,-6.751648902893066,6.490680694580078,-0.8197811841964722,-0.1759291887283325,-0.067195177078247,-5177,6009,324,-255,287,-57,0
2025-06-27 16:35:07.620,-2.240972757339477,-6.560112476348877,6.706159114837647,0.0390953756868839,0.1624901592731475,-0.0647517144680023,-5204,6149,190,73,-314,165,0
2025-06-27 16:35:07.720,-1.9345149993896484,-6.890512466430664,6.734889507293701,-0.3628539443016052,0.1502728462219238,-0.130725160241127,-5243,5992,243,-213,-270,-348,0
2025-06-27 16:35:07.939,-2.580949544906616,-6.387730121612549,7.041347026824951,0.1759291887283325,0.0708603709936142,0.0256563406437635,-4993,6006,407,82,-327,-86,0
2025-06-27 16:35:08.043,-1.2114660739898682,-5.858611583709717,7.115567684173584,-0.1014036312699318,-0.0561996027827262,0.0647517144680023,-5155,5850,212,76,326,118,0
2025-06-27 16:35:08.231,-0.8810662031173706,-6.268020153045654,6.370970726013184,-0.588874101638794,0.0855211317539215,-0.0794124826788902,-5136,5998,225,114,57,91,0
2025-06-27 16:35:08.337,-3.335123062133789,-5.987898349761963,6.57926607131958,0.394618958234787,0.0390953756868839,0.0598647929728031,-5128,6172,524,18,358,-126,0
2025-06-27 16:35:08.428,-0.9385270476341248,-6.914454460144043,6.988674640655518,-0.1197295859456062,0.0171042270958423,-0.0085521135479211,-5180,5953,185,-365,160,-281,0
2025-06-27 16:35:08.520,-1.8842366933822632,-6.320692539215088,6.308721542358398,-0.2700024247169494,0.0256563406437635,0.0268780700862407,-5074,5831,537,-120,-157,-2,0
2025-06-27 16:35:08.823,-2.118868589401245,-5.731719017028809,7.07726001739502,-0.2736676335334778,-0.0977384373545646,-0.0647517144680023,-5200,5771,526,-49,-10,-120,0
2025-06-27 16:35:08.920,-2.3271639347076416,-6.157886981964111,6.773196697235107,-0.5937610268592834,0.2040289938449859,-0.2284636050462722,-5206,5542,590,522,-142,-35,0
2025-06-27 16:35:09.020,-2.288856744766236,-6.593631267547607,6.916848659515381,0.3799581825733185,0.0781907513737678,-0.0879645943641662,-5135,5800,172,805,-332,-26,0
2025-06-27 16:35:09.120,-2.1356279850006104,-5.822698593139648,7.225700855255127,-0.485027015209198,-0.0610865242779254,-0.0048869219608604,-5186,6169,183,-907,81,17,0
2025-06-27 16:35:09.333,-2.760514497756958,-6.28477954864502,7.175422668457031,0.0024434609804302,-0.2956587672233581,0.1771509200334549,-5190,5915,435,-978,-46,-337,0
2025-06-27 16:35:10.031,-2.118868589401245,-6.356605529785156,7.386112213134766,-0.342084527015686,0.0977384373545646,-0.1185078546404838,-5174,5997,416,-331,40,100,0
2025-06-27 16:35:10.120,-1.6831238269805908,-6.502651691436768,6.914454460144043,-0.1502728462219238,0.0073303831741213,-0.0146607663482427,-5094,5822,426,98,52,301,0
2025-06-27 16:35:10.329,-2.1715409755706787,-6.169857978820801,7.129932880401611,-0.1123992055654525,0.0342084541916847,-0.0195476878434419,-5225,5867,473,-82,-130,-17,0
2025-06-27 16:35:10.425,-1.8339585065841677,-6.081272125244141,7.213729858398437,-0.0097738439217209,-0.0378736443817615,-0.0073303831741213,-5162,5835,800,71,22,-106,0
2025-06-27 16:35:10.525,-2.011129379272461,-6.179434776306152,7.168240070343018,-0.0647517144680023,-0.0171042270958423,0.0012217304902151,-4861,6179,460,111,-29,291,0
2025-06-27 16:35:10.649,-2.027888774871826,-6.035782337188721,7.273584842681885,0.0574213340878486,-0.0097738439217209,0.0207694191485643,-5175,5887,412,88,-22,-123,0
2025-06-27 16:35:10.720,-1.874659895896912,-5.686229228973389,7.493851184844971,0.1233947798609733,0.0293215326964855,-0.0171042270958423,-5152,5838,430,66,-88,-115,0
2025-06-27 16:35:10.847,-2.1739351749420166,-6.411672115325928,6.991068840026856,-0.0244346093386411,0.0061086523346602,-0.0085521135479211,-4859,5852,418,55,315,-71,0
2025-06-27 16:35:11.020,-1.953668594360352,-6.258443355560303,7.170634269714356,0.2883284091949463,-0.157603234052658,0.1221730485558509,-5134,6154,611,25,337,14,0
2025-06-27 16:35:11.120,-1.3000515699386597,-5.985504150390625,7.256825447082519,-0.1624901592731475,0.051312681287527,-0.0500909499824047,-5189,6178,632,-273,289,10,0
2025-06-27 16:35:11.750,-1.8171991109848025,-6.44279670715332,6.732495307922363,-0.2370157092809677,-0.0745255574584007,-0.0109955742955207,-5143,5836,404,102,-21,8,0
2025-06-27 16:35:11.943,-1.922544002532959,-5.916072368621826,7.864952564239502,0.3445279896259308,-0.0354301854968071,0.0036651915870606,-5180,5875,219,-47,111,-260,0
2025-06-27 16:35:12.050,-1.968033790588379,-5.324704647064209,7.441178798675537,-0.2186897546052932,0.0122173046693205,-0.0146607663482427,-5051,5955,150,-363,319,2,0
2025-06-27 16:35:12.125,-1.6136919260025024,-6.294356346130371,6.461950302124023,0.0794124826788902,-0.0122173046693205,0.0610865242779254,-5168,6002,175,-108,-114,-122,0
2025-06-27 16:35:12.228,-3.73016619682312,-3.440467834472656,7.50582218170166,1.5528194904327393,-0.1343903541564941,0.1429424732923507,-5195,5973,206,-260,-111,-77,0
2025-06-27 16:35:12.330,-1.1516109704971311,-6.943184852600098,6.279991149902344,-0.4056145250797272,-0.0794124826788902,-0.0378736443817615,-5188,5992,354,-87,85,324,0
2025-06-27 16:35:12.432,-2.5737667083740234,-6.727706909179688,6.5265936851501465,-0.2174680233001709,0.147829383611679,-0.1282816976308822,-5149,5836,327,259,-261,175,0
2025-06-27 16:35:12.727,-2.4157495498657227,-6.471527099609375,6.574477672576904,0.2871066629886627,0.0293215326964855,0.1637118905782699,-4840,5848,244,87,103,284,0
2025-06-27 16:35:12.923,-1.9297266006469729,-6.303933143615723,6.509834289550781,0.1087340116500854,-0.0158824957907199,0.0427605658769607,-5146,5788,202,-273,285,100,0
2025-06-27 16:35:13.021,-2.049436569213867,-5.137956619262695,7.50582218170166,0.0842994004487991,0.0891863256692886,-0.0354301854968071,-4765,5804,179,-73,193,280,0
2025-06-27 16:35:13.120,-2.042253971099853,-6.303933143615723,7.287950038909912,-0.375071257352829,0.0378736443817615,-0.0549778714776039,-5203,5842,-45,-287,-57,23,0
2025-06-27 16:35:13.227,-1.98958158493042,-5.810727596282959,7.812280178070068,0.2919935882091522,-0.1295034289360046,0.1685988008975982,-4768,6220,317,-144,108,63,0
2025-06-27 16:35:13.323,-1.98958158493042,-5.810727596282959,7.812280178070068,0.2919935882091522,-0.1295034289360046,0.1685988008975982,-4768,6220,317,-144,108,63,0
2025-06-27 16:35:13.531,-2.164358377456665,-5.621585369110107,7.50582218170166,-0.0207694191485643,0.0305432621389627,-0.0268780700862407,-4849,5836,146,3,-66,-268,0
2025-06-27 16:35:13.835,-1.45806884765625,-5.513846397399902,7.443572998046875,-0.1197295859456062,0.0061086523346602,0.0122173046693205,-4824,5770,172,46,96,67,0
2025-06-27 16:35:13.920,-1.8818424940109253,-6.624756336212158,7.90086555480957,0.5351179838180542,-0.098960168659687,0.0745255574584007,-5163,5815,359,-120,-33,86,0
2025-06-27 16:35:14.120,-4.4508209228515625,-6.495469093322754,6.876147270202637,0.3127630054950714,-0.1783726513385772,0.0488692186772823,-5164,5859,215,32,109,-105,0
2025-06-27 16:35:14.220,-1.1468225717544556,-6.586448669433594,6.607996463775635,-0.0280998013913631,0.0757472887635231,-0.0952949747443199,-4738,5816,169,69,-112,60,0
2025-06-27 16:35:14.520,-2.1978771686553955,-6.761225700378418,6.5912370681762695,0.1466076523065567,0.0109955742955207,0.0036651915870606,-5159,5839,146,37,-54,76,0
2025-06-27 16:35:14.726,-2.410961151123047,-6.287173748016357,7.026981830596924,0.3433062732219696,-0.0708603709936142,0.0109955742955207,-4753,5826,200,89,-271,-282,0
2025-06-27 16:35:14.825,-0.974440097808838,-5.755661010742188,7.738059997558594,-0.1991420686244964,-0.0464257597923278,0.0305432621389627,-4861,5943,208,100,91,-213,0
2025-06-27 16:35:14.921,-2.52109432220459,-8.075642585754395,7.074865818023682,0.5204572081565857,-0.2480112910270691,0.1930334120988845,-5176,5911,180,-15,-128,-146,0
2025-06-27 16:35:15.020,-1.699883222579956,-6.710947513580322,6.471527099609375,-0.0403171069920063,0.1954768747091293,0.2101376503705978,-4856,5975,-123,51,205,371,0
2025-06-27 16:35:15.336,-2.9233202934265137,-5.755661010742188,6.995857238769531,-0.0415388382971286,0.1343903541564941,-0.0207694191485643,-5184,5788,192,316,-598,358,0
2025-06-27 16:35:15.822,-4.055777549743652,-6.957550048828125,6.746860504150391,1.0018190145492554,-0.1685988008975982,0.2700024247169494,-4601,5541,630,72,-150,-1211,0
2025-06-27 16:35:16.020,-2.118868589401245,-5.951985359191895,7.129932880401611,0.0647517144680023,0.1490511149168014,0.0232128798961639,-5620,5077,71,-28,-15,846,0
2025-06-27 16:35:16.143,-2.2242133617401123,-7.311892032623291,7.007828235626221,0.3029891550540924,-0.0733038261532783,0.0855211317539215,-5328,5488,-55,-355,11,457,0
2025-06-27 16:35:16.250,-2.1332337856292725,-6.461950302124023,6.830657482147217,-0.0317649915814399,0.0574213340878486,-0.0171042270958423,-5258,5469,-82,-159,-78,533,0
2025-06-27 16:35:16.439,-1.9297266006469729,-6.406883716583252,7.108384609222412,-0.051312681287527,-0.0317649915814399,-0.0293215326964855,-5319,5663,-50,-527,-299,397,0
2025-06-27 16:35:17.235,-1.000776290893555,-5.104437828063965,8.176198959350586,-0.230907067656517,0.0048869219608604,0.0109955742955207,-5443,5589,342,-290,-106,-8,0
2025-06-27 16:35:18.149,-2.5019407272338867,-5.822698593139648,7.254431247711182,0.1246165111660957,-0.0036651915870606,0.0415388382971286,-5419,5577,221,-24,67,-21,0
2025-06-27 16:35:18.225,-1.625662922859192,-7.27837324142456,6.722918510437012,-0.4630358517169952,-0.0219911485910415,-0.0219911485910415,-5411,5924,137,-348,102,-60,0
2025-06-27 16:35:18.332,-2.296039342880249,-4.888959884643555,7.1921820640563965,0.2932153046131134,0.180816113948822,-0.0488692186772823,-5067,5608,133,-330,-79,84,0
2025-06-27 16:35:18.823,-2.183511972427368,-5.961562156677246,7.680599212646484,0.1209513172507286,0.167377084493637,-0.0342084541916847,-5087,5595,196,261,118,152,0
2025-06-27 16:35:18.920,-2.183511972427368,-5.961562156677246,7.680599212646484,0.1209513172507286,0.167377084493637,-0.0342084541916847,-5087,5595,196,261,118,152,0
2025-06-27 16:35:19.029,-3.612850427627564,-5.853823184967041,6.217741966247559,0.6609562039375305,-0.1502728462219238,0.0891863256692886,-5047,5894,200,327,103,226,0
2025-06-27 16:35:19.320,-1.8052281141281128,-6.892906665802002,7.046135425567627,-0.107512280344963,0.0928515195846557,-0.0500909499824047,-5061,5769,372,46,-153,-26,0
2025-06-27 16:35:19.634,-2.138022184371948,-6.19379997253418,7.204153060913086,0.0623082555830478,-0.0024434609804302,0.0146607663482427,-5070,5985,528,59,328,125,0
2025-06-27 16:35:20.020,-2.0470423698425293,-6.268020153045654,7.0341644287109375,0.0097738439217209,0.0109955742955207,0.0,-5045,5953,537,41,-56,111,0
2025-06-27 16:35:20.330,-2.0159177780151367,-6.150704383850098,7.208941459655762,-0.0061086523346602,0.0134390350431203,-0.0048869219608604,-5058,5966,569,23,-113,117,0
2025-06-27 16:35:20.450,-1.6328455209732056,-5.774814605712891,7.378929615020752,0.0097738439217209,0.0549778714776039,0.0073303831741213,-5245,5999,521,64,119,72,0
2025-06-27 16:35:20.525,-2.669534921646118,-6.799532890319824,6.449979305267334,-0.0500909499824047,0.0109955742955207,-0.0378736443817615,-5226,5987,526,66,-123,96,0
2025-06-27 16:35:20.846,-1.158793568611145,-6.543353080749512,6.564900875091553,-0.1722639948129654,0.0146607663482427,-0.0073303831741213,-5080,5999,524,81,-82,70,0
2025-06-27 16:35:20.961,-4.1156325340271,-4.086902141571045,7.934384346008301,1.2718214988708496,-0.180816113948822,-0.0403171069920063,-5147,5771,527,115,-97,-22,0
2025-06-27 16:35:21.132,-0.5913678407669067,-6.452373504638672,6.9240312576293945,-0.1722639948129654,-0.0024434609804302,0.0256563406437635,-5173,5776,513,80,-42,-71,0
2025-06-27 16:35:21.729,-2.1308395862579346,-6.478709697723389,7.048529624938965,-0.0439822971820831,0.0390953756868839,-0.0342084541916847,-5229,6162,166,-126,18,-21,0
2025-06-27 16:35:21.847,-1.9177556037902832,-6.260837554931641,6.92881965637207,0.0073303831741213,-0.0647517144680023,0.0171042270958423,-5096,5943,517,-274,-122,-105,0
2025-06-27 16:35:22.022,-1.9991583824157717,-6.531382083892822,6.964732646942139,0.0305432621389627,0.0256563406437635,0.0,-5242,6010,530,112,-86,114,0
2025-06-27 16:35:22.136,-1.98958158493042,-6.552929878234863,6.976703643798828,0.0610865242779254,-0.0036651915870606,0.0219911485910415,-5248,5776,527,-93,6,38,0
2025-06-27 16:35:22.539,-2.0901381969451904,-6.426037311553955,6.900089263916016,-0.0036651915870606,-0.0256563406437635,0.0036651915870606,-5105,5947,599,39,74,50,0
2025-06-27 16:35:22.631,-2.0901381969451904,-6.426037311553955,6.900089263916016,-0.0036651915870606,-0.0256563406437635,0.0036651915870606,-5033,5985,591,118,-268,-110,0
2025-06-27 16:35:23.021,-2.169146776199341,-6.28477954864502,6.979097843170166,-0.1563815027475357,-0.0342084541916847,-0.0610865242779254,-5240,5980,575,-122,78,5,0
2025-06-27 16:35:23.145,-2.2457611560821533,-6.521805286407471,7.024587631225586,0.2846632003784179,-0.0476474873721599,-0.0195476878434419,-5238,5985,211,-261,-40,97,0
2025-06-27 16:35:23.631,-2.9951462745666504,-5.750872611999512,7.139509677886963,0.0769690200686454,-0.0488692186772823,0.0219911485910415,-5069,5980,555,-286,280,-283,0
2025-06-27 16:35:23.821,-1.7693150043487549,-5.738901615142822,7.249642848968506,-0.5009095072746277,0.0598647929728031,-0.0464257597923278,-5396,5912,514,-518,75,5,0
2025-06-27 16:35:24.920,-2.0877439975738525,-6.416460514068604,6.919242858886719,0.098960168659687,-0.0696386396884918,0.0024434609804302,-5070,5905,557,27,281,76,0
2025-06-27 16:35:25.235,-2.1763293743133545,-6.13633918762207,7.168240070343018,-0.0024434609804302,0.0574213340878486,-0.0366519130766391,-5069,5987,250,-378,377,43,0
2025-06-27 16:35:25.420,-1.9991583824157717,-6.339846134185791,6.957550048828125,-0.3738495409488678,-0.1881465017795562,-0.0733038261532783,-5116,5961,580,67,40,-330,0
2025-06-27 16:35:25.531,-2.5785553455352783,-7.723694801330566,6.45476770401001,-0.0293215326964855,0.0500909499824047,-0.0488692186772823,-5403,5590,426,-79,-297,-145,0
2025-06-27 16:35:25.746,-1.6519991159439087,-6.138733386993408,7.46033239364624,0.1661553531885147,-0.0268780700862407,-0.0268780700862407,-5411,5908,577,-293,107,89,0
2025-06-27 16:35:26.436,-2.164358377456665,-6.670246124267578,6.842628479003906,0.0183259565383195,0.0293215326964855,0.0,-5091,5906,575,30,-60,119,0
2025-06-27 16:35:26.536,-2.123656988143921,-6.593631267547607,6.780379295349121,-0.1038470938801765,0.0073303831741213,-0.0024434609804302,-5007,5795,550,58,87,-71,0
2025-06-27 16:35:26.623,-2.123656988143921,-6.593631267547607,6.780379295349121,-0.1038470938801765,0.0073303831741213,-0.0024434609804302,-5007,5795,550,58,87,-71,0
2025-06-27 16:35:26.920,-2.099714994430542,-6.596025466918945,6.6846113204956055,-0.0598647929728031,0.0036651915870606,-0.0195476878434419,-5244,5847,639,30,-38,103,0
2025-06-27 16:35:27.020,-2.094926595687866,-6.172252178192139,7.0126166343688965,-0.0256563406437635,0.0256563406437635,-0.0158824957907199,-5062,5921,610,56,-33,-95,0
2025-06-27 16:35:27.231,-2.217030763626098,-6.574477672576904,6.799532890319824,-0.051312681287527,-0.0024434609804302,-0.0134390350431203,-5101,5918,530,8,-37,102,0
2025-06-27 16:35:27.434,-2.0231003761291504,-6.007051944732666,7.264008045196533,-0.1881465017795562,0.0561996027827262,-0.0195476878434419,-5043,5970,557,68,-96,87,0
2025-06-27 16:35:27.540,-2.0231003761291504,-6.007051944732666,7.264008045196533,-0.1881465017795562,0.0561996027827262,-0.0195476878434419,-5043,5970,557,68,-96,87,0
2025-06-27 16:35:27.833,-1.9800047874450684,-6.655880928039551,6.904877662658691,0.0012217304902151,-0.0818559452891349,-0.0073303831741213,-5024,5975,550,26,-92,-271,0
2025-06-27 16:35:28.422,-1.7142484188079834,-5.655104637145996,7.208941459655762,0.0366519130766391,-0.1881465017795562,0.0940732508897781,-5040,5983,532,8,126,79,0
2025-06-27 16:35:28.521,-2.408566951751709,-6.265625953674316,6.847416877746582,-0.1343903541564941,0.0452040284872055,-0.1014036312699318,-5054,6006,536,67,1,-85,0
2025-06-27 16:35:28.721,-1.8722656965255735,-6.1315507888793945,7.297526836395264,0.0012217304902151,-0.0207694191485643,-0.0183259565383195,-5280,6174,548,-179,-431,-319,0
2025-06-27 16:35:28.821,-2.2218191623687744,-6.277596950531006,6.943184852600098,-0.0439822971820831,0.0452040284872055,-0.0305432621389627,-5401,5780,606,-498,-834,-149,0
2025-06-27 16:35:28.935,-2.042253971099853,-6.347028732299805,6.900089263916016,0.0268780700862407,-0.0024434609804302,0.0122173046693205,-5453,5724,706,-411,-779,-337,0
2025-06-27 16:35:29.039,-2.051830768585205,-6.696582317352295,6.900089263916016,0.0537561401724815,0.0305432621389627,-0.0024434609804302,-5098,5971,679,107,324,275,0
2025-06-27 16:35:29.120,-2.0638017654418945,-6.655880928039551,6.830657482147217,-0.2455678284168243,0.0781907513737678,-0.0293215326964855,-5103,5942,740,-121,-62,145,0
2025-06-27 16:35:29.230,-1.9560627937316892,-6.421248912811279,6.7923502922058105,0.1649336218833923,0.0073303831741213,0.0171042270958423,-5066,5875,828,137,330,290,0
2025-06-27 16:35:29.323,-1.9560627937316892,-6.421248912811279,6.7923502922058105,0.1649336218833923,0.0073303831741213,0.0171042270958423,-5066,5875,828,137,330,290,0
2025-06-27 16:35:29.532,-2.032677173614502,-7.754819393157959,5.384559631347656,-0.4337143301963806,0.1295034289360046,-0.1160643994808197,-5001,5841,468,-109,370,-103,0
2025-06-27 16:35:29.736,-1.6759412288665771,-6.327875137329102,6.485892295837402,0.1722639948129654,0.0415388382971286,-0.0122173046693205,-5029,5779,472,209,-91,-124,0
2025-06-27 16:35:30.235,-1.7357962131500244,-6.703764915466309,6.897695064544678,0.0525344125926494,0.1417207419872284,-0.0452040284872055,-5215,5974,479,-350,-117,52,0
2025-06-27 16:35:30.331,-2.741360902786255,-6.390124320983887,6.981492042541504,0.0500909499824047,0.067195177078247,-0.090408056974411,-5223,5811,392,4,-108,89,0
2025-06-27 16:35:30.451,-2.0829553604125977,-6.72531270980835,6.682217121124268,0.0317649915814399,0.0171042270958423,0.0048869219608604,-5010,5831,446,-16,-258,305,0
2025-06-27 16:35:30.828,-2.123656988143921,-6.675034523010254,6.701370716094971,0.0061086523346602,-0.0134390350431203,0.0073303831741213,-5199,5833,385,-96,121,256,0
2025-06-27 16:35:30.943,-2.123656988143921,-6.675034523010254,6.701370716094971,0.0061086523346602,-0.0134390350431203,0.0073303831741213,-5199,5833,385,-96,121,256,0
2025-06-27 16:35:31.733,-1.821987509727478,-6.868964672088623,6.552929878234863,0.0342084541916847,0.0366519130766391,-0.0048869219608604,-5073,5927,630,-338,299,33,0
2025-06-27 16:35:31.824,-1.821987509727478,-6.868964672088623,6.552929878234863,0.0342084541916847,0.0366519130766391,-0.0048869219608604,-5073,5927,630,-338,299,33,0
2025-06-27 16:35:32.120,-2.049436569213867,-6.811503887176514,6.600813865661621,-0.0720821022987365,0.0036651915870606,-0.0122173046693205,-5210,5807,391,-93,-63,98,0
2025-06-27 16:35:32.235,-2.154781579971313,-6.785167694091797,6.50025749206543,0.0109955742955207,-0.0012217304902151,-0.0061086523346602,-5154,6195,633,29,-68,262,0
2025-06-27 16:35:32.321,-2.121262788772583,-6.675034523010254,6.646304130554199,-0.0073303831741213,0.0134390350431203,-0.0048869219608604,-5221,5940,391,368,-355,118,0
2025-06-27 16:35:32.720,-2.070984363555908,-6.588842868804932,6.627150535583496,-0.0085521135479211,0.0048869219608604,-0.0073303831741213,-5034,5797,390,61,-57,-57,0
2025-06-27 16:35:32.820,-2.22660756111145,-6.62236213684082,6.789956092834473,-0.0146607663482427,-0.0085521135479211,0.0024434609804302,-5230,5825,387,118,118,-92,0
2025-06-27 16:35:33.020,-2.492363929748535,-5.157110691070557,7.060500621795654,-0.0769690200686454,-0.1539380401372909,0.0354301854968071,-4995,5765,608,93,-69,80,0
2025-06-27 16:35:33.235,-2.43011474609375,-7.003039836883545,6.423643112182617,-0.1380555480718612,0.0354301854968071,-0.0769690200686454,-5204,5774,569,122,-37,-91,0
2025-06-27 16:35:33.433,-1.8914192914962769,-6.607996463775635,6.610390663146973,-0.0280998013913631,0.0268780700862407,-0.0598647929728031,-5224,5808,558,118,-30,-68,0
2025-06-27 16:35:33.541,-2.140416383743286,-6.646304130554199,6.593631267547607,0.6426302194595337,-0.1380555480718612,0.0073303831741213,-5237,5807,620,14,-268,-48,0
2025-06-27 16:35:34.128,-1.4939818382263184,-6.509834289550781,6.560112476348877,-0.1783726513385772,0.0476474873721599,-0.0268780700862407,-5213,5814,214,-176,366,-329,0
2025-06-27 16:35:34.632,-2.205059766769409,-6.205770969390869,6.967126846313477,0.50335294008255,-0.0378736443817615,0.1197295859456062,-5238,5775,575,-125,71,106,0
2025-06-27 16:35:34.929,-1.7334020137786863,-7.105990409851074,6.464344501495361,-0.5778785347938538,0.0427605658769607,-0.1270599663257599,-5163,5788,604,33,113,88,0
2025-06-27 16:35:35.020,-1.7334020137786863,-7.105990409851074,6.464344501495361,-0.5778785347938538,0.0427605658769607,-0.1270599663257599,-5183,5793,608,49,-121,32,0
2025-06-27 16:35:35.120,-1.620874524116516,-6.603208065032959,6.809109687805176,0.4349360466003418,-0.0769690200686454,0.0696386396884918,-5008,5784,602,-164,373,56,0
2025-06-27 16:35:35.224,-2.691082715988159,-6.998251438140869,6.62236213684082,-0.4007275998592376,0.0928515195846557,-0.0598647929728031,-5173,5782,233,-125,339,-117,0
2025-06-27 16:35:35.320,-2.1595699787139893,-7.058106422424316,6.88332986831665,-0.1637118905782699,0.0720821022987365,-0.0024434609804302,-5156,5771,251,-372,-27,43,0
2025-06-27 16:35:35.420,-2.4157495498657227,-7.714118003845215,6.200982570648193,-0.117286130785942,0.0745255574584007,0.1014036312699318,-5180,5860,517,121,70,-122,0
2025-06-27 16:35:35.520,-2.4157495498657227,-7.714118003845215,6.200982570648193,-0.117286130785942,0.0745255574584007,0.1014036312699318,-5180,5860,517,121,70,-122,0
2025-06-27 16:35:35.930,-2.207453966140747,-6.813898086547852,6.564900875091553,-0.0378736443817615,-0.0171042270958423,0.0085521135479211,-5164,6005,432,114,-149,-10,0
2025-06-27 16:35:36.031,-2.1092917919158936,-6.821080684661865,6.5912370681762695,0.107512280344963,-0.0256563406437635,0.0012217304902151,-5126,5777,465,-60,-278,-10,0
2025-06-27 16:35:36.430,-3.047818660736084,-6.011840343475342,7.225700855255127,0.371406078338623,-0.0024434609804302,-0.0415388382971286,-5179,5864,230,124,322,-79,0
2025-06-27 16:35:36.532,-2.0446481704711914,-7.273584842681885,6.311115741729736,-0.8478809595108032,0.2858849465847015,-0.3506366610527038,-5153,5846,547,-68,93,113,0
2025-06-27 16:35:37.053,-2.437297344207764,-8.310274124145508,6.574477672576904,0.2296853363513946,-0.1539380401372909,0.2467895597219467,-5190,5830,253,-345,-48,-301,0
2025-06-27 16:35:37.121,-2.22660756111145,-6.665457725524902,6.514622688293457,0.0171042270958423,0.1295034289360046,-0.0549778714776039,-5199,5804,515,-355,-43,-315,0
2025-06-27 16:35:37.432,-1.8507179021835327,-6.44279670715332,6.471527099609375,-0.271224170923233,-0.0794124826788902,-0.0280998013913631,-5222,5773,530,-350,-56,-311,0
2025-06-27 16:35:37.540,-1.8507179021835327,-6.44279670715332,6.471527099609375,-0.271224170923233,-0.0794124826788902,-0.0280998013913631,-5222,5773,530,-350,-56,-311,0
2025-06-27 16:35:38.130,-2.6647465229034424,-5.74129581451416,7.297526836395264,0.1368338167667389,0.1857030391693115,-0.1869247704744339,-5136,5884,209,17,-39,-282,0
2025-06-27 16:35:38.424,-1.7525556087493896,-7.089231014251709,6.67982292175293,-0.0500909499824047,0.0525344125926494,0.0916297882795333,-5404,5971,232,-103,-308,269,0
2025-06-27 16:35:38.520,-1.7525556087493896,-7.089231014251709,6.67982292175293,-0.0500909499824047,0.0525344125926494,0.0916297882795333,-5404,5971,232,-103,-308,269,0
2025-06-27 16:35:39.035,-2.0901381969451904,-6.517016887664795,6.670246124267578,-0.1795943826436996,0.0390953756868839,-0.3982841372489929,-5729,5895,878,-90,-1174,-510,0
2025-06-27 16:35:39.121,-1.161187767982483,-7.110779285430908,6.675034523010254,0.0280998013913631,-0.0794124826788902,-0.0476474873721599,-5359,5301,945,64,-899,-871,0
2025-06-27 16:35:39.220,-1.6424223184585571,-7.062894821166992,6.452373504638672,0.1588249653577804,-0.0207694191485643,-0.0452040284872055,-5551,5374,1391,-279,-1061,-396,0
2025-06-27 16:35:39.325,-1.6424223184585571,-7.062894821166992,6.452373504638672,0.1588249653577804,-0.0207694191485643,-0.0452040284872055,-5551,5374,1391,-279,-1061,-396,0
2025-06-27 16:35:39.729,-1.0821791887283323,-6.356605529785156,7.520187377929687,0.1343903541564941,-0.0183259565383195,-0.2736676335334778,-6335,4525,2420,93,73,-742,0
2025-06-27 16:35:39.835,-0.4620809257030487,-6.385335922241211,7.42681360244751,-0.0647517144680023,-0.1637118905782699,-0.4337143301963806,-6864,3874,2028,335,837,-1249,0
2025-06-27 16:35:40.020,-0.4189853072166443,-6.327875137329102,7.129932880401611,-0.0268780700862407,-0.2223549485206604,-0.2675589919090271,-7539,3004,2090,422,1036,-1168,0
2025-06-27 16:35:40.140,0.2825157940387726,-5.348646640777588,7.089231014251709,-0.0794124826788902,0.0415388382971286,-0.0085521135479211,-7441,2947,2050,545,1096,-1040,0
2025-06-27 16:35:40.220,-0.4596867263317108,-6.852205276489258,7.412448406219482,-0.4239404797554016,0.3640756905078888,0.2345722615718841,-7423,3128,1679,-66,774,1442,0
2025-06-27 16:35:40.332,-0.7661445140838623,-7.182605266571045,6.845022678375244,0.0317649915814399,0.1050688251852989,0.1221730485558509,-6754,4505,1281,255,-74,262,0
2025-06-27 16:35:40.547,-0.6009446382522583,-6.675034523010254,7.024587631225586,-0.2638937830924988,0.2467895597219467,-0.2272418737411499,-6427,4508,939,129,144,1209,0
2025-06-27 16:35:40.620,-0.6368576288223267,-6.897695064544678,7.105990409851074,0.5351179838180542,0.0048869219608604,0.0452040284872055,-6348,5061,861,266,208,957,0
2025-06-27 16:35:40.820,-0.9600749015808104,-7.888894557952881,7.129932880401611,0.2174680233001709,-0.0293215326964855,-0.1747074574232101,-6628,4372,217,-332,851,-630,0
2025-06-27 16:35:41.144,-1.1109095811843872,-6.885724067687988,6.710947513580322,0.3775147199630737,-0.0733038261532783,-0.0647517144680023,-6946,3562,670,75,-607,-665,0
2025-06-27 16:35:41.222,-0.2202665507793426,-7.017405033111572,6.3949127197265625,-0.513126790523529,0.0317649915814399,0.067195177078247,-6972,3815,677,-101,52,291,0
2025-06-27 16:35:41.330,-1.6687586307525637,-5.853823184967041,7.618350028991699,0.7171558141708374,-0.2125810980796814,0.1466076523065567,-6653,4115,663,106,-105,-100,0
