ActualTime,Ax watch,Ay watch,Az watch,Gx watch,Gy watch,Gz watch,Ax esense,Ay esense,Az esense,Gx esense,Gy esense,Gz esense,Combined_Action_Num
2025-06-27 13:11:06.030,9.217676162719728,-3.7828385829925537,2.655169725418091,0.2492330223321914,-0.0830776765942573,0.0134390350431203,-7320,-3394,3967,-112,-66,-13,3
2025-06-27 13:11:06.137,9.217676162719728,-3.7828385829925537,2.655169725418091,0.2492330223321914,-0.0830776765942573,0.0134390350431203,-7344,-3375,3965,-270,-71,268,3
2025-06-27 13:11:06.243,9.028534889221191,-5.008669853210449,3.126827478408813,0.2919935882091522,0.0757472887635231,0.4630358517169952,-7335,-2970,3877,-876,-32,180,3
2025-06-27 13:11:06.542,6.36378812789917,-9.464279174804688,2.5546131134033203,2.1282544136047363,-0.3762930035591125,2.0170769691467285,-8096,-2881,3115,-12768,-2440,3625,3
2025-06-27 13:11:06.948,6.071695327758789,-3.8163576126098633,1.900996208190918,1.5332717895507812,-1.7629570960998535,-0.2223549485206604,-7885,-1973,3986,-5054,186,1058,3
2025-06-27 13:11:07.230,8.937555313110352,-2.408566951751709,3.9264907836914062,3.343876361846924,-1.1618657112121582,0.7513642311096191,-6902,39,1361,-1491,1049,1474,3
2025-06-27 13:11:07.429,11.027692794799805,-0.8834604024887085,-0.6320692300796509,2.431243658065796,-0.6035348773002625,0.5998696684837341,-8709,1430,-35,-2210,-13,1591,3
2025-06-27 13:11:07.630,13.24472427368164,0.7565677165985107,3.2178070545196533,-0.5351179838180542,1.1716395616531372,0.4715879559516907,-9099,1020,701,-1526,789,-93,3
2025-06-27 13:11:07.840,11.650185585021973,-1.2641384601593018,5.066130638122559,-3.000570058822632,2.328618288040161,0.513126790523529,-9869,1466,581,-1220,-359,1009,3
2025-06-27 13:11:07.939,5.674258232116699,-6.064512729644775,3.5936968326568604,-3.604104995727539,1.9620991945266724,1.205847978591919,-8815,1721,861,-2318,-1894,-438,3
2025-06-27 13:11:08.130,-0.2992752194404602,-7.436390399932861,2.0446481704711914,2.5143213272094727,1.319468975067139,1.1533136367797852,-7538,-359,2860,-866,-726,-1974,3
2025-06-27 13:11:08.430,-0.5817909836769104,-4.759673118591309,7.094019412994385,2.5253169536590576,-0.2150245606899261,0.7232644557952881,-7167,-579,3149,-1404,-893,-1188,3
2025-06-27 13:11:08.529,-0.730231523513794,-3.584120035171509,7.173028469085693,0.6829473376274109,0.2150245606899261,0.6499606370925903,-7815,-552,3600,-1729,-233,-322,3
2025-06-27 13:11:08.629,-1.4676456451416016,-6.033388137817383,9.50498104095459,-3.0921998023986816,0.598647952079773,0.4080579876899719,-7886,-860,3480,-1480,-469,-779,3
2025-06-27 13:11:08.847,-2.738966703414917,-10.60391902923584,-6.48828649520874,-2.7623326778411865,-0.6511823534965515,0.167377084493637,-7377,-1563,4491,-3592,-1804,-1668,3
2025-06-27 13:11:08.930,-2.4660277366638184,-9.141061782836914,-0.3711012601852417,1.7702875137329102,-0.6817256212234497,0.3469714522361755,-7620,-1665,4789,-3130,-1286,-1538,3
2025-06-27 13:11:09.148,-2.2673089504241943,-10.678139686584473,1.192312479019165,0.2443460971117019,-0.1857030391693115,0.9224064946174622,-7453,-1950,4649,-1299,-610,-901,3
2025-06-27 13:11:09.254,-4.086902141571045,-9.485827445983888,1.357512354850769,1.8020524978637693,0.3506366610527038,1.1728612184524536,-7410,-2655,3309,566,979,-1586,3
2025-06-27 13:11:09.349,-4.721365928649902,-8.760383605957031,3.9408559799194336,3.5613443851470947,-0.4227187633514404,0.7819074988365173,-7628,-2559,3286,501,1169,-1538,3
2025-06-27 13:11:09.455,-3.916913986206055,-5.128379821777344,4.517858505249023,4.576602458953857,-0.1441642045974731,0.5265658497810364,-8022,-2291,2203,1548,1795,-24,3
2025-06-27 13:11:09.542,-2.813186883926392,-4.393360137939453,6.402095317840576,0.7721336483955383,-0.0659734457731247,0.0757472887635231,-7568,-2904,2389,1370,736,-712,3
2025-06-27 13:11:09.853,-7.38132381439209,-3.9408559799194336,9.318233489990234,-0.098960168659687,0.3249803185462951,-0.1356120854616165,-7726,-3658,2783,-561,-435,202,3
2025-06-27 13:11:10.053,-3.533841609954834,-6.09324312210083,5.870582580566406,0.0940732508897781,0.50335294008255,0.3188716471195221,-7756,-3694,2555,-117,-881,1083,3
2025-06-27 13:11:10.235,-6.892906665802002,-6.907271862030029,8.60236644744873,-1.7189748287200928,0.8295549750328064,-0.4447098970413208,-7636,-2702,3690,-429,-819,610,3
2025-06-27 13:11:10.331,-4.766855716705322,0.4884171485900879,3.1435868740081787,1.7666223049163818,-0.1881465017795562,0.6951646208763123,-7442,-3020,3419,-570,-1458,-122,3
2025-06-27 13:11:10.629,-5.16429328918457,0.768538773059845,6.490680694580078,0.5876523852348328,-0.7819074988365173,1.3524556159973145,-7862,-2673,3687,-1004,-523,1220,3
2025-06-27 13:11:10.944,-5.166687488555908,-3.44765043258667,7.560888767242432,-0.779464066028595,1.2498302459716797,-1.6945401430130005,-7732,-1317,4851,-153,-536,29,3
2025-06-27 13:11:11.042,-5.166687488555908,-3.44765043258667,7.560888767242432,-0.779464066028595,1.2498302459716797,-1.6945401430130005,-7732,-1317,4851,-153,-536,29,3
2025-06-27 13:11:11.243,-4.663905143737793,-3.090914487838745,5.492298603057861,-1.3781119585037231,1.587027907371521,-2.5302038192749023,-7622,-1164,4813,179,608,-312,3
2025-06-27 13:11:11.842,-6.277596950531006,1.9991583824157717,10.654197692871094,1.1435397863388062,-1.1154398918151855,1.4379768371582031,-7572,-2220,4121,159,-333,-206,3
2025-06-27 13:11:11.939,-5.20978307723999,0.629675030708313,7.287950038909912,-1.428202986717224,1.4941763877868652,-1.9144517183303835,-7590,-2376,4020,553,-80,229,3
2025-06-27 13:11:12.043,-5.303156852722168,-9.921571731567385,2.607285737991333,0.090408056974411,0.2357939779758453,-0.4886921942234039,-8064,-2072,4049,356,-376,155,3
2025-06-27 13:11:12.230,-5.628767967224121,-4.218583583831787,5.197812080383301,-0.4923573732376098,-1.3964380025863647,1.920560359954834,-7670,-1714,4461,-65,-769,618,3
2025-06-27 13:11:12.434,-5.66228723526001,-5.331887245178223,5.87776517868042,0.0305432621389627,1.1410962343215942,-1.987755537033081,-7830,-1559,4888,-38,-329,322,3
2025-06-27 13:11:12.733,-5.542576789855957,1.2042834758758545,8.252813339233398,0.3188716471195221,1.1838568449020386,-1.872912883758545,-8043,-1732,4271,-553,355,111,3
2025-06-27 13:11:13.134,-4.817133903503418,-9.368511199951172,3.928884983062744,-0.5681046843528748,0.901637077331543,-1.3145819902420044,-7802,-1650,5056,672,313,560,3
2025-06-27 13:11:13.338,-5.260061264038086,-4.788403511047363,7.146692276000977,-0.656069278717041,1.5357152223587036,-1.9792033433914185,-8025,-1603,4945,-319,-13,291,3
2025-06-27 13:11:13.536,-5.803544998168945,-10.251971244812012,1.7956513166427612,0.0610865242779254,-0.1502728462219238,0.2003637999296188,-7972,-1651,4951,-382,-352,-49,3
2025-06-27 13:11:13.629,-6.677428722381592,1.7525556087493896,9.241618156433104,0.7098253965377808,-0.9187413454055786,1.4123204946517944,-7791,-1800,4533,-171,364,5,3
2025-06-27 13:11:13.835,-6.224924564361572,-3.9815573692321777,6.028599739074707,-0.5009095072746277,-1.205847978591919,1.6811012029647827,-8057,-1649,4618,67,160,-62,3
2025-06-27 13:11:14.036,-6.404489517211914,5.832275390625,8.96149730682373,0.7916813492774963,0.4300491213798523,-0.2651155292987823,-7937,-1915,4611,-139,69,-135,3
2025-06-27 13:11:14.130,-5.214571475982666,-5.9974751472473145,5.216965675354004,0.342084527015686,1.0128145217895508,-1.7776178121566772,-7947,-1523,4516,140,71,-1,3
2025-06-27 13:11:14.342,-5.554547786712647,-3.5865142345428467,6.5912370681762695,-0.271224170923233,0.9419541954994202,-1.7238616943359375,-7769,-1484,4570,-276,-337,-237,3
2025-06-27 13:11:14.530,-4.685452938079834,-3.0813376903533936,6.196194171905518,0.2199114859104156,-0.3433062732219696,0.4361577928066253,-7980,-1246,4921,-287,-382,350,3
2025-06-27 13:11:14.836,-5.705382823944092,-8.777143478393555,3.691859006881714,0.1453859210014343,-0.0097738439217209,-0.2089159190654754,-8021,-1541,4929,246,12,-67,3
2025-06-27 13:11:15.046,-8.396465301513672,-0.4309563040733337,7.86734676361084,-0.2150245606899261,0.6682865619659424,-0.6768386960029602,-7556,-1821,4929,-233,-311,-310,3
2025-06-27 13:11:15.130,-4.888959884643555,-7.134721279144287,5.276820659637451,-0.0940732508897781,0.7379252314567566,-1.2302825450897217,-7756,-1829,5204,216,203,-158,3
2025-06-27 13:11:15.542,-5.149928092956543,-4.841075897216797,5.458779811859131,0.3433062732219696,-0.8759807348251343,1.1691961288452148,-8043,-1517,4573,-439,261,615,3
2025-06-27 13:11:15.746,-5.722142219543457,-4.699818134307861,5.722142219543457,-0.1356120854616165,0.8258898258209229,-1.29381263256073,-7739,-1667,4560,-451,-121,-49,3
2025-06-27 13:11:15.838,-5.446808815002441,-4.477157115936279,5.571307182312012,0.1783726513385772,-0.740368664264679,0.8429940342903137,-7661,-1472,4586,-432,228,198,3
2025-06-27 13:11:16.130,-5.693411827087402,-3.6104562282562256,6.406883716583252,0.3628539443016052,-0.6230825781822205,1.0396926403045654,-7634,-1776,4524,248,208,28,3
2025-06-27 13:11:16.229,-7.074865818023682,-2.513911724090576,6.806715488433838,0.8405506014823914,0.3249803185462951,-0.2443460971117019,-7621,-1693,4702,58,-355,-79,3
2025-06-27 13:11:16.436,-8.434772491455078,1.8483237028121948,9.296685218811035,-0.0073303831741213,-0.0109955742955207,0.0769690200686454,-8041,-1511,4575,253,-72,430,3
2025-06-27 13:11:16.541,-6.234501361846924,0.1388636976480484,7.481880187988281,-0.2834414839744568,-0.3543018400669098,0.3139847218990326,-7964,-1807,4576,-619,-102,325,3
2025-06-27 13:11:16.830,-5.398924827575684,-9.047688484191896,3.6320040225982666,-0.4080579876899719,-0.1282816976308822,0.1221730485558509,-7605,-1415,4871,-58,-135,-170,3
2025-06-27 13:11:17.040,-6.3063273429870605,-3.2848446369171143,5.56173038482666,-0.3824016451835632,0.7586946487426758,-1.216843605041504,-7622,-2070,4524,273,536,-225,3
2025-06-27 13:11:17.230,-6.912060260772705,1.5873557329177856,9.643844604492188,0.1918116807937622,-0.7525860071182251,1.1594222784042358,-7946,-1878,4552,234,-10,14,3
2025-06-27 13:11:17.430,-5.171475887298584,-11.592724800109863,4.316745758056641,0.1661553531885147,-0.3139847218990326,0.4178318381309509,-7968,-1644,4528,320,334,58,3
2025-06-27 13:11:17.530,-6.375759124755859,0.1651999205350875,8.62630844116211,-0.8515461683273315,-1.1850786209106443,1.644449234008789,-7973,-1445,4492,-791,-615,94,3
2025-06-27 13:11:17.830,-6.215347766876221,-5.051765441894531,4.637568473815918,-0.4141666293144226,-1.0690141916275024,1.538158655166626,-7659,-1482,4891,-303,379,-111,3
2025-06-27 13:11:17.930,-6.3973069190979,7.398083209991455,11.094730377197266,1.06657075881958,0.4960225820541382,-0.1649336218833923,-7806,-1881,4645,-268,800,-348,3
2025-06-27 13:11:18.033,-4.618414878845215,-5.784391403198242,5.6910176277160645,0.6743952035903931,0.9334021210670472,-1.4465289115905762,-8254,-1580,4666,286,449,-250,3
2025-06-27 13:11:18.232,-7.189787864685059,4.101267337799072,10.92953109741211,0.5705481171607971,0.0806342139840126,-0.1246165111660957,-7365,-2097,4934,-320,-211,-831,3
2025-06-27 13:11:18.330,-4.886565685272217,-2.516305923461914,5.231330871582031,0.3249803185462951,-0.4789183437824249,0.5864306092262268,-7633,-1676,4558,630,117,-517,3
2025-06-27 13:11:18.541,-7.228095054626465,2.846705913543701,10.292673110961914,0.1844813078641891,-0.4190535545349121,0.789237916469574,-7753,-1777,4882,-226,364,-406,3
2025-06-27 13:11:18.644,-5.157110691070557,-5.099649429321289,5.537788391113281,0.6108652353286743,0.8332201838493347,-1.253495454788208,-7540,-2164,4511,-1030,455,-688,3
2025-06-27 13:11:18.730,-6.217741966247559,-0.5554547905921936,10.723628997802734,-0.4239404797554016,-0.8784242272377014,0.8857545852661133,-7693,-2893,3986,50,263,-663,3
2025-06-27 13:11:19.031,-5.461174011230469,-13.433865547180176,2.3511061668396,-0.1857030391693115,-0.1661553531885147,0.147829383611679,-7755,-2818,4056,-29,167,-132,3
2025-06-27 13:11:19.141,-7.074865818023682,-3.1004912853240967,6.890512466430664,-1.027475357055664,-1.1264355182647705,1.2889256477355957,-7617,-2621,3979,286,365,298,3
2025-06-27 13:11:19.246,-6.773196697235107,-1.4844050407409668,4.93923807144165,0.2675589919090271,1.1068878173828125,-1.2095131874084473,-7612,-2920,4202,54,53,-41,3
2025-06-27 13:11:19.339,-4.110844135284424,-12.63899040222168,1.8579005002975464,-0.2455678284168243,0.0940732508897781,-0.2052507251501083,-7593,-2569,4019,452,-74,270,3
2025-06-27 13:11:19.455,-5.791574001312256,-3.495534420013428,4.211400985717773,-0.8906415104866028,-1.4941763877868652,1.4599679708480835,-7667,-2250,4048,487,-102,357,3
2025-06-27 13:11:19.542,-7.90086555480957,-0.4788403511047363,6.354211330413818,0.7611380815505981,0.6316346526145935,-0.2467895597219467,-7797,-2228,4402,554,-330,-342,3
2025-06-27 13:11:19.748,-5.066130638122559,-7.3669586181640625,2.346317768096924,0.5534439086914062,-0.7489207983016968,0.7110471725463867,-7647,-1741,4460,527,274,-44,3
2025-06-27 13:11:20.030,-3.790021181106568,-13.285425186157228,2.4013843536376958,-0.9993755221366882,0.3726277947425842,-0.5497786998748779,-7792,-2596,4035,356,264,-242,3
2025-06-27 13:11:20.130,-5.585672378540039,-5.063736438751221,2.7461493015289307,-0.7806857824325562,-1.4098769426345823,1.4587461948394775,-7808,-2310,4235,-272,-614,291,3
2025-06-27 13:11:20.229,-7.350199222564697,1.9321208000183103,10.83855152130127,2.1172590255737305,0.2663372457027435,0.1588249653577804,-7735,-2881,4322,-610,-139,-621,3
2025-06-27 13:11:20.530,-5.549759387969971,-3.603273630142212,7.256825447082519,-0.8258898258209229,-1.065348982810974,1.2021827697753906,-7753,-1979,4526,-277,-245,621,3
2025-06-27 13:11:20.630,-7.481880187988281,-1.843535304069519,5.453991413116455,-0.261450320482254,0.5998696684837341,-0.2981022298336029,-7401,-2643,4509,-352,93,-167,3
2025-06-27 13:11:20.730,-5.044582843780518,-6.471527099609375,6.174646377563477,0.5436700582504272,0.8539896011352539,-1.321912407875061,-7630,-1934,4484,150,86,319,3
2025-06-27 13:11:20.934,-5.75326681137085,-4.783615112304688,8.38449478149414,-1.5723671913146973,-1.1655309200286863,1.0897835493087769,-7579,-1947,4552,143,104,84,3
2025-06-27 13:11:21.035,-6.988674640655518,-0.5626373887062073,6.313509941101074,-0.8955284357070923,0.789237916469574,-0.779464066028595,-7306,-2670,4480,-267,374,-288,3
2025-06-27 13:11:21.137,-4.299986362457275,-10.271124839782717,4.663905143737793,-0.1270599663257599,0.4948008358478546,-0.7281513810157776,-7627,-2410,4489,235,260,338,3
2025-06-27 13:11:21.230,-6.033388137817383,-6.6391215324401855,2.4396915435791016,-0.1905899494886398,-0.6633996367454529,0.9859365224838256,-7678,-2005,4529,188,-367,402,3
2025-06-27 13:11:21.330,-6.215347766876221,-2.1356279850006104,9.86650562286377,0.9162978529930116,-1.003040790557861,1.0555751323699951,-7759,-2363,4565,408,-44,351,3
2025-06-27 13:11:21.530,-5.386953830718994,-6.775590896606445,3.1459810733795166,0.5400048494338989,-0.9676105380058287,1.215621829032898,-7706,-1521,5053,420,-561,316,3
2025-06-27 13:11:21.830,-5.48272180557251,-4.99669885635376,5.750872611999512,0.4434881806373596,0.9724974632263184,-1.1728612184524536,-7394,-2119,5011,13,42,-215,3
2025-06-27 13:11:22.031,-6.057330131530762,-3.912125587463379,5.937620162963867,-1.0983357429504397,-0.9896016716957092,1.0897835493087769,-7727,-1691,5060,13,-47,-108,3
2025-06-27 13:11:22.130,-7.819462776184082,-1.7357962131500244,6.143521785736084,0.3384193480014801,0.5644394755363464,-0.130725160241127,-7310,-2305,5230,-614,106,-520,3
2025-06-27 13:11:22.454,-6.655880928039551,-2.647987127304077,10.065223693847656,-0.2394591718912124,-0.6682865619659424,0.7086036801338196,-7352,-1779,5450,-55,-624,-283,3
2025-06-27 13:11:22.630,-3.890577793121338,-10.733205795288086,4.254496574401856,-0.4288274049758911,0.3799581825733185,-0.7171558141708374,-7415,-2115,5087,-314,532,312,3
2025-06-27 13:11:22.834,-7.733271598815918,1.7573440074920654,9.44991397857666,0.8148942589759827,0.1722639948129654,0.0427605658769607,-7793,-2050,5084,-192,344,228,3
2025-06-27 13:11:23.149,-6.574477672576904,-4.252102375030518,7.8529815673828125,-0.9175195693969728,-0.977384388446808,0.921184778213501,-7552,-1684,5284,-116,126,-362,3
2025-06-27 13:11:23.537,-7.558494567871094,-3.1076738834381104,5.542576789855957,0.8136724829673767,0.5400048494338989,-0.1539380401372909,-7369,-2174,5414,-138,-161,-330,3
2025-06-27 13:11:23.630,-3.6511576175689697,-9.674968719482422,5.377377033233643,0.4691445231437683,0.3200933933258056,-0.5082398653030396,-7550,-1949,5429,-25,-79,-112,3
2025-06-27 13:11:23.729,-6.315904140472412,-4.620809078216553,5.882553577423096,0.058643065392971,-0.8503243923187256,0.9395107626914978,-7414,-1765,5106,317,-34,317,3
2025-06-27 13:11:23.849,-7.438784599304199,-1.843535304069519,6.631938934326172,1.1740829944610596,0.2956587672233581,-0.0097738439217209,-7305,-2051,5496,-84,-379,-561,3
2025-06-27 13:11:23.958,-3.892971992492676,-8.003816604614258,4.915296077728272,0.4202753007411957,0.2003637999296188,-0.2785545587539673,-7176,-2251,5257,505,639,-478,3
2025-06-27 13:11:24.132,-8.24084186553955,-3.6846764087677,6.229712963104248,0.4434881806373596,0.1857030391693115,0.0745255574584007,-8028,-1795,5184,646,125,-37,3
2025-06-27 13:11:24.352,-5.12119722366333,-4.311957359313965,5.149928092956543,-0.3579670190811157,0.6108652353286743,-0.95783668756485,-7486,-2068,5117,191,-195,-415,3
2025-06-27 13:11:24.530,-6.8043212890625,-5.2049946784973145,6.914454460144043,-0.827111542224884,-0.6511823534965515,0.8344419002532959,-7418,-1775,5094,220,-15,-364,3
2025-06-27 13:11:24.736,-2.233790159225464,-9.476250648498535,4.987122058868408,0.2968805134296417,0.4996877610683441,-0.7061602473258972,-7425,-2362,5341,-524,-307,-148,3
2025-06-27 13:11:24.931,-7.797914981842041,0.646434485912323,8.911218643188477,0.7489207983016968,0.0232128798961639,0.2052507251501083,-7385,-1764,5692,577,-122,531,3
2025-06-27 13:11:25.029,-5.880159378051758,-4.434061527252197,4.565742492675781,-0.9334021210670472,0.7440338730812073,-1.1056660413742063,-7302,-1788,5692,-82,-30,294,3
2025-06-27 13:11:25.129,-3.181894063949585,-12.378023147583008,2.7940332889556885,-0.4361577928066253,0.0317649915814399,-0.4300491213798523,-7757,-1495,5672,-61,311,457,3
2025-06-27 13:11:25.236,-3.181894063949585,-12.378023147583008,2.7940332889556885,-0.4361577928066253,0.0317649915814399,-0.4300491213798523,-7757,-1495,5672,-61,311,457,3
2025-06-27 13:11:25.347,-7.46033239364624,-2.5019407272338867,4.970362663269043,0.2773328125476837,0.3323107063770294,0.0549778714776039,-7760,-1489,5718,-100,-46,567,3
2025-06-27 13:11:25.729,-7.299921035766602,-1.821987509727478,5.664681434631348,0.0708603709936142,0.3640756905078888,-0.1111774742603302,-7074,-1992,5696,-154,-66,-248,3
2025-06-27 13:11:26.030,-7.091625213623047,-2.324769735336304,8.427590370178223,-0.2687807083129883,-0.251676470041275,0.7464773058891296,-7066,-2771,5392,34,86,74,3
2025-06-27 13:11:26.130,-6.057330131530762,-1.4197616577148438,6.00226354598999,-1.4245377779006958,0.8185594081878662,-1.177748203277588,-7152,-2492,5427,364,164,234,3
2025-06-27 13:11:26.230,-2.2218191623687744,-13.354857444763184,5.106832027435303,0.3640756905078888,0.2895501255989074,-0.2272418737411499,-7487,-2670,5441,155,209,570,3
2025-06-27 13:11:26.430,-7.532158374786377,0.9576807022094728,9.80904483795166,0.5962044596672058,0.2822197377681732,-0.1930334120988845,-7711,-2384,5345,615,310,862,3
2025-06-27 13:11:26.530,-5.456385612487793,-5.262455463409424,4.800374507904053,-1.3048081398010254,0.6597344875335693,-1.4037683010101318,-7154,-2603,5304,13,-228,-134,3
2025-06-27 13:11:26.842,-7.007828235626221,2.288856744766236,7.544129371643066,0.8148942589759827,0.4911356568336487,-0.2651155292987823,-7092,-2292,5719,-346,-76,29,3
2025-06-27 13:11:27.038,-5.200206279754639,-4.800374507904053,5.992686748504639,-0.8417723178863525,-1.1643091440200806,1.590693116188049,-7472,-2380,5608,-341,-152,273,3
2025-06-27 13:11:27.330,-5.360617637634277,-3.8498764038085938,5.149928092956543,-0.3176499307155609,0.9053022861480712,-1.4269812107086182,-7244,-2540,5535,9,262,-38,3
2025-06-27 13:11:27.430,-2.925714492797852,-12.229581832885742,4.089296340942383,-0.5607742667198181,0.0366519130766391,-0.2357939779758453,-7067,-2445,5555,266,187,348,3
2025-06-27 13:11:27.530,-4.841075897216797,-5.406107425689697,4.886565685272217,-0.911410927772522,-0.9004153609275818,1.633453607559204,-7526,-1933,5530,566,-23,166,3
2025-06-27 13:11:28.239,-2.240972757339477,-10.45547866821289,6.086060523986816,-0.6792821288108826,0.2736676335334778,-0.8100073337554932,-7445,-1956,5941,105,404,-612,3
2025-06-27 13:11:28.645,-2.31758713722229,-11.159374237060549,4.888959884643555,-0.5119050741195679,0.4373795092105865,-0.9260717034339904,-7451,-1694,5796,188,-274,360,3
2025-06-27 13:11:28.745,-5.013458251953125,-6.5912370681762695,4.412513732910156,-1.1924089193344116,-0.807563841342926,1.197295904159546,-7229,-2000,5875,-261,-337,-151,3
2025-06-27 13:11:28.848,-6.495469093322754,-2.494758129119873,9.390059471130373,0.2883284091949463,-0.4532620012760162,0.6536257863044739,-6887,-2600,5813,-235,283,-346,3
2025-06-27 13:11:29.433,-3.095702886581421,-10.776301383972168,4.19224739074707,-0.5962044596672058,0.1759291887283325,-0.4447098970413208,-7467,-2345,5777,270,-50,333,3
2025-06-27 13:11:29.642,-6.150704383850098,-0.8236053586006165,9.497797966003418,0.46547931432724,0.1185078546404838,-0.0757472887635231,-7221,-2573,5994,-191,321,-189,3
2025-06-27 13:11:29.730,-5.556941986083984,-4.709394931793213,4.764461517333984,1.1704177856445312,0.970054030418396,-1.4343116283416748,-7477,-2033,5996,33,294,178,3
2025-06-27 13:11:29.829,-3.3854012489318848,-14.300566673278809,1.261744260787964,-1.5699236392974854,0.180816113948822,-0.0855211317539215,-7481,-1957,5780,-22,259,521,3
2025-06-27 13:11:29.930,-5.410895824432373,-4.07014274597168,6.050147533416748,-1.0580185651779177,-1.1911872625350952,1.510058879852295,-7162,-2104,5793,-121,307,-321,3
2025-06-27 13:11:30.131,-4.577713489532471,-4.627991676330566,6.658275127410889,1.036027431488037,0.8503243923187256,-1.55892813205719,-7290,-1984,5969,-297,159,152,3
2025-06-27 13:11:30.329,-4.639962673187256,-6.198588371276856,8.434772491455078,-0.4239404797554016,-1.7898352146148682,1.835039138793945,-7528,-1771,5621,262,267,28,3
2025-06-27 13:11:30.539,-5.0876784324646,-3.646369218826294,6.89530086517334,0.3225368559360504,1.236391305923462,-1.870469331741333,-7273,-2575,5920,16,51,-363,3
2025-06-27 13:11:30.636,-4.048594951629639,-12.861651420593262,2.928108692169189,0.0549778714776039,-0.0244346093386411,0.1795943826436996,-7689,-1851,5921,336,243,414,3
2025-06-27 13:11:30.832,-7.6566572189331055,5.901707172393799,9.593565940856934,0.9712757468223572,0.3665191531181335,-0.1258382350206375,-7337,-1871,5934,-36,27,265,3
2025-06-27 13:11:30.930,-4.14915132522583,-13.151350021362305,5.295974254608154,0.0928515195846557,-0.130725160241127,0.1722639948129654,-7386,-1868,5951,182,-9,619,3
2025-06-27 13:11:31.030,-4.14915132522583,-13.151350021362305,5.295974254608154,0.0928515195846557,-0.130725160241127,0.1722639948129654,-7386,-1868,5951,182,-9,619,3
2025-06-27 13:11:31.330,-4.302380561828613,-7.046135425567627,8.542511940002441,-0.0476474873721599,0.5265658497810364,-1.0934487581253052,-7691,-1531,5595,310,191,588,3
2025-06-27 13:11:31.430,-4.302380561828613,-1.8124107122421265,5.655104637145996,0.7281513810157776,-0.1368338167667389,0.4300491213798523,-7721,-1494,5894,-379,99,171,3
2025-06-27 13:11:31.730,-4.1874589920043945,-11.329362869262695,2.449268341064453,-0.1221730485558509,0.1734857261180877,0.058643065392971,-7506,-1767,5995,369,150,-41,3
2025-06-27 13:11:31.846,-5.185841083526611,-3.490746021270752,5.904101371765137,-0.9028588533401488,-1.510058879852295,1.703092336654663,-7540,-1733,5797,-301,17,45,3
2025-06-27 13:11:31.944,-6.955155849456787,0.4501099288463592,6.543353080749512,0.6914994716644287,0.4899139404296875,-0.3213151097297668,-7170,-2034,5800,-385,-398,-217,3
2025-06-27 13:11:32.330,-6.9240312576293945,-2.729389905929565,8.022970199584961,-1.4196507930755615,0.5705481171607971,-0.6010913848876953,-7248,-2371,5972,-189,-355,-486,3
2025-06-27 13:11:32.532,-3.4332852363586426,-6.253654956817627,4.532223701477051,0.2553416788578033,-1.036027431488037,1.0739010572433472,-7414,-1865,5732,320,43,203,3
2025-06-27 13:11:32.638,-6.7492547035217285,-3.708618402481079,10.347740173339844,0.8637634515762329,-0.7513642311096191,0.8698720932006836,-7133,-1780,5932,-79,12,-70,3
2025-06-27 13:11:32.768,-6.837840080261231,0.4716577231884002,6.246472358703613,-1.1655309200286863,0.9908234477043152,-1.2620476484298706,-7046,-2139,5991,8,-355,-106,3
2025-06-27 13:11:33.046,-3.9480385780334473,-5.238513469696045,6.706159114837647,-1.616349458694458,0.9395107626914978,-1.5968017578125,-7095,-2061,5899,-82,-429,-255,3
2025-06-27 13:11:33.256,-3.598485231399536,-9.536105155944824,4.113238334655762,-0.0952949747443199,-0.1270599663257599,0.4630358517169952,-7065,-1778,5592,-378,-286,-268,3
2025-06-27 13:11:33.338,-5.250484466552734,-2.0254945755004883,9.062053680419922,0.5094616413116455,-1.056796908378601,1.447750687599182,-7472,-1991,5907,213,-10,-272,3
2025-06-27 13:11:33.532,-2.765302896499634,-5.815515995025635,8.312667846679688,-0.1026253625750541,0.4581489264965057,-1.0482447147369385,-7511,-1785,5548,-30,-5,-132,3
2025-06-27 13:11:33.630,-3.0334534645080566,-1.9584569931030276,6.086060523986816,-0.5363397002220154,-0.280998021364212,0.3677408695220947,-7706,-1671,5524,216,-112,-26,3
2025-06-27 13:11:33.939,-1.9704279899597168,-8.7484130859375,7.33583402633667,0.2186897546052932,0.4679227769374847,-0.8943067193031311,-7446,-1841,5788,-304,-278,-101,3
2025-06-27 13:11:34.135,-7.141903877258301,2.286462545394897,8.300697326660156,0.7232644557952881,-0.0830776765942573,0.2736676335334778,-7113,-1899,6176,-570,-129,-64,3
2025-06-27 13:11:34.230,-5.25527286529541,-0.6967126727104187,7.132327079772949,-0.504574716091156,0.4288274049758911,-1.0739010572433472,-7444,-1846,5981,-352,135,309,3
2025-06-27 13:11:34.333,-3.7828385829925537,-8.786720275878906,5.56173038482666,-0.3408628106117248,-0.1123992055654525,0.2284636050462722,-7387,-1453,5626,87,141,265,3
2025-06-27 13:11:35.229,-3.3231520652771,-8.530540466308594,6.138733386993408,0.3811798989772796,0.0024434609804302,0.5424483418464661,-7323,-1503,5773,267,-88,-93,3
2025-06-27 13:11:35.430,-5.767632007598877,-1.6112977266311646,7.948749542236328,-0.1942551434040069,0.513126790523529,-0.7819074988365173,-7162,-1840,6196,21,-229,-369,3
2025-06-27 13:11:35.532,-4.034229755401611,-8.631096839904785,6.777985095977783,0.7183775305747986,-0.067195177078247,0.280998021364212,-7216,-1793,6160,-170,-320,38,3
2025-06-27 13:11:36.130,-4.63517427444458,-1.8818424940109253,6.995857238769531,0.4141666293144226,-0.5644394755363464,1.0348057746887207,-7062,-1509,5769,-251,-188,20,3
2025-06-27 13:11:36.329,-2.075772762298584,-10.24000072479248,5.884947776794434,-0.0244346093386411,0.5436700582504272,-0.7257078886032104,-7166,-1831,5961,-298,-190,-278,3
2025-06-27 13:11:36.630,-2.559401512145996,-8.465897560119629,7.972691535949707,-1.2217304706573486,0.8393288254737854,-1.5601497888565063,-7448,-1786,5991,-236,-278,-307,3
2025-06-27 13:11:36.730,-3.047818660736084,-2.96162748336792,6.560112476348877,-0.2138028293848037,-0.5192354321479797,1.086118459701538,-7338,-1767,5938,-217,-85,60,3
2025-06-27 13:11:36.830,-5.7125654220581055,-0.4764461517333984,10.94150161743164,0.3384193480014801,-0.230907067656517,0.6743952035903931,-7181,-2181,6251,-59,-684,-454,3
2025-06-27 13:11:36.938,-4.38617753982544,-3.663128614425659,5.420472621917725,-1.986533761024475,0.8112290501594543,-1.598023533821106,-6799,-2170,6195,106,85,602,3
2025-06-27 13:11:37.141,-5.571307182312012,-1.1037269830703735,8.738836288452148,0.2932153046131134,-1.2034045457839966,1.3939944505691528,-7144,-2148,6251,-106,-1,97,3
2025-06-27 13:11:37.232,-5.904101371765137,-1.2401964664459229,8.111555099487305,-1.5308283567428589,1.1093312501907349,-1.408655285835266,-6905,-1969,6188,-322,-573,-224,3
2025-06-27 13:11:37.436,-4.230554580688477,-3.7038300037384033,7.441178798675537,-0.0073303831741213,-1.2229522466659546,1.4953981637954712,-7279,-1924,6049,-845,-209,-437,3
2025-06-27 13:11:37.540,-6.8162922859191895,5.439626216888428,9.32302188873291,1.387885808944702,0.3933972120285034,-0.6963863968849182,-6838,-2194,6151,-869,-354,-263,3
2025-06-27 13:11:37.633,-1.8602946996688845,-12.313379287719728,7.220912456512451,-1.3451253175735474,0.5412266254425049,-1.2510520219802856,-7041,-2397,5883,-317,325,-112,3
2025-06-27 13:11:37.745,-2.9759926795959477,-6.327875137329102,5.463568210601807,-0.3836233615875244,-0.788016140460968,1.310916781425476,-7136,-2171,5868,-51,340,300,3
2025-06-27 13:11:38.044,-4.565742492675781,-4.716577529907227,7.738059997558594,1.1142182350158691,-1.0323622226715088,1.7629570960998535,-7516,-1934,5766,-2,384,-60,3
2025-06-27 13:11:38.145,-4.565742492675781,-4.716577529907227,7.738059997558594,1.1142182350158691,-1.0323622226715088,1.7629570960998535,-7466,-1993,5830,84,352,293,3
2025-06-27 13:11:38.841,-6.114790916442871,1.8100165128707888,12.33013916015625,2.109928607940674,0.0842994004487991,-0.2932153046131134,-7098,-2316,5790,-338,-284,-158,3
2025-06-27 13:11:39.030,-2.300827741622925,-4.845864295959473,4.910507678985596,-0.3628539443016052,-0.7037167549133301,0.3824016451835632,-7282,-2380,5793,-200,-155,-167,3
2025-06-27 13:11:39.129,-6.36378812789917,-2.849100112915039,12.287043571472168,2.138028383255005,-0.0537561401724815,0.1466076523065567,-7138,-2086,5798,-265,276,379,3
2025-06-27 13:11:39.430,-4.759673118591309,-0.6368576288223267,9.914389610290527,0.2467895597219467,-1.2315043210983276,1.6884315013885498,-7114,-1971,5885,518,-186,-347,3
2025-06-27 13:11:39.640,-0.2059013396501541,-12.30859088897705,7.601590633392334,-0.0940732508897781,0.6939429044723511,-1.3915510177612305,-7451,-1981,5916,75,538,108,3
2025-06-27 13:11:39.852,-7.122750282287598,5.20978307723999,11.286267280578612,0.3811798989772796,0.4886921942234039,-0.2528982162475586,-7324,-1741,5599,-64,137,0,3
2025-06-27 13:11:40.133,-5.6670756340026855,3.0334534645080566,10.414777755737305,2.1978931427001958,0.0891863256692886,0.1991420686244964,-7089,-2657,5616,-526,-26,351,3
2025-06-27 13:11:40.229,-3.162740468978882,-5.420472621917725,5.30076265335083,-4.334699630737305,0.607200026512146,-1.4233160018920898,-7201,-2420,5909,-65,-800,-607,3
2025-06-27 13:11:40.331,-1.113303780555725,-4.584896087646484,8.075642585754395,0.6389650702476501,-0.1795943826436996,0.5192354321479797,-7179,-2366,5628,-121,-635,-325,3
2025-06-27 13:11:40.630,0.0454898327589035,-15.023615837097168,1.7405846118927002,-0.7293730974197388,-0.0488692186772823,0.1869247704744339,-6881,-2282,5968,-775,74,261,3
2025-06-27 13:11:40.741,-4.223371982574463,-3.8953661918640137,9.44752025604248,0.2565633952617645,-1.2877039909362793,1.7446311712265017,-6905,-2289,5959,-486,-60,330,3
2025-06-27 13:11:40.848,-6.325480937957764,1.0534487962722778,6.117185115814209,-0.1099557429552078,0.9871582388877868,-0.5290092825889587,-7004,-2437,6202,-269,-474,-811,3
2025-06-27 13:11:40.931,-2.3295583724975586,-7.68538761138916,6.294356346130371,-0.2761110961437225,0.8820894360542297,-1.3964380025863647,-6548,-2526,6207,69,349,-560,3
2025-06-27 13:11:41.130,-6.675034523010254,-2.983175277709961,8.597578048706055,1.607797384262085,-0.5900958180427551,1.1899654865264893,-7167,-2855,5557,-679,-815,-570,3
2025-06-27 13:11:41.240,-6.675034523010254,-2.983175277709961,8.597578048706055,1.607797384262085,-0.5900958180427551,1.1899654865264893,-7167,-2855,5557,-679,-815,-570,3
2025-06-27 13:11:41.330,-4.915296077728272,-3.83072280883789,7.254431247711182,0.7770205736160278,-1.6859880685806274,1.7544050216674805,-7054,-2835,5332,-733,-1145,-304,3
2025-06-27 13:11:41.630,-1.580173134803772,-11.042057991027832,5.8657941818237305,-6.398202419281006,0.7452555894851685,-2.293188095092773,-7276,-2822,5359,-719,-707,-48,3
2025-06-27 13:11:41.730,-2.3295583724975586,-5.856217384338379,6.466738700866699,0.0317649915814399,-0.5216789245605469,1.1850786209106443,-7163,-2294,5705,529,331,632,3
2025-06-27 13:11:41.835,-5.006275653839111,-4.043806552886963,10.551246643066406,1.9352210760116575,-0.3824016451835632,1.3145819902420044,-7475,-2245,5954,825,529,-91,3
2025-06-27 13:11:42.053,0.6871358752250671,-13.050793647766112,3.0190882682800293,0.1588249653577804,0.4691445231437683,-0.6230825781822205,-7410,-2137,5744,140,143,721,3
2025-06-27 13:11:42.130,-3.584120035171509,-6.275202751159668,7.096413612365723,1.9608774185180664,-1.1374311447143557,1.1349875926971436,-7513,-2162,5946,318,-135,207,3
2025-06-27 13:11:42.249,-7.216124057769775,0.9002198576927185,7.965508937835693,0.1258382350206375,0.4667010605335235,-0.4043927788734436,-7183,-2329,5943,-531,-654,27,3
2025-06-27 13:11:42.443,-2.719813108444214,-6.325480937957764,4.0964789390563965,-0.1832595765590667,-0.8222246170043945,0.9175195693969728,-6892,-2359,5895,-500,-564,-100,3
2025-06-27 13:11:42.540,-6.313509941101074,-1.0079588890075684,11.197681427001951,1.663996934890747,-0.0745255574584007,0.2125810980796814,-7516,-2364,5980,555,18,-318,3
2025-06-27 13:11:42.739,-1.5394717454910278,-3.157952070236206,6.718130111694336,-0.2235766798257827,-0.3958406746387481,0.5571091175079346,-7239,-1921,5570,15,-139,-350,3
2025-06-27 13:11:42.931,-4.16112232208252,-2.959233283996582,5.643133640289307,0.1685988008975982,1.0054842233657837,-0.9187413454055786,-6903,-2309,5902,-250,-290,-65,3
2025-06-27 13:11:43.044,-1.9919757843017576,-4.970362663269043,4.278438568115234,0.4117231667041778,-0.0549778714776039,0.5192354321479797,-7689,-1784,5750,81,460,543,3
2025-06-27 13:11:43.139,-4.862623691558838,-2.6408045291900635,7.328651428222656,0.7721336483955383,-1.1801916360855105,1.4636331796646118,-7520,-2046,6006,-329,-196,-368,3
2025-06-27 13:11:43.336,-0.2106897532939911,-13.951013565063477,3.641580820083618,0.5974262356758118,0.2822197377681732,-0.1857030391693115,-7080,-2010,5933,-605,165,-41,3
2025-06-27 13:11:43.431,-3.557783842086792,-5.801150798797607,4.750096321105957,1.4868459701538086,-1.635897159576416,1.918116927146912,-7533,-2026,5902,-529,544,242,3
2025-06-27 13:11:43.655,-2.1140801906585693,-9.706093788146973,6.40927791595459,-1.6774359941482544,0.9443976879119872,-1.655444860458374,-7025,-2890,5572,-914,-87,-592,3
2025-06-27 13:11:43.830,-4.675876140594482,-2.6240451335906982,11.63342571258545,0.9248499870300292,-0.846659243106842,1.0787880420684814,-6842,-2881,5594,-1053,336,-192,3
2025-06-27 13:11:43.936,-5.942408561706543,0.4046200811862945,6.732495307922363,-1.9926424026489256,1.0531316995620728,-2.014633655548096,-7179,-2798,5709,-259,-533,-1057,3
2025-06-27 13:11:44.030,-0.1388636976480484,-11.88002872467041,5.74129581451416,0.8038986921310425,0.3445279896259308,-0.6621779203414917,-7140,-2443,5674,-86,-82,366,3
2025-06-27 13:11:44.246,-6.71334171295166,7.074865818023682,8.640673637390137,2.954144239425659,0.6328563690185547,-0.4935791194438934,-6829,-2848,5594,-271,-569,-132,3
2025-06-27 13:11:44.430,-2.3319525718688965,-4.455609321594238,6.536170482635498,-1.2486085891723633,-0.2748893499374389,0.4715879559516907,-7221,-2915,5714,-19,383,18,3
2025-06-27 13:11:44.536,-4.972756862640381,-3.7876269817352295,10.33098030090332,0.977384388446808,-0.3811798989772796,0.261450320482254,-7382,-2195,5359,411,574,240,3
2025-06-27 13:11:44.940,-4.398148536682129,-4.965574264526367,7.843404769897461,0.2101376503705978,-0.4789183437824249,0.8979719281196594,-7422,-2513,5140,-2931,1389,652,3
2025-06-27 13:11:45.248,-5.504269599914551,-4.941632270812988,7.838616371154785,-1.084896683692932,0.7916813492774963,-0.901637077331543,-7615,-2927,4312,-1612,790,394,3
2025-06-27 13:11:45.435,-3.567360639572144,-8.398859977722168,2.9496564865112305,0.4337143301963806,-1.0140362977981567,1.1740829944610596,-7685,-2491,3808,-71,748,-165,3
2025-06-27 13:11:45.630,-6.66785192489624,2.387019157409668,8.106766700744629,-1.3439035415649414,1.0677924156188965,-1.0934487581253052,-7680,-2781,3602,112,639,-364,3
2025-06-27 13:11:45.730,-2.3774423599243164,-11.109095573425291,4.558559894561768,0.4569272100925445,0.7819074988365173,-0.618195652961731,-7680,-2757,3600,114,537,-299,3
2025-06-27 13:11:45.835,-3.9408559799194336,-5.74129581451416,4.675876140594482,-0.0635299831628799,-1.8216001987457275,2.222327709197998,-7649,-2942,3220,58,125,-54,3
2025-06-27 13:11:45.939,-6.3063273429870605,11.125855445861816,13.39555835723877,1.8643606901168823,0.3677408695220947,-0.0452040284872055,-8042,-2740,3459,270,-395,325,3
2025-06-27 13:11:46.035,-4.508281707763672,-5.272032260894775,5.257667064666748,0.0867428630590438,1.4538593292236328,-1.7678439617156982,-7734,-2472,3838,568,-913,133,3
2025-06-27 13:11:46.237,-6.495469093322754,3.110068082809448,12.58152961730957,1.19607412815094,-0.8710938692092896,1.1606439352035522,-7581,-2179,4082,1068,-702,171,3
2025-06-27 13:11:46.430,-1.8938134908676147,-10.690110206604004,6.174646377563477,-0.3054326176643371,0.147829383611679,-0.1197295859456062,-7769,-2186,4417,-328,-371,-279,3
2025-06-27 13:11:46.742,-4.113238334655762,-5.207388877868652,5.566518783569336,-0.1844813078641891,0.7269296646118164,-0.9908234477043152,-7381,-2266,4093,-441,-378,-161,3
2025-06-27 13:11:46.943,-6.830657482147217,4.999093055725098,12.179304122924805,1.2290608882904053,-0.0500909499824047,0.1148426681756973,-7622,-2677,4015,-561,519,320,3
2025-06-27 13:11:47.059,-5.4013190269470215,-2.557007312774658,6.3973069190979,-0.5448917746543884,1.1398745775222778,-1.1899654865264893,-7766,-2677,4115,-296,-302,5,3
2025-06-27 13:11:47.329,-6.842628479003906,-2.142810583114624,8.901641845703125,-0.1356120854616165,1.0616837739944458,-0.7684684991836548,-7405,-2286,4005,352,-80,607,3
2025-06-27 13:11:47.533,-3.679888010025024,-5.200206279754639,5.679046630859375,0.0879645943641662,-1.470963478088379,1.9352210760116575,-7679,-2206,3726,-522,825,196,3
2025-06-27 13:11:47.639,-7.594407558441162,8.123526573181152,14.506467819213867,0.5204572081565857,0.098960168659687,0.157603234052658,-7916,-2278,3921,-563,558,-280,3
2025-06-27 13:11:47.835,-3.904942989349365,-2.7269957065582275,5.69580602645874,-0.1062905490398407,-0.8833111524581909,0.8649851679801941,-7717,-2567,3588,-653,-16,-315,3
2025-06-27 13:11:48.244,-7.299921035766602,2.518700122833252,10.596736907958984,0.4361577928066253,-0.2138028293848037,0.304210901260376,-7870,-2197,3285,-38,26,66,3
2025-06-27 13:11:48.445,-4.37420654296875,-1.486799240112305,6.435614109039307,0.1282816976308822,-0.5253441333770752,0.3457497358322143,-7607,-2589,3429,-363,190,60,3
2025-06-27 13:11:48.546,-4.37420654296875,-1.486799240112305,6.435614109039307,0.1282816976308822,-0.5253441333770752,0.3457497358322143,-7607,-2589,3429,-363,190,60,3
2025-06-27 13:11:48.645,-5.298368453979492,-4.707000732421875,5.681440830230713,-0.4068362414836883,0.5949827432632446,-0.4031710624694824,-7651,-2617,3615,380,-243,-134,3
2025-06-27 13:11:49.144,-4.572925090789795,-6.852205276489258,5.913678169250488,-0.3836233615875244,0.7648032903671265,-1.847256541252136,-8026,-2105,4018,1288,-966,77,3
2025-06-27 13:11:49.230,-2.473210334777832,-5.30076265335083,3.543418407440185,0.685390830039978,-1.0824532508850098,1.1630873680114746,-7665,-1744,4042,1020,-988,110,3
2025-06-27 13:11:49.330,-6.145915985107422,3.4739866256713867,12.60547161102295,0.5436700582504272,-0.4447098970413208,0.4642575979232788,-7400,-2593,4232,178,-349,-801,3
2025-06-27 13:11:49.429,-4.747702121734619,-2.485181331634521,5.549759387969971,0.2907718420028686,0.9859365224838256,-2.135584831237793,-7761,-2370,4332,424,331,-236,3
2025-06-27 13:11:49.537,-2.513911724090576,-13.053187370300291,6.100425720214844,-0.4080579876899719,-0.3017674386501312,-0.3885102868080139,-7874,-2055,4647,1047,57,388,3
2025-06-27 13:11:49.736,-5.310339450836182,3.541024208068848,6.617573261260986,-0.0097738439217209,0.3017674386501312,-0.3200933933258056,-7631,-1686,4731,1404,-109,820,3
2025-06-27 13:11:49.830,-3.3446998596191406,-5.303156852722168,7.481880187988281,0.1649336218833923,0.769690215587616,-1.5540411472320557,-7637,-2389,4480,144,-333,11,3
2025-06-27 13:11:50.035,-7.237671852111816,4.69024133682251,9.557653427124023,0.6243042945861816,0.2345722615718841,0.2357939779758453,-7484,-1713,5386,914,-463,-780,3
2025-06-27 13:11:50.230,-3.313575267791748,-2.782062292098999,8.274360656738281,0.1783726513385772,-0.2333505302667617,0.1722639948129654,-7805,-1817,5101,-708,-125,34,3
2025-06-27 13:11:50.333,-6.064512729644775,-0.3591302633285522,10.752359390258787,0.8552113175392151,-0.5461135506629944,1.4734070301055908,-7738,-1733,5414,-823,280,-44,3
2025-06-27 13:11:50.637,-3.399766445159912,2.537853717803955,9.138668060302734,1.3439035415649414,-1.016479730606079,2.503325700759888,-7307,-2404,4996,-2040,362,1048,3
2025-06-27 13:11:50.730,-3.399766445159912,2.537853717803955,9.138668060302734,1.3439035415649414,-1.016479730606079,2.503325700759888,-7307,-2404,4996,-2040,362,1048,3
2025-06-27 13:11:50.936,-4.01268196105957,-1.1563993692398071,6.7492547035217285,0.5534439086914062,-1.3671164512634275,1.987755537033081,-7458,-2270,4824,-1774,590,565,3
2025-06-27 13:11:51.044,-5.382165431976318,1.903390407562256,9.485827445983888,-0.0574213340878486,0.1014036312699318,-0.4667010605335235,-7590,-2699,4160,-2101,780,345,3
2025-06-27 13:11:51.133,-3.469198226928711,-5.0685248374938965,5.789179801940918,-0.6059783101081848,0.9663888216018676,-1.6395623683929443,-7413,-2757,3866,-1931,114,-881,3
2025-06-27 13:11:51.230,-4.479551315307617,-4.503493309020996,6.538564682006836,0.2113593816757202,-1.0152580738067627,1.5259413719177246,-7584,-2982,3509,-1352,881,56,3
2025-06-27 13:11:51.338,-5.006275653839111,2.1978771686553955,9.394847869873049,-0.461814135313034,0.2919935882091522,-0.4715879559516907,-7605,-2987,3315,-746,468,-221,3
2025-06-27 13:11:51.430,-4.532223701477051,-5.130774021148682,6.011840343475342,-0.4593706727027893,0.8051204085350037,-0.7440338730812073,-7598,-2989,3300,-752,573,-593,3
2025-06-27 13:11:51.734,-4.050989151000977,-3.739742994308472,5.602431774139404,-0.2443460971117019,0.8845328688621521,-1.1447614431381226,-7773,-2979,3195,-294,-274,-41,3
2025-06-27 13:11:51.834,-3.5649664402008057,-2.595314741134644,6.153098583221436,0.5290092825889587,-1.1142182350158691,1.606575608253479,-7749,-3094,2789,-740,371,404,3
2025-06-27 13:11:51.946,-5.442020416259766,-1.321599364280701,8.341399192810059,-0.3139847218990326,0.3237585723400116,-0.4178318381309509,-7762,-3058,2926,-745,564,-194,3
2025-06-27 13:11:52.029,-4.084507942199707,-4.084507942199707,5.0685248374938965,-0.4129449129104614,0.8881980776786804,-0.9431759119033812,-7356,-3297,2836,-633,380,-498,3
2025-06-27 13:11:52.130,-4.616020679473877,2.808398485183716,8.480262756347656,0.2223549485206604,-0.7086036801338196,1.026253581047058,-7653,-3345,2246,-95,1093,245,3
2025-06-27 13:11:52.356,-2.499546527862549,-2.8419175148010254,5.073313236236572,0.0378736443817615,-0.2663372457027435,0.3347541689872741,-7340,-2992,2486,85,-455,-131,3
2025-06-27 13:11:52.554,-6.270414352416992,-1.965639591217041,7.429207801818848,0.1136209368705749,0.8283332586288452,-0.7428121566772461,-7314,-2980,2675,42,-595,-256,3
2025-06-27 13:11:53.045,-4.58968448638916,5.212177276611328,9.430760383605955,-0.271224170923233,-1.0213667154312134,0.7183775305747986,-7703,-3062,2894,202,-234,-67,3
2025-06-27 13:11:53.155,-5.202600479125977,-2.9472622871398926,7.510610580444336,-1.4343116283416748,1.018923282623291,-2.4544565677642822,-7744,-2927,2726,460,-9,1138,3
2025-06-27 13:11:53.429,-5.995080947875977,-0.7038952708244324,6.876147270202637,-0.720820963382721,-0.4434881806373596,0.2748893499374389,-7644,-2998,2522,-795,-67,325,3
2025-06-27 13:11:53.632,-5.17626428604126,-1.5682021379470823,8.324639320373535,1.1203268766403198,0.2919935882091522,0.1466076523065567,-7678,-2637,2710,-15,284,1094,3
2025-06-27 13:11:53.736,-2.7916390895843506,-2.779668092727661,6.224924564361572,0.6035348773002625,-0.2858849465847015,-0.251676470041275,-7961,-2655,2878,-392,370,60,3
2025-06-27 13:11:53.836,-1.8267759084701536,-2.7461493015289307,6.13633918762207,-0.7342600226402283,-0.7415903806686401,-0.2455678284168243,-7584,-2456,2514,-77,702,-74,3
2025-06-27 13:11:54.031,-6.44279670715332,-5.973533153533936,14.092270851135254,0.0403171069920063,0.3933972120285034,-0.0794124826788902,-7562,-2465,2469,-23,765,-106,3
2025-06-27 13:11:54.331,0.0454898327589035,-3.160346269607544,3.778050184249878,-0.7391469478607178,-0.8955284357070923,-0.5461135506629944,-8062,-2043,1916,1657,207,1699,3
2025-06-27 13:11:54.538,-5.896918773651123,-8.054094314575195,14.207192420959473,0.0745255574584007,0.3445279896259308,0.0244346093386411,-8052,-1800,1626,-350,-548,287,3
2025-06-27 13:11:54.734,-1.8483237028121948,-3.335123062133789,5.408501625061035,0.3860668241977691,1.0152580738067627,0.6133087277412415,-8030,-1489,1539,-234,-217,-6,3
2025-06-27 13:11:54.932,-0.0670376494526863,-5.197812080383301,8.42040729522705,0.167377084493637,-1.462411403656006,-0.6352998614311218,-8302,-1775,1416,-707,-118,546,3
2025-06-27 13:11:56.030,-5.626373767852783,-5.975927352905273,15.444994926452637,-0.3860668241977691,-1.2180652618408203,-0.7379252314567566,-8238,-612,2792,-124,0,-47,3
2025-06-27 13:11:56.231,-1.237802267074585,-3.421314239501953,7.129932880401611,0.0891863256692886,1.0714576244354248,0.4019493460655212,-8254,-361,2214,412,175,-505,3
2025-06-27 13:11:56.330,-0.9624691009521484,-2.4660277366638184,5.966350555419922,-0.2993239760398865,-0.4105014503002167,-0.0842994004487991,-8202,-468,2361,-29,134,687,3
2025-06-27 13:11:56.430,-1.0534487962722778,-3.0765492916107178,6.744466304779053,0.0977384373545646,-1.8106045722961424,-0.5632177591323853,-8247,-244,2419,220,542,664,3
2025-06-27 13:11:56.531,-3.909731388092041,-7.0557122230529785,17.168821334838867,-0.1038470938801765,-0.1991420686244964,-0.0500909499824047,-8466,-20,2344,267,-340,-289,3
2025-06-27 13:11:56.939,-2.518700122833252,-8.458714485168457,17.403451919555664,0.0965167060494422,-1.6591099500656128,-0.8454375267028809,-8110,80,2288,362,214,134,3
2025-06-27 13:11:57.138,-0.3303998410701751,-2.449268341064453,8.166622161865234,0.2687807083129883,1.244943380355835,0.4508185386657715,-8813,-296,2818,518,-437,97,3
2025-06-27 13:11:57.331,-1.1180921792984009,-5.34625244140625,9.361329078674316,-0.3237585723400116,-0.8002334833145142,-0.7244861721992493,-8138,-301,2379,572,-27,-287,3
2025-06-27 13:11:57.541,-1.5394717454910278,-4.280832767486572,8.62391471862793,-0.4349360466003418,0.7831292152404785,0.4948008358478546,-8113,53,2649,326,-640,-271,3
2025-06-27 13:11:57.630,1.0630255937576294,-2.9879636764526367,5.48272180557251,0.0879645943641662,0.1062905490398407,0.0952949747443199,-8243,-466,2178,-617,41,43,3
2025-06-27 13:11:57.847,-2.205059766769409,-5.559336185455322,10.781089782714844,-0.2028072625398636,-0.3286454975605011,-0.5668829679489136,-8093,-142,2606,803,11,150,3
2025-06-27 13:11:57.953,-2.4588451385498047,-3.878606796264648,9.801861763000488,0.0879645943641662,0.4764748811721802,0.2138028293848037,-8309,-365,2601,792,-295,333,3
2025-06-27 13:11:58.130,-1.5873557329177856,-4.333505153656006,7.939172744750977,-0.0733038261532783,0.8014551997184753,0.5119050741195679,-8260,-427,2651,12,284,-275,3
2025-06-27 13:11:58.229,-3.794809579849243,-5.231330871582031,7.29034423828125,-0.4508185386657715,0.3408628106117248,0.1685988008975982,-8184,-597,2474,-87,119,347,3
2025-06-27 13:11:58.429,-3.8355112075805664,-5.303156852722168,7.723694801330566,0.6585127115249634,0.0122173046693205,0.5192354321479797,-8229,-580,2714,560,-437,-333,3
2025-06-27 13:11:58.630,-3.9671921730041504,-7.766790390014648,5.427655220031738,-0.3995058834552765,0.8588765263557434,-0.394618958234787,-7930,-404,2812,605,-241,-309,3
2025-06-27 13:11:58.830,-3.97916316986084,-6.447585105895996,4.553771495819092,0.485027015209198,-0.90408056974411,1.3952162265777588,-8260,-372,3055,-86,-357,325,3
2025-06-27 13:11:58.934,-5.166687488555908,5.054159641265869,10.14902114868164,0.9053022861480712,-0.442266434431076,0.5448917746543884,-8302,-225,3330,65,-78,69,3
2025-06-27 13:11:59.029,-4.388571739196777,-4.99669885635376,8.434772491455078,-0.7232644557952881,1.0787880420684814,-1.4294246435165403,-8288,-792,3376,12,68,-332,3
2025-06-27 13:11:59.147,-4.580107688903809,-12.140996932983398,1.7621324062347412,-0.0952949747443199,0.1148426681756973,0.0293215326964855,-8086,-562,3431,227,-289,-132,3
2025-06-27 13:11:59.239,-5.489904403686523,2.0039467811584477,9.725247383117676,0.616973876953125,-1.4013248682022097,1.909564733505249,-7906,-394,3381,-585,-302,-307,3
2025-06-27 13:11:59.348,-4.062960147857666,0.3399766385555267,10.953473091125488,-0.0171042270958423,1.1911872625350952,-1.3536773920059204,-7815,-438,3064,-471,67,-182,3
2025-06-27 13:11:59.645,-4.774038314819336,-2.013523578643799,12.014103889465332,0.5949827432632446,0.6279694437980652,-0.8735373020172119,-8245,-652,3282,-351,95,-48,3
2025-06-27 13:11:59.739,-4.113238334655762,-7.484274387359619,2.145204782485962,-0.4691445231437683,1.5528194904327393,-1.9120081663131716,-8295,-1069,3232,-37,317,-594,3
2025-06-27 13:11:59.829,-3.924096584320069,-7.862558364868164,4.139574527740479,0.0977384373545646,-1.7360789775848389,1.9083430767059328,-8072,-659,3592,142,-111,-524,3
2025-06-27 13:11:59.929,-6.672640323638916,8.537723541259766,14.089877128601074,1.027475357055664,-0.4642575979232788,0.1343903541564941,-8248,-943,3216,-229,-124,-516,3
2025-06-27 13:12:00.230,-2.698265314102173,-1.8267759084701536,9.150638580322266,0.6157521605491638,-2.428800106048584,2.3041837215423584,-7908,-1412,3700,1114,-16,-842,3
2025-06-27 13:12:00.530,-2.4468741416931152,-5.293580055236816,5.87776517868042,-0.1111774742603302,-1.1105530261993408,0.9871582388877868,-8035,-1544,3915,591,-413,-476,3
2025-06-27 13:12:00.634,-4.537012100219727,1.2665326595306396,11.314997673034668,0.9590584635734558,-1.0128145217895508,0.6878342628479004,-8203,-899,4163,145,-267,-137,3
2025-06-27 13:12:00.730,-4.733336925506592,-2.6575639247894287,8.214506149291992,-1.557706356048584,1.2192870378494265,-1.5943583250045776,-7969,-1936,3849,-1386,168,-1429,3
2025-06-27 13:12:00.930,-4.6255974769592285,-4.513070106506348,7.247248649597168,0.0659734457731247,-1.6273449659347534,1.8203784227371216,-7974,-2708,3372,-1439,297,-808,3
2025-06-27 13:12:01.330,-5.003881454467773,7.144298076629639,14.09705924987793,0.0,0.4361577928066253,-0.3799581825733185,-7807,-3136,2991,1,297,710,3
2025-06-27 13:12:01.429,-2.454056739807129,-7.893682956695557,6.035782337188721,0.0342084541916847,1.5369369983673096,-1.6481144428253174,-7674,-2813,2811,312,-55,-301,3
2025-06-27 13:12:01.737,-3.5913026332855225,-6.72531270980835,6.710947513580322,-0.2394591718912124,1.0739010572433472,-1.644449234008789,-7976,-2854,3429,624,-260,-34,3
2025-06-27 13:12:01.930,-6.10521411895752,5.154716491699219,12.74912452697754,0.588874101638794,-0.5094616413116455,0.6646214127540588,-8013,-2378,3377,463,-254,443,3
2025-06-27 13:12:02.030,-3.471592426300049,-4.8482584953308105,6.71334171295166,-0.1160643994808197,1.3158037662506104,-1.6420058012008667,-7646,-2457,3318,376,-177,76,3
2025-06-27 13:12:02.137,-2.7054479122161865,-2.4803929328918457,6.976703643798828,-0.180816113948822,-0.6743952035903931,0.8723155856132507,-8057,-2377,3523,1034,57,702,3
2025-06-27 13:12:02.230,-6.57926607131958,6.033388137817383,11.95903778076172,0.6670648455619812,-0.7904596328735352,0.9187413454055786,-7846,-2167,3519,851,29,642,3
2025-06-27 13:12:02.430,-3.3854012489318848,-15.037981033325195,3.224989652633667,-0.3933972120285034,-0.157603234052658,0.2174680233001709,-7825,-1921,3511,811,-286,451,3
2025-06-27 13:12:02.535,-4.604049682617188,0.0646434426307678,9.849745750427246,0.1246165111660957,-2.2577579021453857,2.652376890182495,-8053,-2344,3873,390,-618,-163,3
2025-06-27 13:12:02.649,-5.061342239379883,2.782062292098999,10.457873344421388,-0.618195652961731,1.348790407180786,-1.6090190410614014,-7592,-2103,4161,477,524,59,3
2025-06-27 13:12:03.042,-0.9265560507774352,-3.31118106842041,7.51779317855835,0.2541199326515198,-0.797789990901947,1.1068878173828125,-7999,-2345,4035,-27,-775,-582,3
2025-06-27 13:12:03.341,-4.874594688415527,-0.0119710080325603,8.10437297821045,-0.1014036312699318,1.633453607559204,-2.2821924686431885,-7671,-2351,4069,279,-853,-563,3
2025-06-27 13:12:03.432,-1.2689268589019775,-13.953407287597656,5.032611846923828,0.3909537494182586,0.4911356568336487,-0.988379955291748,-7617,-2432,4217,-46,-76,-254,3
2025-06-27 13:12:04.230,-4.994304656982422,-3.406949043273926,6.124367713928223,-0.6805039048194885,-1.6090190410614014,2.3664920330047607,-7729,-2399,4370,71,-317,-532,3
2025-06-27 13:12:05.730,-2.846705913543701,-2.9065608978271484,5.580883979797363,0.9932668805122375,-1.5027284622192385,1.8509217500686648,-7952,-1798,4273,73,127,498,3
2025-06-27 13:12:06.030,-4.242525577545166,-2.343923568725586,6.052541732788086,-1.1264355182647705,1.5149458646774292,-1.9620991945266724,-7614,-1729,4617,341,-264,60,3
2025-06-27 13:12:06.231,-1.2689268589019775,-10.505757331848145,6.734889507293701,0.608421802520752,-0.067195177078247,0.5656611919403076,-7754,-2138,4481,-366,-583,23,3
2025-06-27 13:12:06.530,-1.0989385843276978,-13.81215000152588,5.999869346618652,0.2235766798257827,0.2052507251501083,-0.1685988008975982,-7713,-2113,4481,-297,-65,-52,3
2025-06-27 13:12:06.639,-4.0964789390563965,0.1867477297782898,7.836222171783447,-0.0867428630590438,-1.361007809638977,1.8057177066802976,-7817,-1863,4631,348,623,-11,3
2025-06-27 13:12:06.829,-0.7996633648872375,-11.978191375732422,6.983886241912842,-0.2565633952617645,0.4740314185619354,-1.2021827697753906,-7624,-2405,4620,-186,97,-411,3
2025-06-27 13:12:06.929,-3.866635799407959,-3.071760892868042,6.912060260772705,1.10444438457489,-1.3536773920059204,1.629788517951965,-7957,-1713,4242,308,287,289,3
2025-06-27 13:12:07.030,-6.6630635261535645,1.1444283723831177,10.797849655151367,1.06657075881958,0.2028072625398636,-0.5119050741195679,-8009,-1700,4236,-13,349,350,3
2025-06-27 13:12:07.740,-3.485957622528076,-5.892130374908447,7.223306655883789,-1.9535470008850095,0.96883225440979,-1.711644411087036,-8036,-1763,4235,105,150,152,3
2025-06-27 13:12:07.834,0.1939303427934646,-4.242525577545166,5.20978307723999,1.2510520219802856,-0.1954768747091293,0.455705463886261,-8035,-2085,4245,63,366,322,3
2025-06-27 13:12:08.240,-5.4252610206604,-0.9026140570640564,8.71489429473877,0.0268780700862407,-1.4257594347000122,1.8509217500686648,-7979,-2326,4628,-293,-261,-285,3
2025-06-27 13:12:08.432,2.094926595687866,-14.79616641998291,6.636727333068848,0.6536257863044739,0.4092797040939331,-0.8148942589759827,-7561,-2676,4978,334,-148,-331,3
2025-06-27 13:12:08.545,-3.3518824577331543,-4.946420669555664,5.475539207458496,-0.3188716471195221,-1.0873401165008545,1.882686734199524,-7982,-2338,4653,-73,611,209,3
2025-06-27 13:12:08.647,-7.115567684173584,1.7908629179000854,9.66299819946289,0.5632177591323853,0.5094616413116455,-0.2907718420028686,-7558,-2246,4892,-4,110,57,3
2025-06-27 13:12:08.735,-0.2274491637945175,-12.179304122924805,6.354211330413818,-1.6090190410614014,0.6218608021736145,-1.6615535020828247,-7693,-2628,4955,-127,-530,-542,3
2025-06-27 13:12:08.955,-4.6255974769592285,-4.594472885131836,8.015787124633789,0.0818559452891349,-0.8478809595108032,0.7929030656814575,-7398,-2206,4640,-347,519,88,3
2025-06-27 13:12:09.145,-0.119710087776184,-13.146561622619627,5.446808815002441,0.9382890462875366,-0.0684169083833694,0.3481931984424591,-7526,-2290,4712,-151,-382,-377,3
2025-06-27 13:12:09.529,-2.5258827209472656,-8.633491516113281,4.572925090789795,0.2834414839744568,-1.4269812107086182,1.892460584640503,-7792,-2405,4347,-51,613,104,3
2025-06-27 13:12:09.851,0.569819986820221,-4.989516258239746,6.5265936851501465,0.3762930035591125,-0.3164281845092773,0.3824016451835632,-8060,-1965,4329,240,158,158,3
2025-06-27 13:12:10.130,0.8810662031173706,-14.61660099029541,4.228160381317139,2.0500638484954834,-0.0745255574584007,0.3213151097297668,-7646,-2188,4483,800,113,-40,3
2025-06-27 13:12:10.931,2.121262788772583,-15.976508140563965,2.928108692169189,-1.341460108757019,0.4972442984580993,-1.0922271013259888,-7411,-2673,4774,816,-784,-428,3
2025-06-27 13:12:11.030,2.121262788772583,-15.976508140563965,2.928108692169189,-1.341460108757019,0.4972442984580993,-1.0922271013259888,-7411,-2673,4774,816,-784,-428,3
2025-06-27 13:12:11.330,-3.555389642715454,-7.939172744750977,5.446808815002441,-0.0537561401724815,-1.1496484279632568,1.8154915571212769,-7499,-3131,4602,-513,313,-736,3
2025-06-27 13:12:11.530,-4.9799394607543945,-0.9840168952941896,6.648698329925537,1.2754865884780884,0.4996877610683441,-0.3701843321323395,-7384,-3097,4583,-214,579,-817,3
2025-06-27 13:12:11.631,1.4221558570861816,-14.211980819702148,2.849100112915039,0.3897320330142975,1.0616837739944458,-1.0787880420684814,-7454,-3143,4740,142,39,-63,3
2025-06-27 13:12:11.831,-5.252878665924072,-5.049371242523193,5.408501625061035,1.3280210494995115,0.3604104816913605,-0.1514945775270462,-7653,-2624,4924,578,514,418,3
2025-06-27 13:12:12.030,-3.588908433914185,-8.971074104309082,6.071695327758789,-0.9712757468223572,-0.3762930035591125,-0.2797762751579284,-7584,-2661,4524,43,795,197,3
2025-06-27 13:12:12.131,-2.1140801906585693,-11.741165161132812,5.058948040008545,0.1551597714424133,0.1661553531885147,0.1441642045974731,-7596,-2608,5170,300,-371,171,3
2025-06-27 13:12:12.430,-1.2473790645599363,-3.792415380477905,3.8498764038085938,0.7831292152404785,-0.7550294399261475,0.50335294008255,-7323,-3117,4587,-124,417,-361,3
2025-06-27 13:12:12.759,-0.9911994934082032,-8.966285705566406,4.383783340454102,0.978606104850769,0.0354301854968071,0.1832595765590667,-7808,-2251,4349,-912,-597,157,3
2025-06-27 13:12:13.054,-0.2202665507793426,-1.316810965538025,5.288791656494141,1.5796974897384644,-0.4483750760555267,-0.5241223573684692,-7612,-2164,4329,1107,74,-6,3
2025-06-27 13:12:13.150,-0.2202665507793426,-1.316810965538025,5.288791656494141,1.5796974897384644,-0.4483750760555267,-0.5241223573684692,-7705,-1667,4691,247,217,-155,3
2025-06-27 13:12:13.231,-0.6368576288223267,-7.448361396789551,10.802638053894045,-0.0476474873721599,-0.9468411207199096,-1.320690631866455,-7908,-1715,4345,-943,20,-295,3
2025-06-27 13:12:13.330,-3.1675288677215576,-10.714052200317385,10.596736907958984,-0.0720821022987365,0.0781907513737678,0.0745255574584007,-7577,-2171,4263,-1322,-635,-243,3
2025-06-27 13:12:13.430,-1.6424223184585571,-8.24084186553955,8.712499618530273,-0.0036651915870606,0.4935791194438934,0.6707300543785095,-7297,-3020,4076,-1276,-264,-661,3
2025-06-27 13:12:13.643,0.9672574996948242,-2.832340717315674,3.8283286094665527,0.2272418737411499,0.2663372457027435,0.2480112910270691,-7640,-1967,4365,617,678,839,3
2025-06-27 13:12:13.741,0.241814374923706,-3.531447410583496,5.384559631347656,-0.0183259565383195,-0.646295428276062,-0.375071257352829,-7667,-2173,4387,533,856,502,3
2025-06-27 13:12:13.850,-1.278503656387329,-9.931148529052734,9.92636013031006,0.4996877610683441,0.261450320482254,0.2186897546052932,-7868,-1915,4036,-1107,-135,-161,3
2025-06-27 13:12:13.946,-1.278503656387329,-9.931148529052734,9.92636013031006,0.4996877610683441,0.261450320482254,0.2186897546052932,-7629,-2198,3906,-1428,-413,-262,3
2025-06-27 13:12:14.044,-2.583343744277954,-8.250418663024902,8.032546997070312,-0.0806342139840126,0.7623597979545593,0.817337691783905,-7382,-3441,3919,-1123,-289,-312,3
2025-06-27 13:12:14.632,-2.75812029838562,-6.562506675720215,7.309497833251953,0.4410447180271148,0.7782423496246338,1.1801916360855105,-7736,-3419,3877,-327,302,105,3
2025-06-27 13:12:14.730,-0.0981622710824012,-1.4748282432556152,4.955997467041016,0.098960168659687,0.5351179838180542,1.086118459701538,-7710,-2686,3476,1211,1059,403,3
2025-06-27 13:12:14.950,-2.23857855796814,-4.862623691558838,9.129091262817385,-0.4996877610683441,-0.8491026759147644,-1.321912407875061,-8257,-1721,3714,116,160,166,3
2025-06-27 13:12:15.329,0.9002198576927185,-1.2186486721038818,5.535394191741943,0.3701843321323395,-0.1368338167667389,0.0757472887635231,-7652,-2831,3464,-1045,-126,-261,3
2025-06-27 13:12:15.431,-2.1045033931732178,-1.2066776752471924,5.305551052093506,0.280998021364212,-0.8857545852661133,-0.7941248416900635,-7898,-1831,4215,1246,339,839,3
2025-06-27 13:12:15.544,-2.715024709701538,-9.92636013031006,13.910311698913574,-0.4031710624694824,-0.4838052690029144,-0.7745771408081055,-7935,-1022,4211,1271,-336,-1,3
2025-06-27 13:12:15.640,-1.5203180313110352,-4.285621166229248,6.687005519866943,0.0280998013913631,0.7000515460968018,0.7745771408081055,-7558,-2379,3795,-724,-242,-617,3
2025-06-27 13:12:15.830,-0.4501099288463592,-3.28963303565979,7.292738437652588,0.7965682744979858,-0.4227187633514404,-0.2138028293848037,-7873,-1565,3819,867,1105,449,3
2025-06-27 13:12:16.030,-5.032611846923828,-7.800309181213379,10.860098838806152,0.3933972120285034,0.0048869219608604,-0.5729916095733643,-8480,-988,3501,275,921,-23,3
2025-06-27 13:12:16.135,-1.766920804977417,-10.326191902160645,7.352593421936035,-2.5534167289733887,0.8747590184211731,-0.7220427393913269,-7837,-1899,3564,-1081,-1379,-483,3
2025-06-27 13:12:16.444,-3.2752678394317627,-6.550535678863525,8.429984092712402,-1.0702359676361084,0.3872885704040527,-0.6866125464439392,-7750,-2212,4212,-447,-736,237,3
2025-06-27 13:12:16.729,-4.151545524597168,-0.8547300100326538,11.264719009399414,2.0195205211639404,-0.294437050819397,0.6316346526145935,-7995,-1279,4456,113,-19,-122,3
2025-06-27 13:12:16.830,-2.935291290283203,-5.351040840148926,6.315904140472412,-2.596177339553833,1.3353514671325684,-1.4367550611495972,-7851,-1242,4016,-603,151,-264,3
2025-06-27 13:12:17.030,-3.136404275894165,-3.725377798080444,9.318233489990234,1.5540411472320557,-1.663996934890747,1.3658946752548218,-8203,-1470,4220,-129,164,-120,3
2025-06-27 13:12:17.339,-2.3774423599243164,-7.479485988616943,3.9217023849487305,0.8845328688621521,-1.4538593292236328,0.9321803450584412,-8217,-1450,4001,58,-251,-285,3
2025-06-27 13:12:17.531,-2.2218191623687744,-5.765237808227539,6.900089263916016,-2.5021040439605717,0.9089674949645996,-1.4123204946517944,-7641,-1595,4017,59,-323,60,3
2025-06-27 13:12:17.734,-4.086902141571045,-4.060565948486328,10.99896240234375,2.2650883197784424,-0.8344419002532959,0.7867944240570068,-8218,-1530,4079,-94,-143,-326,3
2025-06-27 13:12:17.933,-0.5650315880775452,-6.246472358703613,8.078036308288574,0.5167919993400574,-0.1918116807937622,0.4532620012760162,-7993,-1652,4120,2,39,91,3
2025-06-27 13:12:18.039,-3.694253206253052,-3.780444383621216,9.691728591918944,1.5613715648651123,-0.6878342628479004,0.8283332586288452,-8056,-1523,3980,-323,-381,-178,3
2025-06-27 13:12:18.234,1.0893617868423462,-11.6430025100708,5.288791656494141,1.1325441598892212,0.2284636050462722,0.3457497358322143,-8021,-1487,4188,24,81,68,3
2025-06-27 13:12:18.444,-3.778050184249878,-0.9193734526634216,7.766790390014648,1.026253581047058,0.4776966273784637,-0.5412266254425049,-7872,-1799,3982,320,-382,-221,3
2025-06-27 13:12:18.641,-1.2042834758758545,-8.762778282165527,6.385335922241211,-0.2223549485206604,-1.282817006111145,1.3842206001281738,-7834,-1660,4044,-263,173,100,3
2025-06-27 13:12:18.830,-3.4979286193847656,0.0957680642604827,6.299144744873047,-2.481334686279297,1.1276572942733765,-1.3927727937698364,-7573,-1776,4076,-320,354,-61,3
2025-06-27 13:12:19.029,-3.9001545906066895,-2.0470423698425293,9.461885452270508,1.2767083644866943,-1.320690631866455,1.462411403656006,-8236,-1485,3751,-267,253,270,3
2025-06-27 13:12:19.134,-2.126051187515259,-1.522712230682373,8.492233276367188,1.4025466442108154,0.50335294008255,-0.5070181488990784,-7933,-1856,4114,-261,329,350,3
2025-06-27 13:12:19.341,-1.946485996246338,-7.802703380584717,6.730101108551025,0.4593706727027893,-1.1276572942733765,1.1349875926971436,-8000,-1693,4034,-121,-12,-17,3
2025-06-27 13:12:20.030,-3.754108190536499,-2.3965959548950195,10.292673110961914,1.2767083644866943,-0.8381071090698242,0.8625417351722717,-7837,-1713,3992,-527,533,-17,3
2025-06-27 13:12:20.142,-3.0190882682800293,-3.050212860107422,8.154650688171387,-1.1789699792861938,1.0616837739944458,-1.1643091440200806,-7841,-2086,3984,-192,-132,-196,3
2025-06-27 13:12:20.334,-3.1531636714935303,0.4094084799289703,10.642226219177246,0.9480628371238708,-0.7635815739631653,0.3958406746387481,-7961,-2071,4010,-233,-196,-263,3
2025-06-27 13:12:20.530,-3.4524388313293457,-2.4660277366638184,6.114790916442871,-0.0036651915870606,0.1209513172507286,0.720820963382721,-7572,-1758,4010,-107,-264,-103,3
2025-06-27 13:12:20.930,-5.324704647064209,0.2705447971820831,9.078812599182127,0.7843509912490845,-0.0830776765942573,-0.0952949747443199,-8062,-2314,3894,240,807,296,3
2025-06-27 13:12:21.130,-3.988739967346192,-6.67982292175293,8.774748802185059,-0.1893682330846786,0.588874101638794,-0.7171558141708374,-8253,-1770,3939,176,365,-5,3
2025-06-27 13:12:21.330,-3.026270866394043,2.4612393379211426,9.890447616577148,0.2467895597219467,-0.6206390857696533,-0.0280998013913631,-7620,-2291,3798,295,-783,332,3
2025-06-27 13:12:21.436,-5.760449409484863,-4.369418144226074,8.947132110595703,-1.549154281616211,0.4728097021579742,-1.4575244188308716,-7405,-2398,3993,538,-147,-11,3
2025-06-27 13:12:21.837,-3.541024208068848,-11.714828491210938,8.255207061767578,-0.6878342628479004,0.5229006409645081,-1.016479730606079,-7874,-1638,4411,289,231,120,3
2025-06-27 13:12:22.134,-5.746084213256836,-0.6224924325942993,5.657498836517334,-0.8503243923187256,1.0690141916275024,-1.3732250928878784,-7719,-2402,4276,500,-96,6,3
2025-06-27 13:12:22.334,-3.6367924213409424,-3.8091750144958496,5.887341976165772,0.779464066028595,-1.6566665172576904,1.3426817655563354,-8022,-1861,4019,-596,-183,-113,3
2025-06-27 13:12:22.438,0.8140285611152649,-12.648567199707031,4.666299343109131,-0.9908234477043152,0.9761626720428468,-1.0299187898635864,-7965,-1947,4365,-641,-227,-524,3
2025-06-27 13:12:22.548,0.8140285611152649,-12.648567199707031,4.666299343109131,-0.9908234477043152,0.9761626720428468,-1.0299187898635864,-7965,-1947,4365,-641,-227,-524,3
2025-06-27 13:12:22.671,-4.575319290161133,-2.403778553009033,13.388376235961914,1.0555751323699951,-0.8686503767967224,1.215621829032898,-8215,-2144,4045,-251,364,-35,3
2025-06-27 13:12:22.739,-4.575319290161133,-2.403778553009033,13.388376235961914,1.0555751323699951,-0.8686503767967224,1.215621829032898,-8215,-2144,4045,-251,364,-35,3
2025-06-27 13:12:23.834,-3.383007049560547,-5.439626216888428,7.572859764099121,-1.065348982810974,1.3292428255081177,-1.408655285835266,-7952,-2132,4167,-666,279,369,3
2025-06-27 13:12:24.041,-4.38617753982544,0.4429273009300232,10.323798179626465,1.0018190145492554,-1.3072515726089478,1.5271631479263306,-8011,-1480,4079,194,286,-69,3
2025-06-27 13:12:24.147,-2.87064790725708,-9.979032516479492,4.742913722991943,-0.3029891550540924,0.0733038261532783,-0.0757472887635231,-7966,-1703,3976,93,337,-300,3
2025-06-27 13:12:24.447,-3.3734302520751958,-8.437167167663574,4.575319290161133,-0.740368664264679,0.7623597979545593,-0.9224064946174622,-7875,-1801,3817,-251,119,208,3
2025-06-27 13:12:24.631,-4.5394062995910645,-1.7980455160140991,7.252037048339844,0.6218608021736145,-1.2877039909362793,1.6004669666290283,-7920,-1484,3826,-283,56,524,3
2025-06-27 13:12:24.833,-2.942473888397217,-7.618350028991699,5.284003257751465,-0.675616979598999,1.1606439352035522,-1.6481144428253174,-7967,-1505,3981,348,98,-315,3
2025-06-27 13:12:24.931,-1.781286120414734,-5.683835029602051,6.294356346130371,0.0183259565383195,-0.9004153609275818,1.0250319242477417,-7833,-1581,4110,-128,35,379,3
2025-06-27 13:12:25.331,-3.28963303565979,-8.561665534973145,6.095637321472168,0.0293215326964855,-0.9260717034339904,1.3060299158096311,-7825,-1472,3735,10,-284,551,3
2025-06-27 13:12:25.443,-4.311957359313965,-2.889801502227783,9.679757118225098,0.9627236127853394,-0.7635815739631653,1.1423180103302002,-8056,-1903,3823,46,61,-314,3
2025-06-27 13:12:25.638,-2.568978309631348,-10.711658477783203,3.6104562282562256,-0.2919935882091522,0.294437050819397,-0.3347541689872741,-8015,-1732,3778,-260,-272,-167,3
2025-06-27 13:12:25.832,-5.748478412628174,2.873042106628418,12.090718269348145,1.1924089193344116,0.5534439086914062,-0.1869247704744339,-7981,-1770,3776,-176,265,-169,3
2025-06-27 13:12:26.029,-1.1851298809051514,-8.221688270568848,4.697423934936523,0.6304129362106323,-1.0250319242477417,0.8356636762619019,-7969,-1755,3762,-159,275,34,3
2025-06-27 13:12:26.340,-1.9177556037902832,-10.134655952453612,3.811569213867188,-0.1734857261180877,1.2009611129760742,-1.1911872625350952,-7891,-1450,3725,-54,-82,142,3
2025-06-27 13:12:26.730,-1.213860273361206,-6.766014099121094,6.842628479003906,-0.0280998013913631,-0.5766568183898926,0.4508185386657715,-8219,-1489,4152,299,272,210,3
2025-06-27 13:12:26.830,-4.424484729766846,-1.2018892765045166,9.763554573059082,0.3591887652873993,-1.2082914113998413,1.056796908378601,-8071,-1208,3940,-16,507,594,3
2025-06-27 13:12:27.230,-3.1316158771514893,3.0406360626220703,10.031704902648926,0.130725160241127,0.4361577928066253,-0.2638937830924988,-8034,-1182,3878,426,39,-553,3
2025-06-27 13:12:27.330,-2.6623523235321045,-6.624756336212158,4.721365928649902,-1.2290608882904053,1.644449234008789,-1.8887953758239744,-7958,-1326,3711,466,-46,-609,3
2025-06-27 13:12:27.430,-2.494758129119873,-10.168174743652344,5.0900726318359375,-0.5009095072746277,-0.5375614166259766,0.1014036312699318,-8050,-975,3668,385,332,-580,3
2025-06-27 13:12:27.634,-4.4939165115356445,-5.207388877868652,7.4555439949035645,-0.455705463886261,1.0641272068023682,-0.7660250067710876,-7640,-1168,3731,-787,-597,104,3
2025-06-27 13:12:27.732,-1.699883222579956,-12.310985565185549,2.6647465229034424,0.5754350423812866,0.6243042945861816,-0.5057964324951172,-7966,-1321,3773,-622,-307,103,3
2025-06-27 13:12:27.930,-4.570530891418457,0.6919242739677429,10.096348762512209,1.3365731239318848,0.5192354321479797,-0.1905899494886398,-8107,-926,3730,-256,-74,320,3
2025-06-27 13:12:28.029,-2.094926595687866,-11.82017421722412,3.588908433914185,0.3066543638706207,0.5277875661849976,-0.0061086523346602,-7880,-983,3735,-884,266,-96,3
2025-06-27 13:12:28.451,-3.071760892868042,-6.785167694091797,4.113238334655762,0.4202753007411957,-0.8063421249389648,0.9162978529930116,-8040,-1201,3811,-651,-346,-198,3
2025-06-27 13:12:28.638,-5.4252610206604,-1.802833914756775,10.481815338134766,-0.9419541954994202,1.2779301404953003,-1.2327260971069336,-7927,-1436,3562,-949,377,-22,3
2025-06-27 13:12:28.730,-2.0183119773864746,-8.856152534484863,4.235342979431152,-0.5815436840057373,0.8124507665634155,-0.5510004758834839,-7930,-1528,3878,-1063,315,16,3
2025-06-27 13:12:29.830,-1.9704279899597168,-8.33182144165039,4.850652694702148,0.0537561401724815,-0.4996877610683441,0.2761110961437225,-8267,-1511,3602,-1051,515,153,3
2025-06-27 13:12:30.230,-4.106055736541748,-2.341529369354248,7.967903137207031,0.6902777552604675,-1.3903292417526243,1.2412781715393066,-8206,-1693,3192,106,-83,-272,3
2025-06-27 13:12:30.435,-2.580949544906616,-7.125144481658936,5.200206279754639,-0.5351179838180542,0.5717698931694031,-0.6389650702476501,-8044,-1993,3119,214,10,-243,3
2025-06-27 13:12:30.529,-3.541024208068848,-4.043806552886963,7.189787864685059,0.8649851679801941,-1.350012183189392,1.2803735733032229,-7657,-1947,3118,520,-263,-546,3
2025-06-27 13:12:30.629,-4.503493309020996,-5.367800235748291,8.923190116882324,0.2626720666885376,0.7147123217582703,-0.6059783101081848,-8224,-1988,3072,-575,-69,375,3
2025-06-27 13:12:30.842,-3.818751811981201,-3.1052796840667725,7.2352776527404785,0.5351179838180542,-1.1423180103302002,1.1252137422561646,-7826,-2136,2911,-149,-8,326,3
2025-06-27 13:12:30.944,-4.477157115936279,-7.357381820678711,8.686163902282715,-0.0390953756868839,0.7183775305747986,-0.4508185386657715,-8206,-1939,2745,-246,194,431,3
2025-06-27 13:12:32.630,-4.912901878356934,-8.106766700744629,-0.4596867263317108,9.994976997375488,-0.2528982162475586,-0.5290092825889587,-7560,-2047,3127,1387,306,-735,3
2025-06-27 13:12:32.851,-2.7054479122161865,-4.776432514190674,7.728483200073242,1.585806131362915,-0.8344419002532959,0.8869763612747192,-8044,-1972,2497,-273,-338,279,3
2025-06-27 13:12:32.930,-2.7054479122161865,-4.776432514190674,7.728483200073242,1.585806131362915,-0.8344419002532959,0.8869763612747192,-8048,-2001,2346,-399,87,259,3
2025-06-27 13:12:33.036,-4.065354347229004,-2.4660277366638184,9.797073364257812,-0.5839871764183044,1.1105530261993408,-1.1056660413742063,-7920,-2052,2383,-339,59,215,3
2025-06-27 13:12:33.730,-4.424484729766846,-6.04775333404541,6.368576526641846,-0.799011766910553,1.4966198205947876,-1.480737328529358,-7869,-1870,2778,515,-158,-37,3
2025-06-27 13:12:33.833,-2.0614075660705566,-6.356605529785156,4.659116744995117,0.588874101638794,-1.274264931678772,1.7983872890472412,-8086,-1421,2446,-90,-335,312,3
2025-06-27 13:12:34.430,-3.3423056602478027,-5.738901615142822,5.245696067810059,-0.9101892113685608,1.8985692262649536,-1.8777997493743896,-8005,-1887,2762,406,26,-253,3
2025-06-27 13:12:35.330,-1.216254472732544,-6.332663536071777,4.311957359313965,0.0280998013913631,-0.8026769161224365,0.5424483418464661,-8473,-1586,2846,820,390,502,3
2025-06-27 13:12:35.553,-5.652710437774658,-0.9289502501487732,12.188880920410156,-0.6511823534965515,1.5039502382278442,-0.7134906053543091,-7880,-1583,2748,44,-130,-154,3
2025-06-27 13:12:35.635,-2.8778305053710938,-4.489128112792969,4.455609321594238,0.2590068578720093,1.3096951246261597,-0.6792821288108826,-7854,-1594,2448,-141,-79,-273,3
2025-06-27 13:12:35.839,-5.463568210601807,-0.751779317855835,9.892841339111328,0.0977384373545646,-1.4672982692718506,0.4715879559516907,-8205,-1621,2456,-195,294,-114,3
2025-06-27 13:12:36.030,-2.918531894683838,-4.95120906829834,4.158728122711182,-1.0519099235534668,1.745852828025818,-1.1313223838806152,-8047,-1664,2503,-78,122,-520,3
2025-06-27 13:12:36.229,-3.318363666534424,-3.3901896476745605,7.819462776184082,0.5962044596672058,-2.456900119781494,1.240056395530701,-7870,-1502,2789,1063,-360,-309,3
2025-06-27 13:12:36.330,-4.479551315307617,-5.274426460266113,12.536040306091309,-0.6291912198066711,1.1068878173828125,-0.5778785347938538,-7844,-1492,2747,712,-346,-145,3
2025-06-27 13:12:37.830,-3.641580820083618,-1.8387469053268437,9.852140426635742,0.5962044596672058,-1.9608774185180664,1.2705997228622437,-8223,-1479,2722,775,5,120,3
2025-06-27 13:12:38.234,-4.369418144226074,-2.6192567348480225,9.071630477905272,0.6206390857696533,-1.428202986717224,1.1936306953430176,-8298,-1154,2984,106,-54,280,3
2025-06-27 13:12:38.662,-4.795586109161377,-0.9888052940368652,8.267178535461426,0.8478809595108032,-1.5039502382278442,1.3439035415649414,-8307,-1028,3382,480,-266,154,3
2025-06-27 13:12:39.134,-3.991134166717529,2.185906171798706,17.338808059692383,0.4300491213798523,0.0696386396884918,-0.475253164768219,-8243,-801,3061,1593,-107,-633,3
2025-06-27 13:12:39.730,-0.9265560507774352,-8.528146743774414,1.1276689767837524,-0.0745255574584007,-0.0073303831741213,0.2040289938449859,-8205,-455,3431,-1654,-792,505,3
2025-06-27 13:12:40.138,-1.414973258972168,-3.268085241317749,6.27280855178833,-0.5436700582504272,-0.6511823534965515,0.1918116807937622,-8119,-842,3297,-208,275,-34,3
2025-06-27 13:12:40.240,-4.60165548324585,-1.2832920551300049,11.45864963531494,0.1551597714424133,1.2021827697753906,-0.4153883755207062,-8232,-462,3464,102,-82,-231,3
2025-06-27 13:12:40.450,-1.766920804977417,-4.98472785949707,3.8283286094665527,-0.1771509200334549,1.197295904159546,-0.4862487316131592,-7827,-696,3631,-634,-87,-557,3
2025-06-27 13:12:41.030,-3.469198226928711,-2.6599581241607666,8.80587387084961,0.6255260109901428,-1.5344934463500977,0.5400048494338989,-8119,-404,3636,1130,169,135,3
2025-06-27 13:12:41.131,-2.628833532333374,-7.632715225219727,9.938331604003906,0.1869247704744339,0.6230825781822205,-0.2932153046131134,-8252,-620,3306,-166,-341,-360,3
2025-06-27 13:12:41.229,-2.873042106628418,-4.158728122711182,7.1921820640563965,-1.500285029411316,1.5149458646774292,-0.6426302194595337,-8250,-827,3290,-416,-155,-544,3
2025-06-27 13:12:41.430,-3.5266590118408203,-1.5298948287963867,9.988609313964844,1.4220943450927734,-1.871691107749939,0.607200026512146,-8206,-891,3278,-411,-149,-543,3
2025-06-27 13:12:41.542,-3.5266590118408203,-1.5298948287963867,9.988609313964844,1.4220943450927734,-1.871691107749939,0.607200026512146,-8206,-891,3278,-411,-149,-543,3
2025-06-27 13:12:41.638,-3.5266590118408203,-1.5298948287963867,9.988609313964844,1.4220943450927734,-1.871691107749939,0.607200026512146,-8206,-891,3278,-411,-149,-543,3
2025-06-27 13:12:41.734,-3.5266590118408203,-1.5298948287963867,9.988609313964844,1.4220943450927734,-1.871691107749939,0.607200026512146,-8206,-891,3278,-411,-149,-543,3
2025-06-27 13:12:41.930,-3.778050184249878,-3.0765492916107178,10.979808807373049,-0.6438519954681396,1.590693116188049,-0.923628270626068,-7904,-752,3700,-38,-218,-518,3
2025-06-27 13:12:42.335,-3.531447410583496,-3.0406360626220703,7.922413349151611,-0.50335294008255,2.0231857299804688,-0.8845328688621521,-7891,-743,3956,-348,289,-619,3
2025-06-27 13:12:42.663,-3.138798475265503,-4.098873138427734,12.54801082611084,-0.1160643994808197,0.5656611919403076,-0.3995058834552765,-8120,-952,3234,-988,1295,503,3
2025-06-27 13:12:43.130,-2.291250944137573,-6.203376770019531,4.850652694702148,-1.2082914113998413,1.692096710205078,-1.1630873680114746,-8078,-1028,3231,357,-348,425,3
2025-06-27 13:12:43.337,-4.982333660125732,-0.6416460275650024,13.735535621643066,0.7513642311096191,-1.4049900770187378,0.6304129362106323,-8212,-725,3656,588,-332,609,3
2025-06-27 13:12:43.540,-1.3431471586227417,-6.083666324615479,4.606443881988525,-0.1038470938801765,0.799011766910553,-0.4544837474822998,-8193,-1026,3327,98,68,-377,3
2025-06-27 13:12:43.831,-3.0358476638793945,-3.3710360527038574,8.901641845703125,-1.4367550611495972,1.860695481300354,-1.0506882667541504,-8073,-1069,3237,317,-228,-233,3
2025-06-27 13:12:43.942,0.035913024097681,-9.141061782836914,2.08056116104126,0.1099557429552078,-0.0561996027827262,0.2150245606899261,-7825,-922,3244,-121,-461,-554,3
2025-06-27 13:12:44.130,-2.406172752380371,-8.683769226074219,10.065223693847656,0.0891863256692886,0.5326744914054871,-0.251676470041275,-8020,-943,3211,67,-429,-589,3
2025-06-27 13:12:44.559,-4.110844135284424,-1.8914192914962769,12.361263275146484,-0.6792821288108826,1.6285667419433594,-0.9346238374710084,-8081,-1147,3304,44,293,366,3
2025-06-27 13:12:44.833,-5.477933406829834,2.27209734916687,14.602235794067385,1.4110987186431885,-1.67254900932312,0.9089674949645996,-8200,-1103,3505,-92,-574,-268,3
2025-06-27 13:12:45.031,-1.2545616626739502,-6.129156112670898,3.552995204925537,-0.6572909951210022,1.4648548364639282,-0.9724974632263184,-8236,-689,3402,-49,66,-359,3
2025-06-27 13:12:45.246,-5.430049419403076,1.3431471586227417,15.275007247924805,0.8185594081878662,-0.8600982427597046,0.3115412890911102,-7865,-1030,3359,-107,13,-189,3
2025-06-27 13:12:45.356,-3.457227230072021,-3.552995204925537,9.342175483703612,-2.4080307483673096,1.843591332435608,-1.1276572942733765,-8223,-644,3295,7,-591,-158,3
2025-06-27 13:12:45.630,-5.30076265335083,1.4053963422775269,17.492036819458008,0.2260201424360275,0.2052507251501083,-0.2150245606899261,-8051,-1009,3455,-395,273,7,3
2025-06-27 13:12:45.730,-3.3016040325164795,-4.850652694702148,6.761225700378418,-2.356718063354492,2.0476202964782715,-1.0140362977981567,-8221,-703,3296,184,-198,-338,3
2025-06-27 13:12:45.930,-1.7381904125213623,-6.155492782592773,5.298368453979492,1.1520918607711792,-2.3102922439575195,1.0641272068023682,-7920,-684,3316,335,-299,-301,3
2025-06-27 13:12:46.536,-2.75812029838562,-6.8809356689453125,6.162675380706787,-1.7690657377243042,1.508837103843689,-0.4349360466003418,-8237,-1030,3242,1138,-422,516,3
2025-06-27 13:12:46.647,0.332794040441513,-8.310274124145508,2.1164743900299072,0.2174680233001709,-0.1942551434040069,0.1795943826436996,-7916,-883,3619,1237,-568,288,3
2025-06-27 13:12:46.829,-5.846640586853027,0.6799532771110535,15.773000717163086,1.3903292417526243,-0.0219911485910415,0.1221730485558509,-8245,-177,3955,682,-495,-331,3
2025-06-27 13:12:47.030,-0.2154781520366668,-9.24640655517578,1.9991583824157717,0.475253164768219,0.2040289938449859,-0.0879645943641662,-8059,-582,3929,103,-369,-190,3
2025-06-27 13:12:47.240,-5.389348030090332,-5.202600479125977,11.781867027282717,-0.0195476878434419,0.6499606370925903,-0.3897320330142975,-8002,-413,3940,20,-287,-521,3
2025-06-27 13:12:47.332,-2.557007312774658,-5.793968200683594,5.92325496673584,-2.415361166000366,1.5039502382278442,-0.8087855577468872,-7836,-822,3989,-173,-538,-132,3
2025-06-27 13:12:47.535,-3.21062445640564,-3.924096584320069,8.9064302444458,1.4917329549789429,-1.750739812850952,0.4972442984580993,-7989,-666,3733,-401,269,-314,3
2025-06-27 13:12:48.142,0.2322375625371933,-10.187328338623049,2.161964178085327,-1.0396926403045654,0.4495968222618103,-0.2028072625398636,-8112,-687,3772,-769,417,404,3
2025-06-27 13:12:48.640,-2.4444799423217773,-3.541024208068848,6.179434776306152,2.388483047485352,-1.339016675949097,0.4447098970413208,-8138,-706,3815,-451,599,439,3
2025-06-27 13:12:50.240,-2.0231003761291504,-9.315838813781738,7.362170219421387,0.4825835525989532,0.1954768747091293,0.2846632003784179,-8131,-724,4168,-210,352,513,3
2025-06-27 13:12:50.343,-2.959233283996582,-5.497087001800537,4.687847137451172,-0.1490511149168014,0.6743952035903931,0.2419026345014572,-7891,-819,3971,605,-599,-527,3
2025-06-27 13:12:50.634,-5.564124584197998,-10.402806282043455,9.346963882446287,0.2223549485206604,0.2492330223321914,-0.0403171069920063,-7846,-805,3991,213,-566,-194,3
2025-06-27 13:12:50.829,-1.1803414821624756,-7.27837324142456,3.454833030700684,0.3933972120285034,-0.3701843321323395,0.0195476878434419,-7916,-896,3960,-830,234,125,3
2025-06-27 13:12:51.132,-2.497152328491211,-6.433219909667969,5.216965675354004,-1.0616837739944458,0.988379955291748,-0.0244346093386411,-7556,-1242,3808,-814,-323,-789,3
2025-06-27 13:12:51.229,-0.8810662031173706,-6.265625953674316,4.762067317962647,0.1392772793769836,-0.342084527015686,-0.1062905490398407,-7678,-1653,3289,-142,-378,-525,3
2025-06-27 13:12:51.444,-3.1076738834381104,-8.801085472106934,8.492233276367188,0.6743952035903931,0.5546656250953674,0.1368338167667389,-7866,-1203,3571,71,386,421,3
2025-06-27 13:12:51.530,-2.3798365592956543,-6.708553314208984,4.944026470184326,-1.1447614431381226,1.274264931678772,-0.3054326176643371,-8074,-1294,3492,-233,161,289,3
2025-06-27 13:12:51.929,-0.5482721924781799,-10.043676376342772,4.02465295791626,-1.225395679473877,1.4355332851409912,-0.788016140460968,-8000,-1822,3699,56,136,302,3
2025-06-27 13:12:52.639,-2.980781078338623,-9.301473617553713,5.758055210113525,-0.4801400899887085,1.0812314748764038,-0.0977384373545646,-7862,-1186,3588,-263,-92,-254,3
2025-06-27 13:12:52.830,0.6584054827690125,-9.126696586608888,2.1356279850006104,0.3885102868080139,-0.8833111524581909,0.1429424732923507,-8053,-1181,3681,282,-69,7,3
2025-06-27 13:12:53.029,-4.378994941711426,-13.599065780639648,7.960720539093018,-0.6914994716644287,0.5729916095733643,-0.6059783101081848,-7809,-1154,3617,307,-48,-262,3
2025-06-27 13:12:53.330,0.586579442024231,-8.063671112060547,2.360682964324951,0.5571091175079346,-1.1178834438323977,0.0916297882795333,-8260,-928,3582,-374,-244,59,3
2025-06-27 13:12:53.530,-2.760514497756958,-7.594407558441162,8.094796180725098,0.0171042270958423,0.9468411207199096,-0.0390953756868839,-7899,-1793,3668,-262,517,373,3
2025-06-27 13:12:53.737,1.7501614093780518,-5.9974751472473145,2.006340980529785,0.1050688251852989,-0.5827654600143433,-0.1539380401372909,-7915,-1549,3902,264,297,203,3
2025-06-27 13:12:53.947,-3.9193081855773926,-14.381969451904297,7.38132381439209,-0.067195177078247,0.5216789245605469,0.2773328125476837,-8312,-919,4198,224,-526,-358,3
2025-06-27 13:12:54.448,1.115697979927063,-7.307103633880615,1.3886369466781616,0.6829473376274109,0.3995058834552765,0.5204572081565857,-7867,-1019,4167,-91,-393,-371,3
2025-06-27 13:12:54.631,0.241814374923706,-8.707711219787598,0.974440097808838,0.2015855312347412,0.461814135313034,0.3677408695220947,-8012,-1905,3513,-1073,410,-96,3
2025-06-27 13:12:54.836,-5.008669853210449,-6.603208065032959,9.588777542114258,0.2394591718912124,-0.96883225440979,0.2822197377681732,-7883,-1476,3491,-93,743,-13,3
2025-06-27 13:12:55.346,-3.0813376903533936,-6.090848922729492,7.965508937835693,0.0085521135479211,-1.4758504629135132,0.4068362414836883,-7985,-1424,3312,-1126,-151,78,3
2025-06-27 13:12:55.930,-2.896984100341797,-4.2951979637146,10.41956615447998,0.0867428630590438,1.0311405658721924,-0.4935791194438934,-8123,-733,3586,-614,-261,1151,3
2025-06-27 13:12:56.130,0.7230489253997803,-7.632715225219727,6.064512729644775,-0.3408628106117248,-0.6352998614311218,0.1014036312699318,-8312,-1112,2959,-1050,641,308,3
2025-06-27 13:12:56.329,-2.5450363159179688,-6.3518171310424805,9.05487060546875,0.6670648455619812,0.7159340381622314,-0.1380555480718612,-8166,-495,3386,114,363,406,3
2025-06-27 13:12:56.930,-0.2896983921527862,-5.166687488555908,3.660734415054321,-0.2076941877603531,0.846659243106842,-0.394618958234787,-8453,-208,3175,-52,273,-323,3
2025-06-27 13:12:57.130,-3.567360639572144,-3.268085241317749,12.021286964416504,0.3738495409488678,-1.616349458694458,0.2553416788578033,-8563,-144,3074,-370,81,-305,3
2025-06-27 13:12:57.330,-0.8667010068893433,-5.360617637634277,5.808333396911621,-1.6114624738693235,1.3634512424468994,-0.6524040699005127,-7833,-1372,2970,-1053,-319,-582,3
2025-06-27 13:12:57.430,-0.3830722570419311,-5.181052684783936,5.743690013885498,0.2480112910270691,-0.3506366610527038,0.0549778714776039,-8000,-1256,3139,-682,101,-534,3
2025-06-27 13:12:57.530,-2.930502891540528,-3.1196448802948,11.78665542602539,1.4611896276474,-1.5992451906204224,0.6487388610839844,-8193,-1548,3155,-802,151,58,3
2025-06-27 13:12:57.729,-1.0630255937576294,-6.991068840026856,4.247313976287842,-0.6487388610839844,1.3964380025863647,-0.4764748811721802,-8167,-783,3329,342,-163,68,3
2025-06-27 13:12:58.437,-1.953668594360352,-5.559336185455322,6.981492042541504,-1.9144517183303835,1.7788395881652832,-0.8845328688621521,-8085,-763,3372,-337,562,861,3
2025-06-27 13:12:58.535,0.3184288144111633,-4.790797710418701,5.394136428833008,0.1014036312699318,-0.2272418737411499,0.1661553531885147,-8316,-433,3068,-98,-317,-526,3
2025-06-27 13:12:59.139,-2.4157495498657227,-5.552153587341309,7.501033782958984,-0.8674286603927612,1.253495454788208,-0.1356120854616165,-7830,-892,3120,-532,50,-375,3
2025-06-27 13:12:59.333,-1.8938134908676147,-1.2282254695892334,7.876923561096191,0.8784242272377014,-1.615127682685852,0.261450320482254,-7878,-1070,3031,-412,373,-260,3
2025-06-27 13:12:59.635,-0.2035071402788162,-4.975151062011719,5.863399982452393,0.6157521605491638,-1.1117748022079468,0.5412266254425049,-8167,-840,3404,305,67,-87,3
2025-06-27 13:12:59.731,-5.386953830718994,-6.232107162475586,11.743558883666992,0.098960168659687,-0.1295034289360046,-0.3836233615875244,-8047,-954,2955,-62,309,-453,3
2025-06-27 13:13:00.530,-1.702277421951294,-5.169081687927246,9.543288230895996,0.6133087277412415,0.5412266254425049,-0.1905899494886398,-8185,-644,3145,114,571,488,3
2025-06-27 13:13:00.731,-0.2298433631658554,-3.16513466835022,4.738125324249268,0.0965167060494422,-0.4691445231437683,0.1954768747091293,-7868,-701,2989,-337,-772,-822,3
2025-06-27 13:13:01.229,0.0766144543886184,-3.2178070545196533,4.520252704620361,0.1441642045974731,-1.1533136367797852,0.2455678284168243,-8309,-504,3413,-235,-202,462,3
2025-06-27 13:13:01.436,-1.036689281463623,-4.685452938079834,11.441889762878418,0.3738495409488678,0.8759807348251343,-0.1514945775270462,-8210,-465,3432,53,-211,348,3
2025-06-27 13:13:01.538,-1.213860273361206,-4.256890773773193,8.022970199584961,-0.7916813492774963,1.3292428255081177,-0.1062905490398407,-8098,-552,3030,144,-3,-567,3
2025-06-27 13:13:02.248,-4.874594688415527,-2.978386878967285,16.136919021606445,0.0244346093386411,-0.1893682330846786,-0.3921754956245422,-7893,-648,3242,-326,-180,-490,3
2025-06-27 13:13:02.342,-2.027888774871826,-4.259284973144531,10.160991668701172,-0.8820894360542297,1.6566665172576904,-0.1857030391693115,-8242,-490,2990,-357,-542,-769,3
2025-06-27 13:13:02.452,-0.5674257874488831,-4.8722004890441895,4.93923807144165,-0.197920337319374,1.3048081398010254,-0.0684169083833694,-7894,-661,2918,-661,154,-34,3
2025-06-27 13:13:02.937,0.7374141216278076,-3.2393548488616943,3.9193081855773926,-0.0952949747443199,-0.1233947798609733,0.3005456924438476,-7833,-711,2698,-608,-91,-658,3
2025-06-27 13:13:03.030,-0.9792284965515136,-6.021417140960693,7.383718013763428,0.950506329536438,-2.094046115875244,0.6120869517326355,-8508,-322,2786,141,70,317,3
2025-06-27 13:13:03.129,-3.332728862762451,0.3232172429561615,16.634912490844727,0.2871066629886627,0.1014036312699318,0.0195476878434419,-8500,-276,2783,373,-288,-13,3
2025-06-27 13:13:03.236,-1.778891921043396,-4.206612586975098,8.38449478149414,-1.350012183189392,1.6823228597640991,-0.4972442984580993,-8257,-563,3076,-568,-198,-600,3
2025-06-27 13:13:03.342,0.2346317619085312,-5.643133640289307,3.2321722507476807,-0.0122173046693205,0.5094616413116455,-0.0928515195846557,-8195,-629,2788,-387,-175,-625,3
2025-06-27 13:13:03.535,-3.2369606494903564,-1.0989385843276978,15.569493293762209,0.9358455538749696,-0.7464773058891296,0.0525344125926494,-8129,-311,2805,334,-291,-77,3
2025-06-27 13:13:03.631,-3.2369606494903564,-1.0989385843276978,15.569493293762209,0.9358455538749696,-0.7464773058891296,0.0525344125926494,-8129,-311,2805,334,-291,-77,3
2025-06-27 13:13:03.735,-0.6200982332229614,-5.317522048950195,5.367800235748291,0.2162462919950485,1.0323622226715088,-0.0256563406437635,-8091,-276,2766,323,-262,24,3
2025-06-27 13:13:03.933,-1.5059528350830078,-3.993528366088867,11.650185585021973,0.9346238374710084,-1.9694294929504397,0.2284636050462722,-8125,-178,2770,243,37,378,3
2025-06-27 13:13:04.139,-0.4596867263317108,-2.229001760482788,8.875306129455566,-1.339016675949097,1.9694294929504397,-1.722640037536621,-8109,-280,3084,260,-307,-376,3
2025-06-27 13:13:04.230,0.2681505978107452,-8.030152320861816,4.062960147857666,-3.892433404922485,1.1484266519546509,-1.7861700057983398,-8076,-345,3107,-3,-327,-574,3
2025-06-27 13:13:04.546,-0.6153098344802856,-5.60722017288208,10.12747287750244,-1.5320500135421753,1.7531832456588743,-1.1056660413742063,-7844,-838,3121,341,-342,-815,3
2025-06-27 13:13:04.844,-1.8962076902389529,-0.0766144543886184,15.037981033325195,1.7678439617156982,0.0354301854968071,0.2651155292987823,-8475,-438,3013,-8,-193,500,3
2025-06-27 13:13:04.947,-0.9217676520347596,-5.604825973510742,7.232883453369141,-3.011565685272217,1.693318486213684,-1.2009611129760742,-7842,-345,3295,642,-193,154,3
2025-06-27 13:13:05.139,-1.745373010635376,-4.910507678985596,6.531382083892822,2.331061840057373,-1.97553825378418,1.1215485334396362,-7885,-310,3278,882,-149,157,3
2025-06-27 13:13:05.230,-0.8427590131759644,-7.532158374786377,7.287950038909912,1.5625933408737185,0.8881980776786804,-0.4899139404296875,-8319,-98,3003,107,-117,585,3
2025-06-27 13:13:05.846,-0.667982280254364,-6.6846113204956055,6.133944988250732,3.4049627780914307,-1.408655285835266,1.52105450630188,-7925,120,3235,-82,-40,-346,3
2025-06-27 13:13:06.133,1.0247182846069336,-11.676521301269531,3.3039982318878174,0.9553932547569276,-0.3298672437667846,0.1832595765590667,-8078,84,2968,0,120,57,3
2025-06-27 13:13:06.431,-0.2920926213264465,-8.202534675598145,4.431667327880859,-4.354247570037842,1.55892813205719,-1.2217304706573486,-8253,67,3215,247,33,60,3
2025-06-27 13:13:06.830,-0.4429273009300232,-5.274426460266113,5.576095581054688,-0.607200026512146,0.9370672702789308,-0.384845107793808,-7920,86,3210,216,-332,-290,3
2025-06-27 13:13:07.130,-3.2824504375457764,-10.311826705932615,11.046846389770508,-0.1123992055654525,0.0830776765942573,0.1563815027475357,-8151,163,3388,-7,-144,0,3
2025-06-27 13:13:07.229,-2.451662540435791,-7.350199222564697,4.78122091293335,-0.2956587672233581,0.6304129362106323,0.8417723178863525,-8079,-47,3225,-285,-561,-524,3
2025-06-27 13:13:07.330,1.0630255937576294,-3.332728862762451,4.426878929138184,0.5216789245605469,0.2553416788578033,0.442266434431076,-7897,-595,3290,645,323,-97,3
2025-06-27 13:13:07.430,0.2274491637945175,-5.858611583709717,5.389348030090332,-0.4715879559516907,-0.3543018400669098,-0.6340781450271606,-8314,317,3270,401,574,541,3
2025-06-27 13:13:07.830,0.4022258818149566,-5.808333396911621,4.474762916564941,0.3176499307155609,0.1563815027475357,0.5754350423812866,-8491,180,3443,-528,101,-118,3
2025-06-27 13:13:07.930,0.3830722570419311,-7.625532627105713,4.683058738708496,1.3255776166915894,-0.7037167549133301,0.1368338167667389,-8076,-865,3379,-304,608,144,3
2025-06-27 13:13:08.231,2.786850690841675,-8.954314231872559,1.2497732639312744,1.920560359954834,-0.2260201424360275,0.5314527750015259,-7875,-216,3409,-213,542,222,3
2025-06-27 13:13:08.630,-0.6105214357376099,-8.176198959350586,1.4532804489135742,-0.1502728462219238,-0.3347541689872741,1.0213667154312134,-8122,-107,3455,768,-68,-100,3
2025-06-27 13:13:08.932,-0.7230489253997803,-13.63497829437256,2.1811177730560303,-0.2443460971117019,0.2687807083129883,-0.0268780700862407,-8137,276,3350,683,-587,-238,3
2025-06-27 13:13:09.430,-1.3527239561080933,-9.720458984375,2.322375535964966,-0.2162462919950485,-0.7391469478607178,1.1032226085662842,-8007,-158,3426,1307,-200,59,3
2025-06-27 13:13:09.642,0.4141969084739685,-5.549759387969971,2.5019407272338867,0.4667010605335235,-0.1209513172507286,-0.7684684991836548,-8105,-28,3373,161,272,251,3
2025-06-27 13:13:10.133,-0.8427590131759644,-8.884882926940918,2.8778305053710938,-1.15820050239563,0.2651155292987823,-1.598023533821106,-8271,175,3506,66,-695,-268,3
2025-06-27 13:13:10.365,-1.3742717504501345,-9.035717010498049,2.595314741134644,-0.2651155292987823,0.0158824957907199,1.5308283567428589,-8544,805,3462,243,-241,140,3
2025-06-27 13:13:10.432,0.9265560507774352,-4.4939165115356445,3.40216064453125,-0.0403171069920063,0.1258382350206375,0.6389650702476501,-7575,-169,3460,-204,275,-518,3
2025-06-27 13:13:10.943,1.168370485305786,-3.4620156288146973,4.036623954772949,0.5962044596672058,0.0867428630590438,0.6609562039375305,-8452,188,3310,342,612,129,3
2025-06-27 13:13:11.129,-0.5889736413955688,-13.46020221710205,5.748478412628174,-0.8332201838493347,-0.0525344125926494,-1.470963478088379,-7869,-178,3677,-396,338,-106,3
2025-06-27 13:13:11.230,0.3998316824436188,-10.010157585144045,3.1938650608062744,0.6536257863044739,-0.0867428630590438,0.5363397002220154,-8351,701,3224,-366,81,27,3
2025-06-27 13:13:11.349,0.3998316824436188,-10.010157585144045,3.1938650608062744,0.6536257863044739,-0.0867428630590438,0.5363397002220154,-8351,701,3224,-366,81,27,3
2025-06-27 13:13:11.630,-0.1628057211637497,-11.525687217712402,6.3063273429870605,-0.6963863968849182,-0.3677408695220947,-1.8692476749420168,-8010,-517,3314,-657,-141,-604,3
2025-06-27 13:13:12.229,-1.522712230682373,-17.01559066772461,4.752490520477295,0.1136209368705749,0.1600466966629028,-0.0733038261532783,-7944,-625,3312,-241,375,-356,3
2025-06-27 13:13:12.330,-1.8962076902389529,-11.010933876037598,3.794809579849243,-0.157603234052658,0.4593706727027893,1.281595230102539,-7843,-183,3452,577,563,248,3
