ActualTime,Ax watch,Ay watch,Az watch,Gx watch,Gy watch,Gz watch,Ax esense,Ay esense,Az esense,Gx esense,Gy esense,Gz esense,combined_action_num
19:16.0,-0.509964943,-4.757278919,3.763684988,0.444709897,0.263893783,0.035430185,-7732,-2485,-1242,-1492,841,-1561,1
19:16.1,0.225054964,-9.3685112,3.270479441,-0.028099801,-0.041538838,-0.008552114,-7702,-2854,-1449,-1240,568,-1019,1
19:16.3,-0.701501071,-9.612719536,3.969586372,0.054977871,0.144164205,-0.018325957,-7745,-2708,-1802,-756,150,-833,1
19:16.5,0.119710088,-9.404424667,4.27125597,0.381179899,0.102625363,-0.434936047,-7710,-2559,-1733,1,350,-355,1
19:17.3,0.897825658,-9.258378029,3.440467834,0.607200027,0.002443461,0.184481308,-7683,-2605,-1698,309,264,1038,1
19:17.4,-0.275333196,-9.428366661,3.938461781,-0.678060412,0.151494578,-0.103847094,-7660,-2367,-1867,-4,96,537,1
19:17.9,0.325611442,-9.390059471,3.749319792,0.599869668,-0.064751714,-0.623082578,-7716,-2188,-1694,286,45,-15,1
19:18.0,1.48679924,-8.341399193,4.766855717,0.10751228,-0.045204028,0.163711891,-7991,-2417,-1448,126,-40,-265,1
19:18.1,-0.861912608,-9.842563629,2.810792685,-1.023810148,0.164933622,0.145385921,-7750,-2258,-1526,380,-63,-308,1
19:18.2,2.614468336,-8.640673637,5.372588634,0.715934038,0.019547688,1.516167521,-7999,-2403,-1654,288,271,-319,1
19:18.9,0.076614454,-6.373364925,1.192312479,0.70860368,-0.342084527,-0.443488181,-7383,-2603,-1251,-622,-43,-1042,1
19:19.3,0.260968,-9.313444138,2.940079689,0.89064151,-0.025656341,-0.098960169,-7790,-2907,-1513,-462,288,-529,1
19:19.4,-0.129286885,-7.869740963,3.833117008,-0.18692477,0.151494578,-0.105068825,-7358,-2540,-1867,-196,319,-275,1
19:19.7,0.763750315,-9.047688484,3.888183594,0.373849541,-0.042760566,-0.162490159,-7418,-2538,-1860,-209,290,-274,1
19:19.9,0.232237563,-8.327033043,4.223371983,-0.02687807,-0.112399206,0.067195177,-7707,-2677,-1852,292,78,-305,1
19:20.2,-0.155623108,-8.70771122,3.667917013,-0.259006858,0.18692477,0.00122173,-7795,-2455,-1527,514,-36,474,1
19:20.7,0.363918662,-9.181763649,2.652775526,0.52656585,-0.042760566,-0.585208893,-7672,-2359,-1465,534,-111,259,1
19:20.9,0.337582439,-7.314286232,4.608838081,-0.408057988,0.036651913,0.241902635,-7650,-2112,-1399,533,-132,316,1
19:21.0,0.328005642,-9.823410034,3.706224203,0.860098243,-0.039095376,-0.280998021,-7786,-2306,-1364,-117,-167,112,1
19:21.1,0.045489833,-9.21528244,3.722983599,-0.346971452,0.152716309,0.469144523,-7845,-2010,-930,-261,33,327,1
19:21.3,1.649604917,-10.41717148,4.474762917,-0.372627795,0.174707457,0.299323976,-7997,-2028,-994,-116,57,275,1
19:21.5,2.765302896,-9.030928612,2.839523315,-0.411723167,-0.302989155,0.169820532,-8062,-1956,-963,-60,113,286,1
19:21.6,-0.411802679,-9.890447617,2.686294317,-0.007330383,0.006108652,0.029321533,-7989,-1816,-1089,458,-533,767,1
19:21.7,0.615309834,-9.066842079,3.524264812,0.663399637,0.064751714,0.058643065,-8076,-1538,-810,952,-295,1300,1
19:21.9,-0.814028561,-8.829815865,4.34787035,0.95050633,0.47036624,0.003665192,-8284,-1225,-795,988,-301,1167,1
19:22.5,-0.751779318,-10.81700325,1.474828243,-0.014660766,0.124616511,-0.183259577,-8299,-1389,93,165,-639,98,1
19:22.7,0.02873042,-9.287108421,2.564189911,0.040317107,0.039095376,-0.04642576,-8484,-1394,236,-24,-292,127,1
19:22.8,0.071826048,-9.940725327,3.15795207,0.185703039,-0.147829384,0.134390354,-8525,-1393,198,51,-127,-257,1
19:22.9,-0.038307227,-7.666234016,3.799597979,-0.436157793,0.081855945,0.065973446,-8131,-1245,289,-375,20,334,1
19:23.1,-0.464475125,-9.311050415,1.501164436,-0.201585531,0.065973446,0.133168623,-8146,-1363,561,90,39,83,1
19:23.2,0.349553436,-8.135497093,4.326322556,0.769690216,-0.061086524,-0.212581098,-8503,-1302,590,53,-334,69,1
19:23.3,0.064643443,-8.667010307,3.426102638,-0.254119933,0.215024561,0.147829384,-8129,-1398,162,-34,-346,-296,1
19:23.6,0.639251828,-8.724471092,3.258508444,-0.504574716,0.156381503,0.118507855,-7866,-1638,505,-571,-143,-692,1
19:24.0,-0.428562105,-9.402029991,2.394201756,-0.075747289,0.235793978,-0.222354949,-8090,-1854,398,118,-1,115,1
19:24.1,0.612915635,-10.21366405,3.428496838,-0.240680903,0.014660766,0.042760566,-8538,-1185,870,-8,-67,97,1
19:24.2,-0.258573771,-8.839392662,2.145204782,0.024434609,0.004886922,-0.017104227,-8465,-1196,422,92,307,80,1
19:24.4,-1.04147768,-10.77151299,1.424550056,-1.110553026,0.208915919,0.043982297,-8132,-1268,489,-127,-302,4,1
19:24.5,1.259350061,-7.730877399,4.675876141,0.056199603,0.042760566,-0.004886922,-8067,-1558,481,-104,-312,-260,1
19:24.6,-1.261744261,-10.51054573,1.922544003,-0.323758572,0.179594383,-0.083077677,-7931,-1429,487,-339,-190,-367,1
19:24.7,1.058237195,-9.03571701,3.129221678,-0.221133217,0.036651913,0.013439035,-8127,-1603,798,-234,-370,-258,1
19:24.8,-0.272938997,-9.572018623,2.633621931,0.144164205,0.030543262,-0.131946892,-8096,-1409,391,-206,380,-220,1
19:24.9,0.299275219,-9.670180321,3.41892004,-0.36774087,0.106290549,0.109955743,-8451,-1486,401,-227,63,-333,1
19:25.0,-0.033518825,-10.76911926,0.993593693,0.378736466,-0.015882496,-0.156381503,-8115,-1440,591,331,132,-185,1
19:25.2,0.241814375,-9.969455719,2.540247917,0.161268428,-0.036651913,-0.007330383,-8084,-1800,415,-210,-300,-381,1
19:25.3,-0.158017308,-9.59835434,2.284068346,-0.199142069,0.091629788,-0.00122173,-7920,-1721,512,-376,112,-156,1
19:25.4,0.325611442,-10.17296314,2.643198729,0.425162196,-0.019547688,0.006108652,-8219,-1702,238,-330,-24,-157,1
19:25.7,0.63206923,-10.29746151,2.808398485,0.108734012,0.190589949,0.035430185,-7923,-1762,429,-14,-262,11,1
19:26.0,-0.81642276,-10.70208168,2.856282711,-0.47036624,-0.268780708,-0.328645498,-8154,-1479,864,-25,-520,-278,1
19:26.3,-0.165199921,-9.11233139,3.754108191,0.488692194,-0.164933622,-0.624304295,-7580,-1411,425,-653,-623,-3093,1
19:26.4,-0.464475125,-9.555258751,3.632004023,-0.184481308,0.085521132,0.289550126,-7258,-4130,-644,-2472,1165,-1057,1
19:26.5,-0.474051923,-8.293514252,3.715801001,-0.419053555,0.183259577,0.201585531,-7405,-3721,-917,-396,819,130,1
19:26.8,0.85473001,-8.932766914,3.823540211,0.623082578,-0.032986723,-0.056199603,-7612,-3443,-965,325,837,171,1
19:26.9,-0.244208574,-9.009381294,2.932897091,-0.500909507,0.163711891,0.174707457,-7146,-3481,-1386,-844,285,-110,1
19:27.7,1.142034173,-8.468291283,3.42131424,0.074525557,0.043982297,-0.054977871,-7087,-3243,-1875,-317,193,-40,1
19:27.8,0.265756398,-10.83136845,1.319205165,0.516791999,0.06963864,-0.091629788,-7541,-3419,-1660,8,98,58,1
19:27.9,0.878672004,-8.358158112,3.892971992,-0.265115529,-0.029321533,0.090408057,-7224,-3299,-1841,-59,117,48,1
19:28.6,-1.41257906,-7.151480675,4.328716755,0.096516706,-1.811826348,0.487470478,-6545,-3051,-1617,-1907,678,994,1
19:28.7,-0.902614057,-10.15859795,5.032611847,0.785572708,-0.929736912,-0.21013765,-7200,-2772,-2209,-1170,1022,618,1
19:28.8,0.162805721,-8.310274124,3.016694069,0.273667634,-0.797789991,0.017104227,-7372,-2661,-2658,-1095,784,424,1
19:28.9,-0.177170932,-13.85285091,4.534617901,0.751364231,-0.375071257,-0.237015709,-7532,-2410,-2229,-435,-285,571,1
19:29.2,-0.725443125,-10.31900978,3.780444384,0.256563395,-0.211359382,-0.33108896,-7358,-2097,-2458,-187,310,335,1
19:29.3,0.402225882,-7.793126583,4.771644115,-1.045801282,0.155159771,0.406836241,-7343,-2154,-2669,60,-18,-112,1
19:29.4,0.035913024,-8.702922821,4.412513733,0.92729342,-0.353080124,-0.681725621,-7686,-2152,-2612,88,282,99,1
19:29.6,-0.433350503,-8.647856712,4.467580318,0.091629788,0.235793978,0.575435042,-7361,-2157,-2439,-122,131,361,1
19:29.7,0.526724398,-8.868123055,4.393360138,-0.146607652,-0.065973446,0.013439035,-7351,-2081,-2628,-13,-59,111,1
19:29.8,-0.019153614,-8.202534676,5.291185856,-0.241902635,0.23335053,0.527787566,-7543,-2161,-2645,-72,57,577,1
19:30.0,-0.263362199,-11.60469532,4.127603531,0.310319543,0.057421334,0.244346097,-7351,-2074,-2392,70,-441,-378,1
19:30.1,1.201889277,-7.848193169,5.403713226,-0.180816114,-0.140499011,0.05009095,-7801,-2154,-2349,290,-374,120,1
19:30.3,1.41018486,-8.35097599,6.485892296,0.564439476,-0.151494578,-0.378736466,-7650,-1725,-1938,622,-152,-80,1
19:30.5,0.919373453,-8.568847656,4.230554581,0.105068825,0.006108652,0.018325957,-7801,-1787,-2129,536,-591,57,1
19:30.7,0.153228909,-8.961497307,4.09169054,0.438601255,-0.024434609,-0.091629788,-7364,-2389,-1930,-74,-302,-144,1
19:30.8,0.263362199,-9.186552048,3.883395195,-0.370184332,-0.101403631,-0.103847094,-7415,-2186,-1914,179,105,279,1
19:30.9,-0.251391172,-8.279149055,4.594472885,0.287106663,0.238237441,0.449596822,-7406,-2023,-2090,-208,259,253,1
19:31.2,0.610521436,-8.037335396,4.975151062,0.466701061,-0.030543262,-0.131946892,-7729,-2006,-1786,69,37,61,1
19:31.4,0.294486821,-8.492233276,4.649539471,0.241902635,-0.030543262,-0.25167647,-7737,-1991,-1753,104,-526,-83,1
19:31.5,0.402225882,-9.229647636,3.440467834,-0.326202035,0.05009095,0.05009095,-7760,-2173,-1773,132,312,531,1
19:31.6,-0.895431459,-7.338228226,5.729324818,-0.388510287,0.035430185,0.384845108,-7598,-1785,-1731,-66,305,387,1
19:32.2,-0.323217243,-10.7092638,3.155557871,0.030543262,0.117286131,0.142942473,-7326,-2152,-1677,-347,-84,-958,1
19:32.3,0.20350714,-9.06205368,3.701435804,-0.064751714,-0.094073251,-0.323758572,-7751,-2381,-2058,-250,310,-420,1
19:32.6,0.033518825,-8.896853447,4.352658749,0.332310706,-0.141720742,-0.384845108,-7752,-2047,-2114,-43,-65,77,1
19:33.0,-1.319205165,-9.282320023,3.907337189,-0.080634214,0.199142069,0.113620937,-7616,-1992,-1752,-31,-71,-185,1
19:33.2,0.627280831,-8.058882713,4.75488472,0.032986723,-0.037873644,0.06963864,-7358,-2238,-2056,-41,-332,98,1
19:33.3,-1.752555609,-9.691728592,4.197035789,0.41050145,0.089186326,0.632856369,-7701,-2337,-2063,-29,316,342,1
19:33.4,0.193930343,-9.900024414,4.448426723,-0.389732033,0.02687807,-0.24678956,-7768,-2307,-1748,-114,366,337,1
19:33.6,-1.944091797,-10.0269165,3.981557369,-0.056199603,0.291993588,0.830776751,-7747,-2043,-2017,-102,378,122,1
19:33.8,-1.551442742,-10.52730465,2.176329374,-0.690277755,0.061086524,0.080634214,-7612,-2037,-1789,-310,42,52,1
19:34.2,0.845153213,-8.935160637,3.778050184,0.366519153,-0.155159771,-0.569326401,-7422,-2357,-2082,-348,-143,41,1
19:34.4,0.002394202,-9.004592896,3.703830004,0.399505883,-0.067195177,-0.357967019,-7306,-2420,-2117,-339,-258,45,1
19:34.5,1.381454349,-9.43315506,2.52827692,-0.139277279,-0.101403631,-0.30787608,-7758,-2312,-1679,-259,-369,42,1
19:34.8,-0.541089594,-9.066842079,3.047818661,0.464257598,0.056199603,0.244346097,-7840,-1960,-1854,566,-379,400,1
19:34.9,0.521935999,-9.033323288,3.308786631,0.660956204,0.083077677,0.034208454,-7987,-2061,-1525,557,3,549,1
19:35.0,-0.112527482,-9.581595421,3.335123062,-0.660956204,-0.108734012,0.18692477,-8008,-1842,-1607,248,43,144,1
19:35.2,0.641646028,-8.494627953,3.086126089,0.184481308,0.129503429,0.040317107,-7749,-1791,-1607,46,-325,328,1
19:35.3,-0.579396784,-9.722852707,1.958456993,-1.012814522,0.118507855,0.50335294,-8093,-1587,-1709,-40,-218,-687,1
19:35.4,-0.579396784,-9.722852707,1.958456993,-1.012814522,0.118507855,0.50335294,-8093,-1587,-1709,-40,-218,-687,1
19:35.5,-0.900219858,-7.611167431,-0.256179571,-0.686612546,0.05009095,-0.498466045,-7513,-2179,-1181,-714,256,-1768,1
19:35.6,-0.907402456,-9.988609314,2.643198729,0.045204028,-0.695164621,-0.35430184,-7521,-2632,-1216,-942,231,-1498,1
19:35.7,-0.907402456,-9.988609314,2.643198729,0.045204028,-0.695164621,-0.35430184,-7521,-2632,-1216,-942,231,-1498,1
19:35.8,0.581790984,-9.33020401,3.483563423,0.122173049,-0.317649931,0.048869219,-7497,-2443,-1271,-923,603,-1602,1
19:35.9,-0.193930343,-9.782708168,2.837129116,0.087964594,-0.028099801,-0.079412483,-7318,-2502,-1717,-742,287,-313,1
19:36.0,-0.256179571,-9.538499832,3.141192675,0.141720742,0.007330383,-0.116064399,-7393,-2435,-2096,-934,323,102,1
19:36.1,-0.110133275,-9.13866806,3.442862034,-0.316428185,0.270002425,-0.348193198,-7318,-2435,-2021,-477,95,-83,1
19:36.3,-0.234631762,-9.229647636,2.947262287,-0.109955743,-0.02321288,-0.139277279,-7513,-2610,-2193,-243,265,-95,1
19:36.4,0.395043284,-9.191340446,3.224989653,-0.450818539,0.02321288,0.111177474,-7350,-2656,-2398,-151,331,326,1
19:36.5,-0.172382519,-9.066842079,3.983951569,0.509461641,0.056199603,-0.010995574,-7307,-2262,-2356,62,-74,162,1
19:36.6,0.275333196,-9.897629738,3.110068083,-0.386066824,-0.078190751,-0.122173049,-7718,-2610,-1927,-78,126,132,1
19:36.7,0.292092621,-10.45547867,3.660734415,0.062308256,-0.068416908,0.621860802,-7310,-2403,-2406,27,299,185,1
19:36.8,-0.579396784,-8.113949776,4.189853191,-0.230907068,0.145385921,0.156381503,-7301,-2411,-2177,-264,-1,523,1
19:37.1,0.162805721,-8.398859978,4.060565948,0.449596822,0.002443461,-0.133168623,-7356,-2155,-2366,158,351,-73,1
19:37.2,-0.354341865,-9.856928825,1.910573006,-0.858876526,0.117286131,0.263893783,-7790,-2130,-2310,383,287,-69,1
19:37.5,0.402225882,-10.03888798,2.207453966,0.256563395,0.018325957,-0.028099801,-7766,-1954,-1985,401,-25,-105,1
19:37.6,-0.126892686,-8.714894295,4.299986362,-0.07696902,-0.021991149,0.124616511,-7737,-1929,-2102,499,51,884,1
19:37.7,0.04309563,-10.45787334,1.532289028,-0.302989155,0.083077677,-0.384845108,-7789,-2099,-1785,-45,-356,80,1
19:37.8,0.04309563,-10.45787334,1.532289028,-0.302989155,0.083077677,-0.384845108,-7789,-2099,-1785,-45,-356,80,1
19:38.1,0.63206923,-8.037335396,2.516305923,0.116064399,0.357967019,-0.13072516,-7793,-2321,-1892,267,-186,-780,1
19:38.4,0.141257897,-9.217676163,3.052607059,-0.134390354,0.07696902,0.10751228,-7505,-3114,-1423,-203,-99,-132,1
19:38.5,-0.069431849,-10.18972206,3.057395458,0.438601255,-0.048869219,-0.194255143,-7563,-2944,-1626,-303,-58,-64,1
19:38.6,0.311246216,-9.107542992,2.573766708,-0.134390354,0.106290549,0.116064399,-7377,-2766,-1437,54,47,-100,1
19:38.9,-0.344765037,-10.52969933,1.934514999,-0.052534413,0.024434609,-0.498466045,-7343,-2812,-1610,64,-362,-5,1
19:39.4,-1.043871999,-10.57279491,0.871489406,0.007330383,0.021991149,-0.337197602,-7554,-3173,-1196,293,317,504,1
19:39.5,-0.079008654,-10.07719517,1.149216771,-0.315206468,0.05009095,0.219911486,-7653,-3129,-1155,145,-26,418,1
19:39.6,0.351947635,-9.399636269,3.306392431,0.368962616,-0.087964594,-0.156381503,-7386,-2926,-1368,-489,-817,-577,1
19:39.7,0.035913024,-8.559270859,1.771709204,-0.371406078,0.266337246,0.0842994,-7368,-3089,-1343,-121,79,-304,1
19:39.8,0.701501071,-10.00297451,1.453280449,0.434936047,-0.147829384,-0.0842994,-7960,-2765,-956,-123,-106,90,1
19:39.9,-0.730231524,-9.392453194,2.092532396,-0.095294975,0.190589949,-0.020769419,-7608,-3104,-1148,-52,-327,-113,1
19:40.2,1.089361787,-8.544905663,3.787626982,-0.161268428,-0.162490159,0.04642576,-7789,-2793,-903,-122,86,-301,1
19:40.3,1.089361787,-8.544905663,3.787626982,-0.161268428,-0.162490159,0.04642576,-7960,-2730,-911,-313,-75,-534,1
19:40.5,0.665588081,-10.57997704,2.444479942,0.450818539,-0.114842668,-0.080634214,-7797,-2952,-1304,-205,330,12,1
19:40.7,1.094150186,-9.818621635,3.263296843,-0.080634214,-0.017104227,-0.075747289,-7566,-2989,-1352,-112,-41,-110,1
19:40.9,1.070208192,-9.813833237,3.12203908,0.343306273,-0.129503429,-0.098960169,-7791,-3154,-1373,-198,260,86,1
19:41.0,1.070208192,-9.813833237,3.12203908,0.343306273,-0.129503429,-0.098960169,-7791,-3154,-1373,-198,260,86,1
19:41.1,-0.517147541,-8.315062523,0.260968,0.12339478,0.152716309,0.002443461,-7761,-2740,-1401,-1099,125,-366,1
19:41.2,-1.956062794,-3.476380825,4.836287498,0.610865235,0.797789991,-0.280998021,-7155,-3335,-1694,-968,1651,-458,1
19:41.4,-2.171540976,-9.665391922,2.806004286,0.018325957,0.191811681,0.12339478,-7076,-3356,-2328,-732,796,-11,1
19:41.5,-2.171540976,-9.665391922,2.806004286,0.018325957,0.191811681,0.12339478,-7076,-3356,-2328,-732,796,-11,1
19:41.7,-0.095768064,-8.540117264,2.992752075,-0.375071257,-0.037873644,0.112399206,-7085,-3146,-2187,-86,158,326,1
19:41.8,0.567425787,-10.38844109,0.835576415,0.004886922,-0.004886922,-0.149051115,-7448,-3086,-2031,375,-84,201,1
19:42.3,-0.079008654,-9.883264542,2.41335535,-0.083077677,0.028099801,-0.072082102,-7539,-2699,-2338,-71,273,61,1
19:42.5,-0.562637389,-9.054870605,1.750161409,0.064751714,0.037873644,0.02687807,-7088,-2689,-2030,520,66,-120,1
19:43.0,-1.240196466,-10.35252857,1.666364431,0.334754169,-0.138055548,-0.13072516,-7167,-2722,-2085,165,84,-109,1
19:43.1,1.235408068,-8.305485725,4.362235546,-0.212581098,-0.156381503,-0.075747289,-7300,-3066,-1726,783,-540,-25,1
19:43.2,-0.524330199,-9.557653427,2.226607561,-0.279776275,0.190589949,0.208915919,-7345,-2795,-1717,1204,-597,586,1
19:43.4,0.998382092,-8.382100105,3.514688015,0.431270868,-0.1001819,0.003665192,-7561,-2937,-941,1032,-821,329,1
19:43.5,-1.872265697,-9.813833237,1.283292055,-0.930958629,0.317649931,0.09285152,-7740,-3103,-1295,653,-778,165,1
19:43.6,1.661576033,-8.408436775,3.744531393,0.339641064,-0.002443461,0.035430185,-7796,-3115,-1328,1142,-510,580,1
19:43.9,-1.120486379,-10.97262669,5.260061264,-0.190589949,-0.184481308,-0.257785141,-8707,-2564,-214,520,-12,-123,1
19:44.1,1.240196466,-10.42435455,1.472434044,-0.529009283,-0.124616511,0.58276546,-7279,-3655,242,610,-1172,-1185,1
19:44.2,-0.079008654,-11.62384892,3.131615877,0.353080124,0.043982297,0.230907068,-7146,-3284,391,177,-657,-630,1
19:44.5,0.785298169,-9.856928825,2.552218914,0.648738861,-0.109955743,-0.02321288,-7935,-2768,568,548,-175,1322,1
19:44.9,1.163581967,-9.196128845,3.497928619,0.116064399,-0.087964594,0.010995574,-8218,-2290,465,1114,-454,1105,1
19:45.1,1.434126854,-10.20887566,2.382230759,-0.255341679,-0.094073251,-0.043982297,-7922,-2039,1580,-3,-93,263,1
19:45.2,-0.311246216,-9.56004715,2.494758129,0.157603234,0.108734012,0.030543262,-7884,-2340,1267,-5,-87,-286,1
19:45.4,0.945709646,-10.12507915,2.219424963,0.37751472,0.05009095,0.043982297,-8266,-2309,1246,-41,-261,127,1
19:45.6,1.165976286,-8.35097599,3.485957623,0.757472932,-0.043982297,-0.151494578,-7847,-2302,1188,39,294,533,1
19:45.8,0.976834297,-8.774748802,2.45405674,-0.164933622,-0.029321533,0.09285152,-7868,-2352,1327,77,-298,85,1
19:46.0,0.782903969,-10.30224991,3.239354849,0.15393804,0.040317107,0.063529983,-8079,-2139,1403,336,-92,9,1
19:46.2,-0.193930343,-9.909601212,3.08373189,0.824668109,0.272445887,-0.059864793,-8299,-2174,1539,37,-180,-333,1
19:46.5,0.160411507,-9.619902611,3.177105665,0.175929189,-0.168598801,-0.020769419,-7890,-2328,1354,-29,-354,-205,1
19:46.9,-1.271321058,-10.41238308,1.103726983,-0.184481308,0.13072516,0.065973446,-8647,-1923,1280,0,-963,-619,1
19:47.0,0.509964943,-9.691728592,3.193865061,0.142942473,0.127059966,0.002443461,-7848,-3095,1263,-1165,802,120,1
19:47.2,0.387860686,-9.208099365,2.334346771,0.109955743,-0.041538838,-0.13072516,-7792,-3347,1105,-928,422,-208,1
19:47.5,0.284909993,-9.02374649,2.853888512,-0.201585531,0.15393804,0.068416908,-7958,-3635,848,-1183,1325,-161,1
19:47.7,-1.065419793,-9.612719536,0.9648633,-0.0842994,0.323758572,0.085521132,-7472,-3595,-190,-2098,1473,-678,1
19:47.8,-0.847547412,-10.57997704,1.369483352,-0.042760566,-0.194255143,0.063529983,-7481,-3677,-563,-1743,1496,-649,1
19:48.2,-0.59615624,-10.42195988,2.549824715,0.054977871,-0.091629788,0.070860371,-7242,-3889,-1811,-502,252,-524,1
19:48.3,0.711077929,-9.43315506,3.481169224,0.27488935,-0.059864793,-0.171042264,-7197,-3476,-1777,-233,298,-321,1
19:48.6,-1.285686255,-9.531316757,1.982398987,-0.179594383,0.095294975,0.086742863,-6831,-3474,-2416,-569,193,-74,1
19:48.7,-1.285686255,-9.531316757,1.982398987,-0.179594383,0.095294975,0.086742863,-6831,-3474,-2416,-569,193,-74,1
19:48.8,-0.998382092,-9.390059471,1.137245774,-0.163711891,0.112399206,0.048869219,-7065,-3301,-2048,-251,314,272,1
19:48.9,1.036689281,-9.272743225,3.746925592,0.356745303,0.025656341,-0.140499011,-6902,-3291,-2347,96,-99,350,1
19:49.0,-1.321599364,-9.504981041,1.735796213,-0.155159771,0.120951317,0.086742863,-7280,-3218,-2349,-100,-97,340,1
19:49.2,-0.756567717,-10.15380955,1.965639591,0.163711891,0.12339478,-0.109955743,-7060,-3204,-2380,27,260,120,1
19:49.5,0.397437483,-9.648633003,2.657563925,-0.401949346,-0.058643065,0.361632228,-6792,-3224,-2392,-23,-369,87,1
19:49.6,0.553060591,-9.579200745,2.142810583,-0.23335053,0.118507855,-0.081855945,-7045,-3228,-2029,-264,-342,-39,1
19:49.7,-0.505176544,-6.117185116,4.886565685,0.748920798,0.054977871,-0.272445887,-7172,-3225,-2029,-6,46,85,1
19:49.8,-0.591367841,-9.773131371,1.829170108,-0.340862811,0.00122173,0.05375614,-7195,-3237,-1985,273,96,52,1
19:50.1,0.797269166,-9.375694275,2.564189911,0.459370673,0.068416908,0.019547688,-7134,-3222,-1966,299,52,-62,1
19:50.3,-1.70946002,-9.895236015,1.288080573,-0.758694649,0.171042264,0.219911486,-7113,-3399,-2112,-57,95,-81,1
19:50.5,-0.524330199,-10.46026707,1.079784989,-0.557109118,0.103847094,0.068416908,-7043,-3340,-1940,-135,-95,-108,1
19:50.6,-0.033518825,-8.621520042,2.461239338,-0.014660766,0.138055548,0.004886922,-7128,-3356,-1791,-127,5,365,1
19:50.7,0.677559078,-9.251194954,3.390189648,0.75502944,-0.149051115,-0.359188765,-7264,-3050,-2109,-43,-299,348,1
19:51.3,-1.63763392,-10.67335129,3.162740469,1.141096234,-1.221730471,-0.162490159,-6966,-3471,-1941,-589,-71,-148,1
19:51.4,1.084573388,-8.688557625,2.619256735,-0.073303826,-0.430049121,-0.245567828,-6815,-3517,-2217,-978,507,578,1
19:51.5,-1.051054597,-10.66137981,2.506729126,-0.183259577,0.116064399,-0.097738437,-7104,-2952,-2658,-937,205,761,1
19:51.9,-1.628057122,-8.904036522,3.529053211,-0.450818539,0.22357668,0.028099801,-7166,-2195,-2871,-466,24,895,1
19:52.2,0.495599747,-9.682151794,3.588908434,0.389732033,-0.150272846,-0.302989155,-7456,-2126,-2832,-341,61,233,1
19:52.3,0.495599747,-9.682151794,3.588908434,0.389732033,-0.150272846,-0.302989155,-7456,-2126,-2832,-341,61,233,1
19:52.4,0.330399841,-8.382100105,4.900930882,0.18692477,0.05009095,0.025656341,-7349,-1767,-2939,-312,109,153,1
19:52.5,-0.936132848,-10.12029076,3.816357613,0.461814135,-0.073303826,-0.102625363,-7308,-1775,-2932,36,32,202,1
19:53.1,1.082179189,-8.753201485,3.790021181,-0.405614525,0.142942473,0.365297407,-7711,-1871,-2518,-11,-283,-24,1
19:53.2,-0.031124622,-9.308655739,3.797203779,-0.217468023,-0.041538838,-0.230907068,-7350,-1870,-2534,307,-41,-114,1
19:53.4,-0.782903969,-8.111555099,5.049371243,0.530231059,0.070860371,0.205250725,-7396,-1850,-2540,318,-40,112,1
19:53.6,1.146822572,-7.84340477,5.355829239,-0.085521132,0.117286131,0.087964594,-7714,-1537,-2566,280,-448,535,1
19:53.9,-0.486022949,-11.73398209,1.877054095,-0.068416908,-0.256563395,-0.845437527,-7586,-1314,-2192,222,-358,155,1
19:54.0,1.276109457,-9.102754593,2.956839085,-0.340862811,0.279776275,0.954171538,-7908,-1383,-1770,528,-612,-27,1
19:54.2,0.457292527,-7.852981567,3.878606796,0.47036624,0.240680903,0.178372651,-8207,-951,-1507,1033,-1115,233,1
19:54.4,0.299275219,-9.050082207,3.648763418,0.196698606,0.101403631,0.125838235,-8256,-1018,-803,311,-679,-67,1
19:54.8,-1.285686255,-10.53448772,2.978386879,0.014660766,-0.00122173,0.008552114,-7866,-1555,-446,465,-624,-48,1
19:54.9,-0.356736064,-9.313444138,3.49553442,-0.034208454,-0.078190751,-0.257785141,-8318,-1350,-599,534,160,6,1
19:55.1,0.497993946,-8.29830265,4.311957359,0.360410482,0.218689755,0.516791999,-8274,-1542,-583,88,23,-141,1
19:55.2,-0.488417149,-9.96466732,2.52827692,-0.476474881,-0.072082102,-0.520457208,-8296,-1657,-552,-281,-77,-47,1
19:55.3,-0.124498487,-9.323021889,1.757344007,0.454483747,0.062308256,0.419053555,-8192,-1265,-245,90,-95,111,1
19:55.6,-0.746990919,-9.454702377,5.23611927,-0.351858377,0.566882968,0.217468023,-8266,-1251,-214,324,-202,281,1
19:55.7,0.509964943,-12.81855583,1.8602947,-0.265115529,-0.278554559,-0.105068825,-8327,-1088,-567,361,358,-128,1
19:55.8,-0.33518824,-10.13944435,3.332728863,0.359188765,-0.017104227,-0.052534413,-8406,-733,-242,-84,126,-269,1
19:56.2,-2.372653961,-9.308655739,-0.375889659,0.293215305,0.361632228,0.128281698,-7964,-2352,-1526,75,481,-439,1
19:56.4,-0.806845963,-8.786720276,3.107673883,0.241902635,-0.577878535,-0.441044718,-7623,-2048,-1910,-278,147,-203,1
19:56.5,-0.232237563,-10.76672459,3.347094059,0.381179899,-0.318871647,-0.175929189,-7805,-2017,-1838,-167,364,-191,1
19:56.7,-0.067037649,-8.312667847,2.985569477,-0.146607652,-0.206472456,-0.113620937,-7376,-2367,-1885,-795,259,-172,1
19:56.9,0.897825658,-8.360552788,4.326322556,0.315206468,-0.152716309,-0.052534413,-7643,-2561,-1976,-904,146,-534,1
19:57.3,0.225054964,-8.798690796,3.627215624,0.216246292,-0.02687807,-0.172263995,-7492,-2585,-2629,-344,128,-63,1
19:57.4,0.430956304,-8.583212852,3.739742994,0.139277279,0.056199603,-0.042760566,-7522,-2593,-2612,-269,148,-42,1
19:57.5,-1.441309452,-9.988609314,2.375048161,-0.061086524,0.003665192,-0.146607652,-7460,-2245,-2473,-137,267,-266,1
19:57.6,1.544260144,-7.84340477,4.515464306,0.054977871,-0.019547688,0.173485726,-7357,-2240,-2296,-120,24,-120,1
19:57.7,-0.687135875,-10.43871975,2.401384354,-0.136833817,-0.057421334,-0.477696627,-7430,-2211,-2625,259,-329,-87,1
19:57.9,0.251391172,-8.724471092,3.703830004,-0.494800836,0.054977871,0.018325957,-7549,-2426,-2675,48,-303,-73,1
19:58.1,-1.11569798,-11.23359394,3.60327363,0.403171062,0.056199603,-0.109955743,-7153,-2201,-2643,229,121,-46,1
19:58.6,-0.229843363,-9.18894577,3.500322819,-0.438601255,0.26145032,0.193033412,-7461,-3077,-2902,2963,449,1089,1
19:58.7,0.577002585,-10.14183807,2.398990154,0.724486172,-0.133168623,-0.697608113,-7383,-2408,-2656,1767,332,411,1
19:58.8,0.881066203,-8.880094528,3.19865346,-0.428827405,0.155159771,0.631634653,-7356,-2253,-2295,1453,76,574,1
19:59.1,0.002394202,-9.390059471,3.277662039,-1.560149789,-0.05375614,0.411723167,-7787,-2625,-2604,-85,370,-270,1
19:59.3,-1.010353088,-9.720458984,-0.067037649,-0.152716309,0.42394048,0.073303826,-7724,-2484,-2191,-54,-278,-217,1
19:59.4,-1.010353088,-9.720458984,-0.067037649,-0.152716309,0.42394048,0.073303826,-7724,-2484,-2191,-54,-278,-217,1
19:59.6,-0.095768064,-10.56561184,1.106121182,-0.173485726,0.366519153,0.064751714,-7245,-3027,-2120,-170,276,-843,1
19:59.7,-0.761356115,-9.818621635,2.485181332,0.25167647,-0.003665192,0.035430185,-7442,-2764,-1999,-338,111,431,1
20:00.1,0.107739076,-9.54807663,2.52827692,-0.519235432,0.485027015,-0.073303826,-7480,-2906,-2018,113,-293,-104,1
20:00.2,-0.423773706,-10.3357687,0.165199921,-0.094073251,0.322536856,0.021991149,-7303,-2584,-2349,-1025,-308,72,1
20:00.3,-0.471657723,-9.897629738,0.545877993,0.332310706,-0.48014009,0.127059966,-7411,-2262,-2035,-2668,-648,-220,1
20:00.4,0.972045898,-8.410830498,4.642356873,0.434936047,-0.10751228,-0.230907068,-7100,-2470,-2316,-2237,-794,-577,1
20:00.6,-0.011971008,-10.7092638,3.655946016,-0.397062421,0.078190751,0.041538838,-7319,-2437,-2411,-1481,-86,-396,1
20:00.7,-0.011971008,-10.7092638,3.655946016,-0.397062421,0.078190751,0.041538838,-7319,-2437,-2411,-1481,-86,-396,1
20:01.0,0.323217243,-9.662998199,2.291250944,-0.23335053,-0.111177474,0.1001819,-7365,-2563,-2286,-1652,-33,-606,1
20:01.2,0.33518824,-9.270348549,3.445256233,-0.706160247,0.059864793,0.014660766,-7093,-2323,-2477,108,165,1098,1
20:01.5,0.768538773,-8.791508675,4.213795185,-0.124616511,-0.028099801,0.188146502,-7480,-2155,-2836,7,-69,-33,1
20:01.8,0.864306808,-8.585607529,3.928884983,0.019547688,0.034208454,0.300545692,-7159,-2143,-2506,284,110,10,1
20:02.0,1.029506683,-8.63109684,3.488351822,-0.315206468,-0.017104227,-0.07696902,-7472,-2022,-2821,1403,842,-103,1
20:02.1,-0.81881696,-9.124302864,4.319139957,0.684169054,0.142942473,0.439822972,-7748,-2356,-2647,841,293,-292,1
20:02.2,0.545877993,-8.999804497,3.873818398,-0.278554559,-0.138055548,-0.340862811,-7088,-2398,-2658,607,-275,60,1
20:02.3,-0.459686726,-8.456320763,4.297592163,-0.961501896,0.097738437,-0.083077677,-7294,-2249,-2451,-99,10,-2,1
20:02.4,0.830788016,-8.149862289,3.90254879,0.478918344,0.065973446,0.164933622,-7412,-2400,-2248,309,17,-18,1
20:02.5,0.830788016,-8.149862289,3.90254879,0.478918344,0.065973446,0.164933622,-7150,-2239,-2291,-80,-113,-257,1
20:02.7,0.739808321,-8.492233276,3.399766445,-0.091629788,0.004886922,0.02687807,-7447,-2428,-2615,-90,-13,-336,1
20:02.9,-0.885854602,-7.649474621,1.625662923,0.045204028,0.496022582,0.276111096,-7090,-2687,-2027,31,6,-860,1
20:03.0,-0.833182216,-10.84094524,2.418143749,0.2846632,-0.482583553,-0.291993588,-7106,-2434,-2601,-830,-61,-628,1
20:03.2,0.435744703,-9.526528358,3.766079187,0.706160247,-0.272445887,-0.17715092,-7100,-2688,-2293,-1312,-339,-351,1
20:03.3,-0.246602774,-8.583212852,4.805162907,0.452040285,0.094073251,0.006108652,-7138,-2434,-2271,-985,4,-139,1
20:03.6,1.304839969,-8.882488251,4.098873138,0.48991394,-0.072082102,-0.327423781,-7457,-2235,-2496,-268,-114,-62,1
20:03.8,1.22583127,-7.608773232,5.078101635,0.152716309,-0.091629788,0.045204028,-7093,-2375,-2519,305,-111,-16,1
20:03.9,-0.849941611,-10.58476543,2.205059767,-0.797789991,0.184481308,-0.056199603,-7399,-2231,-2629,247,-821,582,1
20:04.1,-0.950498104,-9.39484787,2.906560898,-0.129503429,0.234572262,0.05009095,-7474,-2185,-2463,386,-653,557,1
20:04.2,0.165199921,-6.526593685,6.624756336,0.089186326,0.028099801,0.327423781,-7321,-2040,-2421,262,-567,-65,1
20:04.6,0.311246216,-9.009381294,3.169923067,-0.376293004,0.0842994,0.370184332,-7304,-2315,-2337,335,-194,-72,1
20:04.7,0.598550439,-10.18732834,2.71502471,0.522900641,-0.021991149,-0.591317534,-7784,-2018,-1924,-39,-578,166,1
20:04.9,0.739808321,-9.576807022,3.090914488,0.695164621,-0.1001819,-0.508239865,-7606,-1967,-2109,367,-314,307,1
20:05.0,1.436521053,-9.564835548,3.217807055,-0.428827405,0.2003638,0.21013765,-7761,-2068,-2078,447,48,423,1
20:05.3,1.132457376,-7.908048153,3.588908434,0.73181659,-0.087964594,-0.091629788,-7588,-1737,-1874,286,15,71,1
20:05.5,1.687912226,-10.19211674,3.610456228,-0.0842994,-0.230907068,-0.043982297,-7970,-1692,-1761,-90,-10,-197,1
20:05.6,-0.421379507,-10.18972206,4.149151325,-0.471587956,0.102625363,0.063529983,-8037,-1760,-1505,-490,-805,-1727,1
20:05.8,0.378283858,-9.749189377,3.222595453,0.030543262,-0.052534413,-0.0842994,-7489,-2940,-1439,-665,131,-950,1
20:06.0,0.48123455,-8.992621422,3.112462282,0.105068825,-0.106290549,-0.065973446,-7781,-2849,-2131,34,381,-542,1
20:06.4,-0.158017308,-11.84172153,-0.169988319,-0.013439035,-0.140499011,-0.300545692,-7446,-2569,-2239,-812,291,-274,1
20:06.5,1.41018486,-8.55448246,3.256114244,-0.014660766,0.259006858,0.334754169,-7782,-2181,-2319,51,301,-110,1
20:06.6,0.232237563,-10.14423275,1.980004787,-0.183259577,-0.02321288,-0.199142069,-7690,-2233,-1964,71,-259,78,1
20:06.7,2.003946781,-9.327810287,3.167528868,0.309097826,-0.346971452,0.498466045,-7337,-2259,-2197,0,528,-170,1
20:06.8,0.464475125,-9.643844604,3.134010077,0.338419348,-0.135612085,-0.279776275,-7416,-2184,-2224,81,545,-380,1
20:06.9,0.019153614,-8.971074104,2.006340981,-0.26145032,0.094073251,-0.013439035,-7159,-2235,-2281,-281,84,-180,1
20:07.3,0.679953277,-11.36767006,2.30801034,0.443488181,-0.014660766,-0.384845108,-7370,-2632,-2368,-95,-90,-91,1
20:07.5,0.339976639,-10.03409958,2.190694571,0.785572708,-0.017104227,-0.752586007,-7347,-2441,-2012,168,-371,257,1
20:07.6,0.493205547,-9.402029991,3.15795207,-0.515570283,0.052534413,0.52656585,-7316,-2582,-1996,523,15,-322,1
20:07.7,0.124498487,-10.51054573,1.843535304,-0.003665192,-0.244346097,-0.403171062,-7708,-2283,-2128,132,3,-325,1
20:08.0,-0.471657723,-10.46745014,2.286462545,-0.802676916,0.212581098,0.05375614,-7310,-2833,-2055,-312,-544,133,1
20:08.3,1.082179189,-8.616731644,3.275267839,0.252898216,-0.090408057,-0.59253931,-7710,-2259,-1267,332,-412,282,1
20:08.4,0.976834297,-9.684545517,3.19625926,0.404392779,0.02687807,0.216246292,-7424,-2445,-1855,349,297,13,1
20:08.6,0.265756398,-8.494627953,3.502717018,-0.697608113,-0.056199603,-0.012217305,-8020,-2634,-1582,533,69,287,1
20:08.7,0.452504128,-11.6813097,2.806004286,-0.781907499,0.234572262,0.725707889,-8040,-2577,-1578,415,-350,274,1
20:08.8,-1.15161097,-6.488286495,0.861912608,1.369559884,0.283441484,-0.127059966,-7370,-2562,-1001,1389,-966,-307,1
20:08.9,-0.694318473,-9.765948296,3.550601006,0.513126791,-0.41050145,-0.653625786,-7404,-2279,-993,679,-891,-277,1
20:09.0,0.411802679,-13.64216137,1.850717902,-0.640186787,-0.134390354,0.065973446,-7640,-2667,-703,-604,-55,-112,1
20:09.1,-0.754173517,-8.604761124,3.720589399,0.228463605,-0.051312681,-0.21013765,-8011,-2458,-922,-402,-98,-74,1
20:09.3,0.629675031,-10.00058079,2.183511972,0.508239865,0.125838235,-0.568104684,-7987,-2609,-1083,252,-342,289,1
20:09.4,0.308852017,-9.603142738,3.34469986,-0.802676916,-0.061086524,0.409279704,-8052,-2563,-722,453,-161,-28,1
20:09.5,0.574608386,-9.39484787,3.093308687,0.162490159,-0.045204028,-0.450818539,-8043,-2283,-793,384,-585,337,1
20:09.7,0.356736064,-9.828198433,3.066972494,0.766025007,0.05009095,0.175929189,-7973,-2581,-509,401,-614,328,1
20:09.9,-0.790086567,-7.781155586,0.653617084,0.781907499,0.078190751,-0.235793978,-7902,-2643,-329,99,-279,-15,1
20:10.0,0.9648633,-11.06839466,2.628833532,-0.05009095,0.109955743,-0.061086524,-7581,-2686,-631,849,-125,-37,1
20:10.1,-0.344765037,-9.670180321,1.185129881,-0.279776275,0.183259577,-0.094073251,-8245,-2010,-395,663,530,72,1
20:10.2,0.076614454,-9.095572472,3.754108191,-0.362853944,0.118507855,0.012217305,-7906,-2562,-560,-640,-58,98,1
20:10.3,0.076614454,-9.095572472,3.754108191,-0.362853944,0.118507855,0.012217305,-7906,-2562,-560,-640,-58,98,1
20:10.5,1.417367458,-7.422025204,4.302380562,-0.802676916,0.073303826,0.07696902,-8019,-2218,-635,513,-13,-29,1
20:10.9,-0.622492433,-8.84896946,1.587355733,-0.371406078,0.211359382,-0.045204028,-8207,-1997,-303,12,-423,362,1
20:11.0,1.845929503,-9.121908188,4.321534157,0.0842994,-0.237015709,0.012217305,-7820,-1940,-138,95,-349,303,1
20:11.1,-0.725443125,-9.88805294,1.546654344,0.0842994,0.097738437,-0.108734012,-8259,-2102,105,-418,-311,-65,1
20:11.2,1.395819545,-9.172186852,3.833117008,-0.313984722,0.09285152,0.178372651,-8246,-2172,-340,102,172,-264,1
20:11.3,-0.486022949,-11.11867237,1.364694953,-0.282219738,0.213802829,-0.263893783,-8273,-2101,10,-142,-266,60,1
20:11.4,0.368707061,-9.229647636,3.550601006,-0.443488181,0.146607652,0.197920337,-7874,-1980,-384,-339,269,-295,1
20:11.7,-0.684741676,-12.30859089,1.654393315,0.202807263,-0.073303826,-0.416610092,-7847,-2406,-431,-401,516,-589,1
20:11.9,1.101332784,-10.53448772,-0.627280831,-0.488692194,-0.17715092,-0.216246292,-7560,-2673,-508,-1446,829,-1395,1
20:12.0,-0.011971008,-11.0133276,2.240972757,0.07696902,0.019547688,-0.06963864,-7821,-2821,-761,-799,581,-217,1
20:12.2,1.441309452,-9.02374649,3.653551817,-0.112399206,-0.043982297,-0.051312681,-7800,-2475,-1281,-207,324,-371,1
20:12.3,-0.521935999,-9.866505623,2.815581083,0.13072516,0.140499011,0.035430185,-7585,-2668,-1285,-526,167,-281,1
20:12.7,1.522712231,-9.0740242,3.078943491,1.037249207,-0.058643065,-0.054977871,-7579,-3164,-1480,-1001,996,-252,1
20:12.8,0.038307227,-10.67095661,1.271321058,0.373849541,0.042760566,-0.096516706,-7474,-2487,-1921,-434,452,-567,1
20:12.9,1.051054597,-8.159439087,4.010287762,-0.455705464,0.048869219,0.146607652,-7536,-2495,-1935,-487,811,-612,1
20:13.0,1.177947283,-9.241618156,2.592920542,1.329242826,-0.149051115,-0.167377084,-7445,-2844,-2046,-26,327,-126,1
20:13.2,0.20350714,-10.62786102,1.163581967,-0.455705464,-0.013439035,0.042760566,-7472,-2752,-2120,-283,63,-157,1
20:13.9,0.502782345,-7.005434036,3.711012602,1.508837104,-1.904677868,0.332310706,-7159,-3195,-2419,-604,-596,-280,1
20:14.5,0.948103845,-8.537723541,4.472368717,0.36774087,0.113620937,0.244346097,-7322,-2062,-2431,-101,194,576,1
20:14.6,0.919373453,-10.3501339,2.82036972,0.23335053,-0.10751228,-0.390953749,-7694,-1776,-2346,294,-276,369,1
20:14.7,1.096544385,-8.597578049,4.192247391,-0.334754169,0.030543262,0.287106663,-7356,-1790,-2385,301,5,318,1
20:14.8,0.244208574,-9.986215591,3.177105665,-0.445931643,-0.031764992,-0.299323976,-7691,-1751,-2195,-3,172,-37,1
20:14.9,1.608903527,-7.158663273,5.324704647,0.230907068,0.149051115,0.096516706,-7415,-1725,-2222,-30,310,-29,1
20:15.0,-0.433350503,-9.516951561,4.338293552,0.068416908,0.213802829,0.520457208,-7644,-1679,-2330,271,-54,-102,1
20:15.1,1.386242747,-7.91762495,4.757278919,0.068416908,0.086742863,-0.34452799,-7324,-1782,-2343,-31,-154,-323,1
20:15.2,1.091755986,-8.717288017,4.280832767,0.681725621,-0.091629788,-0.360410482,-7577,-1756,-2370,-304,264,95,1
20:15.4,0.380678058,-9.361329079,3.447650433,-0.249233022,-0.182037845,-0.353080124,-7362,-1724,-2169,323,-327,60,1
20:15.5,1.034295082,-9.042900085,3.27287364,-0.399505883,0.097738437,0.254119933,-7371,-1740,-1931,265,20,44,1
20:15.6,-0.007182605,-9.789890289,2.980781078,-0.278554559,-0.009773844,-0.102625363,-7732,-1755,-2316,-101,263,112,1
20:15.7,1.362300754,-8.485051155,4.431667328,0.10751228,0.035430185,0.068416908,-7374,-1747,-2032,331,-259,-28,1
20:15.8,0.047884032,-9.085995674,4.436455727,0.188146502,0.097738437,-0.120951317,-7677,-1905,-1966,23,-16,-55,1
20:15.9,1.125274777,-8.339004517,4.103661537,0.030543262,-0.008552114,0.146607652,-7406,-1749,-1983,-105,-132,-49,1
20:16.0,0.486022949,-9.35654068,4.010287762,0.195476875,0.072082102,-0.252898216,-7636,-1834,-1984,-280,-62,-126,1
20:16.2,0.497993946,-8.829815865,3.761290789,0.003665192,-0.018325957,-0.35430184,-7560,-1739,-1968,44,-328,97,1
20:16.3,1.034295082,-8.829815865,4.089296341,-0.106290549,-0.008552114,0.263893783,-7582,-1861,-1943,352,136,-140,1
20:16.4,1.034295082,-8.829815865,4.089296341,-0.106290549,-0.008552114,0.263893783,-7582,-1861,-1943,352,136,-140,1
20:16.5,0.986411095,-9.337387085,2.686294317,-0.421497017,0.146607652,0.171042264,-7641,-1902,-2145,-50,297,-379,1
20:16.6,0.260968,-9.40681839,3.076549292,-0.182037845,0.120951317,-0.15393804,-7648,-1762,-2126,-109,-274,0,1
20:16.8,0.878672004,-9.246406555,3.055001259,-0.329867244,0.22357668,0.654847562,-7805,-1748,-2150,-103,-367,120,1
20:16.9,0.878672004,-9.246406555,3.055001259,-0.329867244,0.22357668,0.654847562,-7805,-1748,-2150,-103,-367,120,1
20:17.2,0.672770679,-9.33020401,3.665522814,0.58276546,0.112399206,-0.276111096,-7650,-1967,-1703,-147,-88,-256,1
20:17.5,0.730231524,-9.083600998,3.411737442,-0.32131511,0.081855945,0.432492584,-7568,-2054,-2061,-357,625,12,1
20:17.6,0.912190855,-9.423578262,3.047818661,0.30787608,-0.15393804,-0.498466045,-7947,-2012,-1788,-398,-61,-132,1
20:17.7,1.745373011,-8.317456245,4.034229755,-0.128281698,0.010995574,0.207694188,-7343,-2178,-2094,-156,-266,-323,1
20:18.1,-1.546654344,-9.682151794,0.248996973,-0.199142069,1.390329242,0.474031419,-7171,-2903,-2635,-363,1105,-907,1
20:18.2,-2.434903145,-8.688557625,0.086191259,0.029321533,0.663399637,0.142942473,-6797,-3115,-2452,-155,1319,-1148,1
20:18.3,-1.89860189,-9.880870819,0.656011283,-0.128281698,-0.040317107,-0.048869219,-6897,-3372,-2923,30,825,-439,1
20:18.4,-1.754949808,-9.809044838,1.575384736,0.017104227,-0.27488935,0.048869219,-6863,-3047,-2789,-26,234,-201,1
20:18.6,-1.568202138,-9.622296333,1.520318031,-0.101403631,-0.182037845,-0.266337246,-6788,-3198,-2793,-63,-114,98,1
20:18.9,-1.271321058,-9.552865028,1.611297727,0.015882496,0.175929189,-0.021991149,-6791,-2971,-2771,268,-67,-83,1
20:19.0,-0.993593693,-9.765948296,1.369483352,0.078190751,-0.010995574,-0.102625363,-7008,-3172,-2723,-11,-93,375,1
20:19.1,-1.091755986,-10.06522369,0.531512797,0.002443461,-0.293215305,-0.024434609,-6807,-3095,-2759,116,-83,529,1
20:19.5,0.227449164,-9.203310966,4.285621166,0.194255143,-0.113620937,-0.323758572,-7059,-2295,-2734,-528,-153,529,1
20:19.6,0.086191259,-8.717288017,3.387795448,1.020144939,-0.23335053,-0.02687807,-7100,-2179,-2906,21,-270,358,1
20:20.0,0.14844051,-9.380482674,3.301604033,-0.063529983,0.009773844,-0.004886922,-7120,-2241,-2835,-2,79,-326,1
20:20.1,0.18435353,-9.363722801,3.394978046,-0.045204028,0.02321288,-0.009773844,-7117,-2280,-2829,129,98,-351,1
20:20.2,0.330399841,-9.48343277,3.706224203,-0.21013765,0.199142069,0.030543262,-7133,-2576,-2513,277,30,-304,1
20:20.3,-0.033518825,-8.923190117,4.072536945,-0.504574716,0.781907499,-0.188146502,-7130,-2616,-2503,299,96,-334,1
20:20.4,0,-10.02931118,1.467645645,-0.524122357,0.929736912,-0.173485726,-7085,-2623,-2510,379,272,78,1
20:20.5,0.18674773,-10.0460701,0.758961916,-0.342084527,0.097738437,-0.00122173,-7074,-2644,-2537,261,308,59,1
20:20.7,-0.40940848,-7.740454197,4.225766182,1.248608589,-1.205847979,0.35430184,-7295,-2585,-2506,-394,58,-187,1
20:20.8,0.284909993,-8.142680168,4.496310711,-0.365297407,0.136833817,-0.449596822,-7055,-2522,-2929,-408,-60,-561,1
20:20.9,0.51954174,-9.169792175,3.42131424,2.202780008,-0.245567828,-0.042760566,-7262,-2472,-2821,-287,4,-152,1
20:21.0,0.529118598,-9.26556015,4.240131378,-0.790459633,-0.271224171,-0.273667634,-7131,-2513,-2530,-208,-325,-342,1
20:21.1,0.562637389,-8.523358345,4.759673119,-0.054977871,-0.054977871,-0.062308256,-7250,-2504,-2537,-548,-278,-301,1
20:21.2,1.319205165,-7.991845131,5.087678432,0.324980319,-0.039095376,-0.167377084,-7172,-2490,-2938,-280,-123,-17,1
20:21.3,-0.560243189,-9.241618156,3.787626982,-0.736703515,0.048869219,0.604756594,-7193,-2484,-2705,11,-1,278,1
20:21.4,1.00317049,-8.264783859,5.734113216,1.049466491,-0.127059966,-0.44715336,-7097,-2475,-2926,-126,215,366,1
20:21.9,0.979228497,-8.118738174,4.90811348,0.299323976,-0.094073251,-0.361632228,-7436,-2623,-2464,-49,347,48,1
20:22.1,1.364694953,-7.862558365,5.025429249,0.616973877,0.024434609,-0.272445887,-7275,-2646,-2538,117,109,73,1
20:22.8,-0.414196908,-9.289502144,4.718971729,0.315206468,0.140499011,-0.168598801,-7366,-2477,-2398,-49,33,-59,1
20:22.9,0.847547412,-8.35097599,4.639962673,-0.004886922,0.015882496,0.276111096,-7050,-2475,-2212,-57,95,-296,1
20:23.0,0.756567717,-8.458714485,4.587290287,0.406836241,0.024434609,-0.554665625,-7302,-2492,-2205,82,69,9,1
20:23.1,0.703895271,-8.853757858,4.446032524,-0.35430184,0.191811681,0.616973877,-7070,-2559,-2222,296,32,70,1
20:23.2,0.979228497,-9.033323288,3.703830004,-0.024434609,-0.152716309,-0.469144523,-7301,-2467,-2346,57,86,-93,1
20:23.5,0.577002585,-8.664615631,4.304774761,-0.224798411,0.295658767,0.681725621,-7769,-2588,-2361,62,307,300,1
20:23.6,1.740584612,-8.607154846,4.604049683,-0.113620937,-0.129503429,-0.50335294,-7323,-2608,-2377,-114,-177,282,1
20:23.7,-0.265756398,-9.21528244,4.211400986,0.439822972,0.047647487,0.349414915,-7106,-2456,-2384,78,-270,-66,1
20:23.8,1.101332784,-9.576807022,3.751713991,0.241902635,0.043982297,0.010995574,-7534,-2498,-2327,-90,121,229,1
20:23.9,0.213083953,-8.46589756,4.967968464,-0.327423781,-0.113620937,0.054977871,-7404,-2423,-1987,-370,109,77,1
20:24.1,-0.016759412,-8.058882713,3.94085598,-0.471587956,0.845437527,0.161268428,-7426,-2663,-2365,-270,107,-300,1
20:24.5,0.756567717,-9.346963882,3.873818398,0.420275301,-0.169820532,-0.414166629,-7065,-2665,-2534,-131,277,-101,1
20:24.6,1.309628367,-8.482656479,4.570530891,-0.273667634,0.118507855,0.443488181,-7520,-2632,-2493,-352,134,304,1
20:24.7,0.160411507,-10.59673691,2.983175278,-0.221133217,-0.238237441,-0.155159771,-7083,-2564,-2295,-47,-229,291,1
20:24.8,0.905008256,-8.255207062,4.647145271,-0.8344419,0.043982297,0.012217305,-7436,-2268,-2492,-331,-41,122,1
20:24.9,0.825999558,-9.464279175,3.667917013,0.709825397,-0.149051115,-0.437379509,-7503,-2234,-2440,-90,18,-44,1
20:25.0,0.526724398,-8.851364136,4.244919777,-0.237015709,0.174707457,0.689055979,-7442,-2293,-2527,107,-17,-91,1
20:25.1,0.792480767,-8.829815865,3.768473387,0.06963864,-0.114842668,-0.340862811,-7494,-2287,-2600,304,-139,293,1
20:25.3,1.778891921,-9.959878922,2.913743496,-0.455705464,0.112399206,0.056199603,-7689,-2436,-2391,156,-226,274,1
20:25.4,0.59615624,-9.672574997,3.921702385,-0.75502944,-0.10751228,-0.017104227,-7761,-2424,-2011,1114,-899,589,1
20:25.5,1.283292055,-8.566453934,4.168305397,0.62919122,0.052534413,-0.338419348,-7549,-1972,-1974,690,-694,351,1
20:25.7,1.192312479,-9.277531624,3.895366192,0.156381503,-0.167377084,-0.244346097,-7781,-2369,-1917,230,-856,269,1
20:25.9,0.493205547,-9.06205368,3.991134167,-0.794124842,-0.045204028,0.106290549,-7989,-2390,-1664,414,-251,125,1
20:26.4,0.380678058,-8.995016098,4.118026733,-1.359786034,-0.230907068,-0.175929189,-7956,-2289,-631,479,-393,81,1
20:26.5,1.651999116,-9.30386734,2.834734917,0.540004849,0.101403631,-0.134390354,-7666,-2599,-622,193,52,-100,1
20:26.8,-0.251391172,-8.999804497,5.295974255,-0.35430184,0.221133217,0.167377084,-8313,-2183,-638,-344,-27,-269,1
20:27.5,0.081402861,-9.809044838,2.372653961,-1.080009699,0.147829384,0.065973446,-7965,-2635,-1143,-285,544,99,1
20:27.6,-3.751713991,-3.232172251,0.18674773,1.573588848,-0.101403631,-0.412944913,-7635,-2491,-1290,-809,137,-365,1
20:28.0,1.395819545,-9.21528244,4.115632534,0.65240407,-0.00122173,-0.404392779,-8041,-2638,-1327,-783,238,-262,1
20:28.2,-0.387860686,-6.179434776,3.560178041,0.519235432,-0.145385921,-0.271224171,-7326,-2476,-1444,-394,530,-522,1
20:28.4,-0.318428814,-9.294290543,3.16034627,0.009773844,0.241902635,-0.043982297,-7640,-2677,-1638,-793,431,-237,1
20:28.5,0.414196908,-9.210494041,3.150769472,0.245567828,0.007330383,-0.034208454,-7567,-2831,-1822,-712,869,-636,1
20:28.8,0.998382092,-8.468291283,3.284844637,-0.146607652,-0.02321288,0.010995574,-7791,-2848,-1778,-212,277,-321,1
20:28.9,0.16759412,-9.665391922,2.755726099,-0.031764992,0.097738437,0.152716309,-7471,-2928,-2147,-141,-57,-167,1
20:29.1,2.070984364,-7.261613846,4.637568474,2.45690012,-0.056199603,0.498466045,-7796,-2543,-2343,-365,232,-277,1
20:29.2,1.161187768,-11.35091019,3.912125587,-1.345125318,0.240680903,0.619417369,-7565,-2670,-2223,27,314,67,1
20:29.3,0.735019922,-11.39640045,-0.337582439,-2.827084303,0.676838696,0.1001819,-7781,-2655,-2245,13,318,-284,1
20:29.4,-0.555454791,-10.12507915,-2.755726099,0.635299861,1.167974353,0.943175912,-6899,-2944,-2061,313,1357,-798,1
20:29.5,-2.035071373,-9.167398453,-0.414196908,1.02991879,-0.265115529,-0.428827405,-6586,-3400,-2397,92,1237,-955,1
20:29.7,0.294486821,-10.58237171,1.343147159,0.733038306,-0.853989601,-0.66217792,-6325,-3856,-2822,-309,989,-1119,1
20:30.0,-0.660799682,-8.142680168,2.619256735,-0.88086766,0.313984722,0.035430185,-6551,-3040,-3033,-619,-879,300,1
20:30.1,0.339976639,-9.799467087,0.397437483,0.91385442,-0.091629788,0.144164205,-7079,-3041,-2731,-450,-616,237,1
20:30.2,0.423773706,-6.43321991,4.94642067,0.178372651,-0.07696902,-0.195476875,-6905,-2917,-2624,225,-333,520,1
20:30.9,2.063801765,-9.495404243,3.335123062,-0.150272846,-0.074525557,0.097738437,-7073,-2877,-2447,461,-112,305,1
20:31.0,-0.433350503,-9.457097054,3.749319792,0.439822972,-0.094073251,-0.025656341,-7543,-2820,-2182,393,-285,-23,1
20:31.1,0.624886632,-9.464279175,3.572149038,-0.603534877,0.190589949,0.329867244,-7059,-2839,-2299,-101,-336,92,1
20:31.2,0.201112941,-10.07958889,2.054224968,-0.13072516,-0.015882496,-0.178372651,-7443,-2531,-2269,-31,-258,290,1
20:31.3,0.270544797,-10.13226128,2.67432332,0.194255143,-0.009773844,-0.306654364,-7107,-2528,-2247,89,-323,-107,1
20:31.5,0.785298169,-9.004592896,3.588908434,0.327423781,-0.019547688,-0.138055548,-7134,-2915,-2613,47,-19,262,1
20:31.6,0.694318473,-9.414001465,3.742137194,-0.207694188,-0.054977871,-0.090408057,-7162,-2560,-2384,147,-338,-63,1
20:31.7,1.213860273,-10.04367638,2.82276392,0,0.112399206,0.015882496,-7433,-2503,-2335,268,-364,398,1
20:31.8,1.213860273,-10.04367638,2.82276392,0,0.112399206,0.015882496,-7433,-2503,-2335,268,-364,398,1
20:31.9,1.127668977,-9.105149269,5.123591423,0.522900641,0.241902635,0.8344419,-7381,-2448,-1970,119,-109,169,1
20:32.0,0.529118598,-8.939949036,3.339911461,0.614530444,0.078190751,-0.296880513,-7328,-2249,-1938,-1,-172,-109,1
20:32.4,0.361524463,-9.229647636,3.799597979,0.117286131,0.2846632,0.488692194,-7347,-2551,-1759,546,114,125,1
20:32.6,1.520318031,-8.851364136,3.596091032,0.211359382,0.080634214,0.311541289,-7753,-2105,-1532,877,-726,1461,1
20:32.8,2.023100376,-10.34774017,3.126827478,-0.599869668,-0.103847094,0.434936047,-7601,-1864,-1212,273,-816,625,1
20:32.9,-0.598550439,-8.176198959,5.260061264,0.348193198,0.522900641,-0.007330383,-8218,-1431,-1332,-186,-119,-49,1
20:33.0,1.118092179,-10.26154804,1.180341482,0.019547688,0.114842668,0.222354949,-7647,-1513,-1348,-95,-432,-63,1
20:33.2,-0.677559078,-9.380482674,3.095702887,-0.450818539,0.097738437,0.035430185,-7834,-1741,-1003,-63,-340,-122,1
20:33.5,0.105344877,-8.257601738,4.292803764,-0.343306273,-0.111177474,0.080634214,-8282,-1647,-785,1277,-409,17,1
20:33.6,0.009576807,-11.51371574,0.89064306,0.356745303,0.037873644,-0.06963864,-7928,-1498,-598,449,-486,-124,1
20:33.7,1.810016513,-7.905653954,2.288856745,-0.430049121,0.003665192,0.184481308,-8107,-1440,-615,358,-147,109,1
20:33.8,0.026336219,-10.70687008,2.60010314,0.103847094,-0.091629788,-0.139277279,-8295,-1482,-272,593,-502,101,1
20:33.9,1.194706678,-9.232041359,2.56658411,-0.328645498,0.041538838,0.045204028,-8255,-1471,-282,557,-498,99,1
20:34.1,0.407014281,-8.995016098,2.202665567,-0.670730054,0.13072516,0.0842994,-8233,-1709,-260,-67,-562,-557,1
20:34.3,0.177170932,-9.662998199,0.33279404,-0.538783133,0.097738437,0.2003638,-8088,-1925,199,250,-613,9,1
20:34.4,0.773327172,-10.14423275,1.917755604,0.086742863,-0.059864793,-0.102625363,-7841,-2172,526,625,-425,-257,1
20:34.5,-0.220266551,-9.804255486,0.620098233,-0.277332813,0.024434609,0.117286131,-8095,-1784,419,-114,-290,-361,1
20:34.6,1.63763392,-9.354146004,3.974374771,0.409279704,-0.072082102,-0.015882496,-8087,-2096,441,93,-326,-319,1
20:34.7,-1.230619669,-8.719682693,1.505952835,-0.183259577,0.239459172,0.025656341,-8166,-2090,455,-56,106,-355,1
20:34.8,1.534683347,-9.627084732,2.477998734,0,-0.133168623,-0.086742863,-8181,-2143,797,105,-269,-309,1
20:34.9,0.237025961,-9.720458984,2.782062292,0.101403631,0.18692477,0.138055548,-7860,-2383,468,347,2,-371,1
20:35.2,-0.37349546,-8.860940933,3.790021181,0.17715092,0.142942473,-0.063529983,-7876,-2581,747,-189,-309,28,1
20:35.3,1.405396342,-8.482656479,3.797203779,0.548556983,-0.048869219,-0.150272846,-8211,-2246,648,-208,-81,-76,1
20:35.4,0.689530075,-8.968679428,2.26730895,-0.364075691,-0.014660766,0.031764992,-7863,-2276,689,59,91,97,1
20:35.5,0.864306808,-9.780313492,2.604891539,0.386066824,0.030543262,-0.070860371,-7933,-2419,737,258,-112,259,1
20:35.6,0.644040287,-9.373299599,2.774879694,-0.366519153,0.040317107,0.087964594,-7901,-2425,721,271,-103,258,1
20:35.7,1.132457376,-9.409213066,3.01190567,0.315206468,0.008552114,-0.106290549,-8243,-2366,683,-51,-266,-20,1
20:35.8,0.20590134,-9.694122314,2.516305923,-0.22357668,0.065973446,0.074525557,-7889,-2183,696,-53,36,-60,1
20:36.1,1.505952835,-9.646238327,4.146757126,0.216246292,-0.205250725,-0.030543262,-7913,-2195,674,98,-277,-69,1
20:36.4,0.44532153,-9.686940193,2.885013103,-0.334754169,0.05375614,0.04642576,-7847,-2223,665,-113,10,-93,1
20:36.5,0.234631762,-10.34295177,3.275267839,0.078190751,0.146607652,-0.111177474,-8254,-2348,664,111,258,-330,1
20:36.6,1.702277422,-8.880094528,4.601655483,0.114842668,-0.117286131,0.009773844,-8067,-2027,674,80,259,-315,1
20:36.7,-0.306457818,-10.01255131,2.221819162,-0.048869219,0.199142069,-0.133168623,-8295,-2355,703,130,259,355,1
20:37.3,2.039859772,-8.116343498,5.770026207,-0.008552114,-0.090408057,0.054977871,-8154,-2128,707,286,-91,-64,1
20:37.5,2.604891539,-8.480262756,5.080495834,0.142942473,0.139277279,0.064751714,-8265,-2143,757,84,-193,272,1
20:38.0,0.550666392,-8.74601841,2.571372509,-1.777617812,-0.179594383,0.669508338,-8080,-1929,700,-309,378,64,1
20:38.1,-0.086191259,-10.49139214,-0.533906996,-0.939510763,-0.366519153,1.011592865,-8182,-1706,1129,28,273,-76,1
20:38.2,-2.446874142,-10.01015759,-1.953668594,1.038470864,-0.941954195,0.92729342,-7762,-2309,776,-2650,983,-2012,1
20:38.4,-0.469263524,-8.700529099,3.629609823,0.063529983,-1.583362699,-0.309097826,-7403,-2884,91,-3604,2078,-2023,1
20:38.5,-0.447715729,-8.865729332,4.01747036,0.464257598,0.091629788,-0.193033412,-7528,-2691,-133,-3490,1945,-1964,1
20:38.6,-1.367089152,-8.66940403,2.334346771,0.152716309,0.0842994,-0.21013765,-7492,-2739,-576,-3945,2203,-1938,1
20:38.9,0.294486821,-9.629479408,2.695871115,0.322536856,-0.120951317,-0.112399206,-7140,-2236,-2955,-643,63,563,1
20:39.1,-0.016759412,-8.920795441,2.410961151,-1.69209671,-0.013439035,-0.530231059,-7121,-2376,-2790,-574,41,-56,1
20:39.2,-0.016759412,-8.920795441,2.410961151,-1.69209671,-0.013439035,-0.530231059,-7121,-2376,-2790,-574,41,-56,1
20:39.3,1.113303781,-9.847352028,3.521870613,-0.103847094,0.096516706,-0.108734012,-7287,-2174,-3129,-361,-286,207,1
20:39.8,0.732625723,-7.860164165,5.176264286,-0.422718763,0.136833817,0.037873644,-7093,-1736,-2975,280,155,-33,1
20:40.0,-0.569819987,-9.694122314,3.737348795,-0.160046697,-0.008552114,-0.188146502,-7268,-1700,-3021,-85,-1,115,1
20:40.2,0.402225882,-9.552865028,3.394978046,0.45692721,-0.10751228,-0.579100251,-7070,-1697,-3006,-89,303,67,1
20:40.3,0.337582439,-8.688557625,4.187458992,0.017104227,0.201585531,0.5497787,-7288,-1753,-3186,376,-103,79,1
20:40.4,0.337582439,-8.688557625,4.187458992,0.017104227,0.201585531,0.5497787,-7288,-1753,-3186,376,-103,79,1
20:40.6,0.059855044,-8.643068314,4.525041103,0.262672067,-0.025656341,-0.195476875,-7476,-1665,-2814,-79,-303,110,1
20:40.7,0.806845963,-9.33020401,3.967192173,0.291993588,-0.091629788,-0.199142069,-7142,-1816,-2798,340,127,-45,1
20:40.8,0.694318473,-8.875306129,4.57531929,0.157603234,0.230907068,0.311541289,-7453,-1497,-2809,-276,-276,544,1
20:40.9,-0.325611442,-10.53209305,3.126827478,-1.287703991,-0.156381503,-0.401949346,-7313,-1463,-2746,38,23,99,1
20:41.0,0.809240162,-8.817844391,4.103661537,-0.140499011,0.010995574,0.360410482,-7463,-1818,-2714,-122,-346,55,1
20:41.2,0.59376204,-9.267954826,3.34230566,-0.502131224,0.191811681,0.439822972,-7316,-1863,-2709,77,-77,-282,1
20:41.6,1.422155857,-8.698134422,4.314351559,0.357967019,-0.052534413,-0.279776275,-7461,-1816,-2773,370,61,47,1
20:41.8,0.591367841,-9.129091263,3.94085598,0.189368233,-0.074525557,-0.202807263,-7685,-1804,-2840,-35,-378,-50,1
20:41.9,-0.067037649,-9.193734169,4.355052948,0.098960169,0.160046697,0.373849541,-7698,-1907,-2258,336,95,-49,1
20:42.0,0.720654726,-9.416395187,3.845088005,-1.097113967,-0.065973446,0.002443461,-7378,-1804,-2573,123,-279,-223,1
20:42.1,-1.000776291,-9.40681839,0.847547412,0.290771842,0.015882496,-0.381179899,-7539,-1757,-2224,-192,-126,-686,1
20:42.3,0.423773706,-8.803479195,3.675099611,-0.133168623,0.07696902,0.518013716,-7540,-1743,-2287,-623,-25,-876,1
20:42.5,0.260968,-9.437943459,3.497928619,0.588874102,-0.241902635,-0.653625786,-7732,-1773,-2597,383,23,142,1
20:42.6,0.732625723,-8.777143478,4.338293552,-0.886976361,0.124616511,0.068416908,-7529,-1869,-2215,271,-544,-68,1
20:42.7,1.094150186,-8.157045364,4.477157116,0.333532423,0.081855945,-0.127059966,-7367,-2094,-2660,288,-307,-122,1
20:42.8,0.646434486,-10.27351952,3.699041605,0.235793978,0.025656341,-0.328645498,-7807,-2138,-2247,297,36,98,1
20:42.9,0.397437483,-8.075642586,5.051765442,-0.647517145,-0.039095376,0.366519153,-7529,-1963,-2273,558,-547,127,1
20:43.0,0.311246216,-9.0740242,3.509899616,0.518013716,0.018325957,-0.279776275,-7511,-1954,-2248,575,-235,76,1
20:43.5,0.304063618,-10.21366405,4.450820923,-0.509461641,0.161268428,-0.494800836,-7963,-2140,-1704,-97,-513,-347,1
20:43.6,1.15161097,-9.287108421,3.356670856,0.636521578,-0.068416908,0.032986723,-8004,-2093,-1889,-113,-534,-366,1
20:43.9,0.775721371,-8.731653214,3.921702385,0.448375076,-0.237015709,-0.568104684,-7413,-1949,-1265,-398,-433,-838,1
20:44.5,0.304063618,-8.913613319,3.924096584,0.10751228,0.239459172,0.532674491,-7716,-2387,-1490,341,107,-87,1
20:44.6,0.349553436,-10.3261919,2.56897831,-0.88086766,-0.118507855,-0.52656585,-8040,-2079,-1419,585,-317,172,1
20:44.9,-0.505176544,-10.24239445,3.066972494,-0.338419348,0.152716309,0.393397212,-7994,-2097,-1641,227,-125,-2,1
20:45.2,-0.143652096,-9.306262016,3.526659012,-1.005484223,-0.218689755,0.194255143,-7611,-2352,-1239,391,23,-333,1
20:46.1,1.668758631,-8.406042099,4.177882195,-0.500909507,0.034208454,0.218689755,-8031,-1924,-1388,111,188,93,1
20:46.3,1.889025092,-8.054094315,3.574543238,0.131946892,0.05009095,0.768468499,-7553,-2036,-1245,-584,370,-276,1
20:46.5,1.089361787,-8.520963669,4.216189384,0.095294975,0.094073251,-0.329867244,-7576,-1931,-1187,-188,-98,-321,1
20:46.7,0.471657723,-8.769960403,3.153163671,-0.474031419,0.324980319,0.85765481,-8059,-2119,-1586,-388,211,-374,1
20:46.9,0.411802679,-9.84974575,3.131615877,0.334754169,-0.028099801,-0.120951317,-7598,-2134,-1817,-574,521,-166,1
20:47.0,1.036689281,-9.198522568,3.296815634,-0.2846632,0.067195177,0.32131511,-7806,-2040,-2057,-200,906,-675,1
20:47.2,-0.02873042,-9.763554573,3.057395458,0.039095376,0.306654364,0.729373097,-7304,-2282,-2041,-327,524,-870,1
20:47.3,1.903390408,-10.04846478,3.114856482,0.05375614,-0.199142069,-0.579100251,-7713,-2234,-2143,-237,599,-736,1
20:47.6,0.117315881,-8.585607529,3.19625926,0.21013765,0.151494578,0.359188765,-7141,-2628,-2299,-107,176,-118,1
20:47.9,-0.629675031,-10.56800652,2.573766708,-0.087964594,0.042760566,-0.032986723,-7426,-2587,-2688,-415,453,17,1
20:48.1,0.938527048,-7.991845131,5.331887245,1.005484223,0.156381503,-0.05009095,-7446,-2617,-2641,-435,415,-438,1
20:48.2,-1.012747288,-10.37886429,3.01190567,-0.332310706,0.103847094,0.547335267,-7121,-2464,-2556,-72,145,-368,1
20:48.3,1.989581585,-7.764396191,4.489128113,0.47036624,-0.039095376,-0.502131224,-7531,-2661,-2467,-60,151,-352,1
20:48.4,-0.864306808,-11.66215611,1.742978811,-0.976162672,0.171042264,0.25167647,-7355,-2618,-2657,-67,305,-321,1
20:48.5,1.314416766,-9.337387085,2.561795712,-0.318871647,-0.003665192,0.477696627,-7141,-2525,-2502,66,284,-191,1
20:48.7,0.995987892,-9.739612579,2.513911724,-0.568104684,0.061086524,0.427605659,-7154,-2455,-2511,-78,281,87,1
20:48.9,0.588973641,-9.325415611,3.021482468,-0.063529983,0.160046697,0.525344133,-7257,-2491,-2524,120,264,-128,1
20:49.0,0.641646028,-9.26556015,2.755726099,0.213802829,-0.180816114,-0.406836241,-7487,-2847,-2678,-330,33,-104,1
20:49.3,0.10295067,-6.660669327,3.323152065,0.689055979,-0.02321288,-0.426383942,-7228,-2614,-2535,-67,87,394,1
20:49.6,0.088585466,-9.370905876,3.557783842,-1.004262447,-0.113620937,0.252898216,-7165,-2225,-2586,19,-275,-513,1
20:49.7,-0.275333196,-7.524975777,2.741360903,1.390329242,0.649960637,0.337197602,-7061,-2602,-2286,-272,53,-844,1
20:49.9,0.591367841,-12.58631802,2.655169725,-0.339641064,-0.180816114,-0.061086524,-7287,-2886,-2493,-544,-32,-443,1
20:50.0,0.095768064,-10.12507915,2.49236393,0.68539083,-0.004886922,-0.333532423,-7069,-2883,-2823,-549,191,-249,1
20:50.5,-0.215478152,-5.98550415,3.701435804,0.294437051,-0.173485726,-0.138055548,-6835,-2495,-2712,101,37,87,1
20:50.6,-0.181959331,-11.04924107,2.865859509,-0.155159771,0.010995574,0.172263995,-7144,-2489,-2544,-76,349,-274,1
20:50.7,1.498770237,-10.23042393,3.454833031,0.064751714,-0.152716309,-0.147829384,-7260,-2538,-2558,100,-367,-283,1
20:50.8,1.165976286,-9.763554573,2.595314741,-0.299323976,-0.010995574,0.098960169,-7280,-2830,-2927,317,-313,293,1
20:51.0,0.684741676,-8.501810074,3.435679436,0.631634653,0.025656341,-0.408057988,-7180,-2862,-2878,326,79,346,1
20:51.2,1.944091797,-7.869740963,3.711012602,-0.112399206,-0.262672067,0.089186326,-7538,-2833,-2661,326,-401,-207,1
20:51.4,1.831564307,-9.366117477,2.027888775,0.135612085,-0.063529983,0.002443461,-6807,-3331,-2191,31,88,-471,1
20:51.5,1.132457376,-9.437943459,3.617638826,0.649960637,-0.146607652,0.012217305,-6833,-3410,-2577,-263,125,-15,1
20:51.6,-0.306457818,-9.835380554,2.296039343,-0.833220184,0.195476875,0.127059966,-7076,-3014,-2243,-6,194,-73,1
20:51.7,0.529118598,-9.236829758,4.467580318,1.226617455,-0.168598801,-0.693942904,-7434,-2966,-2188,-28,362,-56,1
20:51.8,0.1316811,-11.09233665,2.195482969,0.035430185,0.180816114,0.057421334,-7055,-2967,-2324,-72,-367,-25,1
20:51.9,1.079784989,-7.99663353,3.622427225,-0.792903066,-0.235793978,0.893085003,-7051,-3162,-2583,108,-90,331,1
20:52.0,0.306457818,-10.01255131,2.724601507,-0.218689755,0.028099801,-0.356745303,-7115,-3028,-2237,19,367,154,1
20:52.2,1.462857246,-9.220070839,2.588132143,0.425162196,-0.194255143,0.191811681,-7059,-2886,-2280,40,329,164,1
20:52.3,-0.179565132,-7.299921036,3.189076662,-0.469144523,0.05009095,0.043982297,-7216,-2796,-2275,-385,180,624,1
20:52.4,0.153228909,-8.973467827,3.45722723,0.461814135,0.179594383,-0.25167647,-7263,-2476,-2495,-608,139,-83,1
20:52.5,1.288080573,-10.19211674,2.200271368,0.519235432,-0.051312681,-0.296880513,-7478,-2532,-2487,-449,352,-297,1
20:52.6,1.462857246,-9.030928612,3.801992416,-0.263893783,-0.101403631,0.161268428,-6907,-2917,-2879,113,-37,-259,1
20:52.7,-0.696712673,-11.39400578,0.756567717,-0.392175496,-0.008552114,-0.036651913,-7293,-2542,-2913,-21,205,48,1
20:52.9,0.991199493,-9.677363396,2.932897091,0.416610092,0.07696902,0.265115529,-6826,-2825,-2844,-32,-307,-310,1
20:53.1,1.563413739,-9.093177795,3.464409828,0.425162196,-0.070860371,0.206472456,-7218,-2519,-2550,-274,-91,37,1
20:53.2,1.209071875,-10.84094524,2.573766708,0.156381503,-0.035430185,-0.185703039,-7056,-2467,-2936,-309,140,84,1
20:53.3,0.840364814,-8.4012537,3.849876404,-0.212581098,-0.045204028,0.405614525,-7045,-2467,-2708,-45,-6,72,1
20:53.6,-0.689530075,-5.355829239,4.525041103,1.549154282,0.112399206,-0.660956204,-6506,-3375,-2584,-360,-229,-2064,1
20:53.7,2.037465572,-11.26950741,0.620098233,-0.531452775,-0.172263995,0.55955255,-6377,-3680,-2515,-790,621,-1091,1
20:53.8,0.67037648,-10.46026707,2.475604534,0.017104227,-0.075747289,-0.22357668,-6559,-3496,-2482,-655,499,-651,1
20:54.1,0.825999558,-8.377311707,4.443638325,0.172263995,0.02321288,-0.384845108,-6849,-2908,-3090,-69,109,263,1
20:54.2,0.785298169,-10.9343195,1.862688899,0.702495039,-0.037873644,0.665843129,-6876,-3136,-2719,58,0,520,1
20:54.3,0.442927301,-9.03571701,3.823540211,-0.427605659,-0.109955743,0.127059966,-7233,-2903,-2909,228,282,-10,1
20:54.4,0.129286885,-10.64222622,2.068590164,-0.296880513,0.047647487,-0.256563395,-6910,-2849,-2734,92,-57,-98,1
20:54.5,2.734178305,-8.576030731,4.031835556,-0.146607652,0.162490159,-0.513126791,-6869,-2838,-3127,-62,-100,-35,1
20:54.6,0,-8.46589756,3.780444384,0.02321288,0.256563395,0.083077677,-7077,-2917,-2881,51,-126,306,1
20:54.7,0.998382092,-8.777143478,4.144362926,-0.051312681,0.062308256,0.091629788,-6854,-2828,-2897,52,21,63,1
20:54.9,-0.92895025,-6.998251438,3.67988801,1.010371089,0.05375614,-0.52656585,-7260,-2835,-2691,-292,38,8,1
20:55.0,0.026336219,-10.21605873,2.217030764,-0.954171538,0.234572262,0.581543684,-7107,-2833,-2905,1,-61,-275,1
20:55.1,1.240196466,-9.105149269,3.258508444,0.509461641,-0.289550126,-0.554665625,-6799,-2895,-2745,54,-368,86,1
20:55.2,0.141257897,-8.540117264,2.336740971,-0.00122173,0.168598801,0.030543262,-7288,-2911,-2929,-108,347,-285,1
20:55.3,1.027112484,-9.777919769,2.207453966,0.019547688,-0.135612085,-0.362853944,-7173,-2717,-2861,347,21,-65,1
20:55.4,-0.306457818,-9.442731857,2.020706177,-0.327423781,-0.008552114,0.081855945,-7268,-2868,-2869,98,43,-114,1
20:55.5,1.316810966,-9.399636269,4.201824188,0.037873644,-0.039095376,0.008552114,-7220,-2696,-2902,267,-333,-48,1
20:55.8,1.15161097,-10.37407589,1.912967205,0.095294975,0.063529983,0.117286131,-7292,-2801,-2656,611,-256,296,1
20:55.9,-0.246602774,-8.640673637,3.220201254,-0.486248732,-0.141720742,0.117286131,-7783,-2864,-2065,2155,-1225,703,1
20:56.1,0.282515794,-11.45386124,3.620033026,-0.05009095,0.041538838,-0.112399206,-7714,-2269,-1304,817,-1599,365,1
20:56.2,0.842759013,-9.066842079,2.734178305,0.229685336,0.017104227,-0.136833817,-7583,-2506,-1088,319,-407,-66,1
20:56.5,0.462080926,-9.133879662,2.023100376,-0.35430184,0.151494578,0.025656341,-8043,-2502,-511,719,-419,290,1
20:56.8,1.333570361,-7.898471355,4.702212334,0.687834263,-0.02687807,-0.089186326,-8018,-2634,-178,536,-376,97,1
20:56.9,-0.802057564,-9.224859238,2.056619167,-0.0842994,0.278554559,-0.009773844,-8296,-2184,36,243,-287,-101,1
20:57.0,1.953668594,-8.255207062,5.224148273,0.412944913,-0.183259577,-0.039095376,-7652,-2390,-173,343,-593,-595,1
20:57.1,-1.120486379,-9.375694275,4.414907932,-0.229685336,0.273667634,0.075747289,-8522,-2662,125,-371,-516,-1130,1
20:57.3,-0.069431849,-10.87207031,3.229778051,-0.547335267,0.028099801,0.073303826,-8472,-2505,-22,-259,-497,-1078,1
20:57.8,0.155623108,-10.3309803,2.573766708,0.146607652,0.061086524,-0.150272846,-8012,-3100,389,515,-59,-328,1
20:58.0,-0.292092621,-11.69806957,0.974440098,-0.2003638,0.058643065,-0.085521132,-7605,-3184,494,497,-99,18,1
20:58.2,0.548272192,-10.85770512,2.08295536,0.601091385,-0.072082102,-0.065973446,-8056,-2934,706,-51,62,105,1
20:58.6,1.357512355,-9.92636013,4.584896088,0.520457208,-0.015882496,0.014660766,-7612,-3076,721,25,-357,34,1
20:58.7,0.828393817,-7.965508938,1.534683347,-0.373849541,0.244346097,0.10751228,-7809,-2706,765,-340,-30,18,1
20:58.9,1.067813993,-10.26394272,1.726219416,-0.080634214,0.285884947,-0.095294975,-7907,-2814,888,-299,368,-227,1
20:59.1,0.466869324,-8.149862289,3.071760893,-1.000597239,0.295658767,0.007330383,-7945,-3329,463,-337,188,80,1
20:59.2,0.02873042,-10.00536919,1.944091797,1.203404546,-0.105068825,-0.458148926,-7990,-2725,752,-45,-201,294,1
20:59.5,0.55784899,-10.09634876,3.378218651,-0.654847562,0.012217305,0.5363397,-8031,-3139,778,122,312,-222,1
20:59.6,0.55784899,-10.09634876,3.378218651,-0.654847562,0.012217305,0.5363397,-8031,-3139,778,122,312,-222,1
21:00.0,0.703895271,-8.980650902,5.590460777,0.146607652,-1.343903542,0.085521132,-7081,-2729,-891,-5418,3514,-142,1
21:00.2,1.120486379,-9.184157372,3.873818398,0.521678925,-0.296880513,-0.37751472,-8001,-3422,-2065,-3499,2287,-620,1
21:00.3,1.024718285,-8.300697327,5.080495834,0.345749736,-0.004886922,-0.114842668,-7262,-2351,-2784,-659,528,64,1
21:00.4,1.082179189,-8.681375504,4.520252705,0.083077677,-0.056199603,-0.238237441,-7094,-2361,-3186,-856,516,118,1
21:00.5,0.644040287,-9.59835434,3.057395458,-0.796568274,0.024434609,0.496022582,-7276,-2375,-2996,-417,558,-36,1
21:00.7,0.548272192,-9.660603523,2.913743496,-0.392175496,0.238237441,0.364075691,-6879,-2031,-3345,62,-125,24,1
21:00.8,1.462857246,-9.370905876,3.098097086,0.101403631,-0.178372651,-0.288328409,-7237,-2308,-3066,-315,296,-257,1
21:00.9,0.380678058,-9.519346237,3.23456645,0.401949346,-0.00122173,-0.034208454,-7101,-1959,-3176,271,-103,269,1
21:01.3,0.512359142,-9.629479408,3.926490784,0.068416908,0.021991149,-0.357967019,-7100,-1997,-3176,68,-338,-95,1
21:01.4,1.213860273,-8.789113998,3.835511208,-0.346971452,0.018325957,0.365297407,-6912,-2332,-3000,203,52,-52,1
21:01.6,0.316034615,-9.167398453,2.889801502,-0.102625363,0.098960169,0.349414915,-7245,-2006,-2993,248,-109,-23,1
21:01.7,1.441309452,-8.671798706,4.666299343,0.891863286,-0.075747289,-0.394618958,-7059,-2154,-3144,-22,-44,259,1
21:01.8,0.248996973,-9.107542992,3.998316765,-0.382401645,0.194255143,0.397062421,-7146,-1999,-3111,-64,-284,-55,1
21:01.9,2.300827742,-7.841010571,5.597643375,0.805120409,0.101403631,-0.306654364,-7512,-2077,-2725,556,85,212,1
21:02.1,0.785298169,-8.595184326,4.161122322,0.262672067,0.06963864,-0.239459172,-7501,-1782,-2932,97,-136,-107,1
21:02.2,1.055842996,-8.698134422,4.596867085,0.946841121,-0.096516706,-0.43371433,-7147,-1997,-2909,-104,-313,99,1
21:02.4,1.759738207,-8.7843256,4.218583584,0.29810223,-0.129503429,-0.601091385,-7493,-2100,-2546,-287,-524,-270,1
21:02.5,0.035913024,-9.160215378,4.151545525,-0.085521132,0.18692477,0.351858377,-7477,-2140,-2527,-94,-57,-8,1
21:02.6,1.754949808,-8.856152534,3.964797974,0.131946892,-0.139277279,-0.216246292,-7119,-2367,-2821,-354,-332,18,1
21:02.7,0.766144514,-8.29830265,4.888959885,0.382401645,0.158824965,0.519235432,-7053,-2032,-2933,-113,-83,-92,1
21:02.8,-1.161187768,-9.466673851,4.367023945,-0.313984722,0.015882496,0.193033412,-7421,-1961,-2509,-307,-49,372,1
21:03.0,0.517147541,-10.66137981,2.45405674,-0.667064846,-0.167377084,-0.267558992,-7294,-2174,-2559,-169,-12,-620,1
21:03.1,0.787692368,-8.968679428,3.770867586,0.136833817,0.065973446,0.33108896,-7490,-1991,-2917,103,299,-33,1
21:03.3,-0.114921682,-9.289502144,3.660734415,-0.858876526,0.119729586,0.169820532,-7452,-2175,-2701,206,343,112,1
21:03.4,1.833958507,-7.438784599,4.438849926,0.682947338,0.112399206,0.368962616,-7431,-2023,-2928,-35,-159,66,1
21:03.7,-0.866701007,-9.390059471,1.391031146,-0.111177474,0.095294975,-0.075747289,-7138,-2349,-2478,-268,-68,-161,1
21:03.8,1.460463047,-10.09634876,3.12203908,0.113620937,0.052534413,0.5363397,-7484,-2410,-2823,31,259,-125,1
21:04.0,0.550666392,-10.22802925,3.062183857,0.257785141,-0.250454754,-0.434936047,-7461,-2023,-2253,-261,-361,7,1
21:04.1,1.034295082,-8.264783859,4.568136692,-0.415388376,0.328645498,-0.190589949,-7527,-2017,-2519,-170,-35,76,1
21:04.3,0.478840351,-10.10592556,3.849876404,0.129503429,0.013439035,0.024434609,-7378,-2010,-2685,-116,-21,-107,1
21:04.4,1.103726983,-6.856993675,4.941632271,0.098960169,-0.329867244,0.015882496,-7299,-2303,-2591,515,-218,-112,1
21:04.5,-0.098162271,-10.73799419,2.463633537,-0.448375076,0.301767439,0.040317107,-7460,-2488,-2634,916,-623,186,1
21:04.9,0.881066203,-8.667010307,3.830722809,-0.531452775,0.294437051,0.697608113,-7892,-1790,-1467,92,-580,-103,1
21:05.1,0.878672004,-9.119514465,4.082113743,0.156381503,0.133168623,-0.128281698,-7413,-1946,-1189,-622,-169,-785,1
21:05.2,0.052672438,-8.901641846,3.414131641,0.047647487,0.051312681,0.018325957,-7558,-2210,-1874,-642,176,-165,1
21:05.6,0.141257897,-8.652645111,2.67432332,-0.124616511,0.054977871,0.004886922,-7696,-2013,-1920,-347,287,39,1
21:05.8,-0.509964943,-8.990227699,3.502717018,-0.444709897,0.35430184,-0.141720742,-7360,-2367,-1780,329,282,60,1
21:06.1,1.369483352,-9.516951561,3.497928619,-0.386066824,0.039095376,0.42394048,-7712,-2307,-1723,8,65,101,1
21:06.3,0.454898328,-9.890447617,3.08133769,-0.436157793,0.075747289,0.163711891,-7419,-2038,-1732,11,-113,60,1
21:06.5,-1.11569798,-7.326257229,3.105279684,-0.409279704,0.218689755,-0.017104227,-7692,-2045,-1741,32,-371,-123,1
21:06.7,-0.325611442,-8.315062523,3.574543238,0.101403631,0.072082102,-0.097738437,-7948,-2023,-1762,-629,316,-770,1
21:06.8,-0.325611442,-8.315062523,3.574543238,0.101403631,0.072082102,-0.097738437,-7790,-2315,-2149,-533,248,-569,1
21:06.9,-0.900219858,-8.458714485,2.693476915,-0.290771842,0.199142069,0.241902635,-7446,-2518,-2035,-322,20,-838,1
21:07.0,1.352723956,-9.48343277,3.962403774,-0.019547688,-0.191811681,-0.636521578,-7429,-2518,-2017,-275,-119,-781,1
21:07.1,-0.912190855,-10.53209305,2.647987127,-0.742812157,0.180816114,0.196698606,-7367,-2238,-2095,-455,175,-613,1
21:07.2,1.616086125,-8.207323074,3.749319792,0.687834263,-0.02321288,0.07696902,-7355,-2623,-1761,-960,352,-884,1
21:07.3,-1.113303781,-8.621520042,2.928108692,-0.657290995,0.106290549,0.05009095,-7397,-2876,-2186,-908,735,-1061,1
21:07.6,1.505952835,-8.157045364,4.477157116,0.844215751,-0.074525557,0.216246292,-7122,-2554,-2724,-224,234,91,1
21:07.7,-0.785298169,-11.94467258,4.115632534,-0.316428185,0.1001819,0.117286131,-7468,-2537,-2942,94,629,183,1
21:07.8,1.180341482,-8.777143478,3.962403774,0.305432618,-0.059864793,-0.129503429,-7058,-2444,-2925,378,-120,149,1
21:07.9,0.825999558,-9.607931137,3.404554844,-0.151494578,-0.216246292,0.13072516,-7177,-2603,-2803,289,283,-81,1
21:08.0,-0.079008654,-7.754819393,3.79480958,-0.283441484,0.152716309,0.152716309,-7261,-2594,-2790,-104,-48,-41,1
21:08.1,0.454898328,-9.768342972,2.726995707,0.608421803,-0.119729586,-0.700051546,-7145,-2181,-2892,-225,216,226,1
21:08.2,-1.156399369,-9.485827446,3.586514235,-0.608421803,0.25167647,0.206472456,-7257,-2352,-2999,-149,233,53,1
21:08.5,0.957680702,-9.313444138,2.990357876,0.028099801,-0.094073251,-0.288328409,-7105,-2181,-3092,70,261,87,1
21:08.6,0.792480767,-8.688557625,3.79480958,-0.323758572,-0.185703039,-0.235793978,-7047,-2331,-3149,108,-74,-290,1
21:08.7,1.185129881,-9.090784073,4.034229755,0.09285152,0.268780708,0.368962616,-7238,-2282,-2742,7,71,240,1
21:08.8,-0.143652096,-8.875306129,4.201824188,0.042760566,0.239459172,-0.271224171,-7480,-1956,-2937,-30,-88,255,1
21:08.9,0.950498104,-8.566453934,3.660734415,0.032986723,-0.012217305,0.323758572,-7455,-2013,-2712,-22,109,265,1
21:09.0,0.193930343,-9.701305389,3.548206806,0.38728857,0.140499011,-0.412944913,-7498,-2105,-2762,336,-9,81,1
21:09.1,1.843535304,-8.513781548,3.830722809,0.304210901,-0.067195177,0.378736466,-7160,-2308,-2899,308,-171,-34,1
21:09.3,-0.258573771,-9.327810287,3.292027235,-1.178969979,0.241902635,-0.191811681,-7283,-2008,-2865,363,-293,-255,1
21:09.4,1.697489023,-9.277531624,5.240907669,0.327423781,0.064751714,0.345749736,-7133,-2244,-2889,92,87,-194,1
21:09.5,-1.26413846,-8.197746277,4.903325081,0.463035852,0.342084527,-0.109955743,-7149,-2339,-2528,-289,-326,-611,1
21:09.6,1.745373011,-8.798690796,2.738966703,0.481361806,-0.0842994,0.106290549,-6880,-2226,-2855,-233,-350,-842,1
21:09.7,0.885854602,-8.884882927,3.11964488,0.229685336,0.014660766,-0.208915919,-6904,-2687,-2929,-465,307,-873,1
21:09.8,0.610521436,-9.21528244,4.34787035,0.323758572,-0.075747289,-0.430049121,-7086,-2463,-2937,-484,224,-606,1
21:09.9,-0.016759412,-8.647856712,2.406172752,-0.190589949,0.279776275,0.089186326,-7053,-2633,-2765,-41,111,-56,1
21:10.2,1.26413846,-8.422801971,4.319139957,0.930958629,-0.243124366,-0.90408057,-7205,-2299,-2753,-85,268,-149,1
21:10.3,-0.785298169,-10.87685871,2.707842112,-1.143539786,0.141720742,0.620639086,-7521,-2299,-2539,266,43,324,1
21:10.6,1.802833915,-8.777143478,4.333505154,-0.43371433,-0.168598801,-0.399505883,-6802,-2450,-2554,-27,-259,38,1
21:10.7,0.59615624,-10.11071396,2.597708941,0.695164621,0.142942473,-0.101403631,-7285,-2594,-2839,-264,560,-75,1
21:10.9,0.656011283,-8.741230011,4.898536682,-0.063529983,-0.271224171,-0.102625363,-7295,-2653,-2560,-142,582,101,1
21:11.2,1.292868972,-8.331821442,4.90811348,0.193033412,-0.151494578,0.128281698,-6956,-2815,-2805,-9,-277,-132,1
21:11.5,0.59615624,-8.827422142,4.340687752,0.017104227,-0.054977871,-0.1001819,-6635,-3105,-2740,-172,448,103,1
21:11.6,1.142034173,-9.030928612,3.806780815,-0.018325957,0.073303826,0.140499011,-7214,-2776,-2971,90,332,167,1
21:11.7,0,-10.51054573,3.227383852,-0.13072516,0.102625363,0.207694188,-6897,-2925,-3079,83,-122,317,1
21:12.1,0.402225882,-9.677363396,3.15795207,0.299323976,0.174707457,-0.268780708,-7217,-2886,-2749,-77,-278,-58,1
21:12.2,0.957680702,-7.460332394,4.845864296,-0.646295428,0.078190751,0.346971452,-6600,-2938,-2715,-242,-582,-36,1
21:12.3,0.215478152,-9.3685112,3.464409828,0.621860802,-0.05375614,-0.401949346,-7051,-2462,-2743,49,57,155,1
21:12.4,0.588973641,-9.478644371,3.409343243,0.340862811,0.032986723,-0.163711891,-7061,-2634,-2738,-146,114,-82,1
21:12.5,0.603338838,-8.65743351,3.16034627,-0.607200027,0.007330383,0.2003638,-6799,-2517,-2760,-373,116,35,1
21:12.6,-0.735019922,-5.561730385,5.114014626,0.697608113,-0.037873644,-0.5363397,-7472,-2435,-2909,3,92,-101,1
21:12.7,-0.474051923,-7.953537941,4.963180065,-0.453262001,0.122173049,0.015882496,-7245,-2685,-2753,-82,-180,-17,1
21:13.0,1.675941229,-8.487444878,4.01507616,-0.0842994,0.119729586,-0.032986723,-7226,-2883,-2903,-209,373,-203,1
21:13.1,0.696712673,-8.616731644,3.861847401,0.42394048,-0.019547688,-0.305432618,-7155,-2559,-2928,94,-330,64,1
21:13.2,0.876277804,-8.856152534,3.818751812,-0.411723167,0.064751714,0.217468023,-6877,-2528,-2741,-80,-43,63,1
21:13.3,0.411802679,-8.626308441,4.168305397,0.463035852,-0.041538838,-0.144164205,-7043,-2919,-2868,-119,99,261,1
21:13.4,0.694318473,-8.789113998,4.493916512,-0.175929189,-0.020769419,-0.21013765,-7216,-2555,-2707,260,-73,-347,1
21:13.7,1.996764183,-8.018181801,4.465186119,0.188146502,-0.168598801,-0.106290549,-7046,-2890,-2861,-57,-88,175,1
21:14.1,1.039083481,-9.83777523,2.657563925,-0.00122173,0.086742863,-0.338419348,-7211,-2461,-2743,-53,280,-204,1
21:14.2,0.380678058,-9.363722801,3.05021286,-0.398284137,0.008552114,0.333532423,-6845,-2944,-2874,-37,-168,99,1
21:14.3,0.653617084,-8.152256966,5.590460777,0.63896507,0.090408057,-0.111177474,-7102,-2742,-2544,-265,19,15,1
21:14.4,-0.428562105,-8.717288017,2.516305923,-0.295658767,0.163711891,0.054977871,-7030,-2700,-2919,-85,125,29,1
21:14.5,2.37744236,-10.39801788,3.624821424,0.317649931,-0.125838235,0.17715092,-7434,-2897,-2538,-312,70,73,1
21:14.7,3.055001259,-9.44512558,3.737348795,0.025656341,-0.350636661,-0.041538838,-7214,-2771,-2540,116,-333,35,1
21:14.8,-0.490811348,-9.574412346,4.050989151,-0.454483747,0.273667634,0.373849541,-7105,-2769,-2443,79,-127,57,1
21:14.9,-1.242590666,-6.454767704,1.520318031,0.814894259,-0.127059966,-0.504574716,-6829,-2774,-2490,-60,-263,51,1
21:15.2,0.227449164,-9.56004715,3.064578056,-0.769690216,0.206472456,0.700051546,-7054,-2738,-2671,-102,-298,-98,1
21:15.3,1.831564307,-8.623914719,3.785232782,0.838107109,-0.118507855,-0.05375614,-7226,-2743,-2673,-117,-359,-115,1
21:15.4,1.333570361,-9.821015358,3.725377798,-0.217468023,-0.02321288,0.271224171,-7185,-2769,-2474,-120,-130,-58,1
21:15.7,1.472434044,-9.200917244,3.055001259,0.546113551,-0.075747289,-0.343306273,-7446,-2783,-2511,-370,55,63,1
21:15.8,0.749385118,-9.708487511,3.550601006,-0.32131511,0.017104227,0.510683358,-7183,-2735,-2502,92,-202,125,1
21:15.9,2.408566952,-10.44590187,3.220201254,0.757472932,-0.018325957,0.105068825,-7063,-2810,-2510,87,-286,-115,1
21:16.0,1.314416766,-8.844181061,2.990357876,-0.469144523,0.222354949,0.240680903,-7177,-2800,-2537,-89,-339,-81,1
21:16.1,0.720654726,-8.365341187,3.612850428,0.259006858,-0.211359382,-0.707381964,-7448,-2700,-2277,70,-332,-57,1
21:16.2,-1.778891921,-7.520187378,0.624886632,-0.580321968,-0.124616511,-0.252898216,-7152,-2941,-2277,76,-169,122,1
21:16.6,3.349488258,-10.21605873,2.473210335,-0.180816114,-0.271224171,0.78801614,-7454,-2792,-2604,-103,-330,-56,1
21:16.7,0.663193882,-9.813833237,2.717418909,-0.322536856,0.218689755,0.283441484,-7082,-2928,-2616,592,-17,308,1
21:16.8,0.213083953,-10.18253994,2.173935175,-1.747074604,0.172263995,0.27488935,-7197,-2785,-2284,213,-343,311,1
